State,Date,Year,Month Name,Diesel Price
Abia,01/06/2015,2015,June,139.8
Abia,01/07/2015,2015,July,139.6875
Abia,01/08/2015,2015,August,139.375
Abia,01/09/2015,2015,September,142.0833333
Abia,01/10/2015,2015,October,141.3333333
Abia,01/11/2015,2015,November,153.3333333
Abia,01/12/2015,2015,December,153.4375
Abia,01/01/2016,2016,January,152.5862069
Abia,01/02/2016,2016,February,146.7647059
Abia,01/03/2016,2016,March,141.25
Abia,01/04/2016,2016,April,144.4117647
Abia,01/05/2016,2016,May,141.875
Abia,01/06/2016,2016,June,179.4736842
Abia,01/07/2016,2016,July,201.25
Abia,01/08/2016,2016,August,190.3571429
Abia,01/09/2016,2016,September,195.2307692
Abia,01/10/2016,2016,October,190.3571429
Abia,01/11/2016,2016,November,192.7857143
Abia,01/12/2016,2016,December,202.1428571
Abia,01/01/2017,2017,January,237.5
Abia,01/02/2017,2017,February,248.0769231
Abia,01/03/2017,2017,March,225
Abia,01/04/2017,2017,April,241.25
Abia,01/05/2017,2017,May,216.1538462
Abia,01/06/2017,2017,June,202.6923077
Abia,01/07/2017,2017,July,185.3571429
Abia,01/08/2017,2017,August,175.8333333
Abia,01/09/2017,2017,September,184.4444444
Abia,01/10/2017,2017,October,200.8333333
Abia,01/11/2017,2017,November,191.11
Abia,01/12/2017,2017,December,193
Abia,01/01/2018,2018,January,190.5555556
Abia,01/02/2018,2018,February,190
Abia,01/03/2018,2018,March,185.8333333
Abia,01/04/2018,2018,April,193.8888889
Abia,01/05/2018,2018,May,202.2222222
Abia,01/06/2018,2018,June,203.3333333
Abia,01/07/2018,2018,July,202.8571429
Abia,01/08/2018,2018,August,212.0833333
Abia,01/09/2018,2018,September,215.5
Abia,01/10/2018,2018,October,207.6923077
Abia,01/11/2018,2018,November,213.3333333
Abia,01/12/2018,2018,December,229.5625
Abia,01/01/2019,2019,January,236.9444444
Abia,01/02/2019,2019,February,236.4166667
Abia,01/03/2019,2019,March,238.5714286
Abia,01/04/2019,2019,April,240.1
Abia,01/05/2019,2019,May,235
Abia,01/06/2019,2019,June,235.5555556
Abia,01/07/2019,2019,July,229.6153846
Abia,01/08/2019,2019,August,228.46
Abia,01/09/2019,2019,September,228.75
Abia,01/10/2019,2019,October,243.3333333
Abia,01/11/2019,2019,November,230
Abia,01/12/2019,2019,December,239.2307692
Abia,01/01/2020,2020,January,231.0714286
Abia,01/02/2020,2020,February,222.5
Abia,01/03/2020,2020,March,228.8888889
Abia,01/04/2020,2020,April,224.5833333
Abia,01/05/2020,2020,May,219.6428571
Abia,01/06/2020,2020,June,220
Abia,01/07/2020,2020,July,212.3076923
Abia,01/08/2020,2020,August,214.5833333
Abia,01/09/2020,2020,September,240.7142857
Abia,01/10/2020,2020,October,229.5833333
Abia,01/11/2020,2020,November,248.75
Abia,01/12/2020,2020,December,230
Abia,01/01/2021,2021,January,220
Abia,01/02/2021,2021,February,214.2857143
Abia,01/03/2021,2021,March,233.3333333
Abia,01/04/2021,2021,April,236
Abia,01/05/2021,2021,May,225
Abia,01/06/2021,2021,June,238.4615385
Abia,01/07/2021,2021,July,274.25
Abia,01/08/2021,2021,August,295.5833333
Abia,01/09/2021,2021,September,262.8571429
Abia,01/10/2021,2021,October,268
Abia,01/11/2021,2021,November,274.2857143
Abia,01/12/2021,2021,December,258.3333333
Abia,01/01/2022,2022,January,300.8333333
Abia,01/02/2022,2022,February,310.5
Abia,01/03/2022,2022,March,645
Abia,01/04/2022,2022,April,637.5
Abia,01/05/2022,2022,May,634.6153846
Abia,01/06/2022,2022,June,703.3333333
Abia,01/07/2022,2022,July,782.3076923
Abia,01/08/2022,2022,August,785.3333333
Abia,01/09/2022,2022,September,784.5833333
Abia,01/10/2022,2022,October,800
Abia,01/11/2022,2022,November,807
Abia,01/12/2022,2022,December,809.5
Abia,01/12/2023,2023,December,1080
Abia,01/01/2023,2023,January,1171.09
Abia,01/02/2023,2023,February,1320.94
Abia,01/03/2023,2023,March,1456.36
Abia,01/04/2023,2023,April,1473.51
Abuja,01/06/2015,2015,June,148
Abuja,01/07/2015,2015,July,137.5
Abuja,01/08/2015,2015,August,152
Abuja,01/09/2015,2015,September,157
Abuja,01/10/2015,2015,October,157.1428571
Abuja,01/11/2015,2015,November,157.5
Abuja,01/12/2015,2015,December,153.75
Abuja,01/01/2016,2016,January,158
Abuja,01/02/2016,2016,February,145
Abuja,01/03/2016,2016,March,160
Abuja,01/04/2016,2016,April,155
Abuja,01/05/2016,2016,May,142.2222222
Abuja,01/06/2016,2016,June,178.75
Abuja,01/07/2016,2016,July,204
Abuja,01/08/2016,2016,August,194
Abuja,01/09/2016,2016,September,189.5
Abuja,01/10/2016,2016,October,180
Abuja,01/11/2016,2016,November,182.5
Abuja,01/12/2016,2016,December,180
Abuja,01/01/2017,2017,January,198
Abuja,01/02/2017,2017,February,252
Abuja,01/03/2017,2017,March,255
Abuja,01/04/2017,2017,April,248
Abuja,01/05/2017,2017,May,208
Abuja,01/06/2017,2017,June,221.25
Abuja,01/07/2017,2017,July,185.12
Abuja,01/08/2017,2017,August,184.23
Abuja,01/09/2017,2017,September,183
Abuja,01/10/2017,2017,October,201.6666667
Abuja,01/11/2017,2017,November,193
Abuja,01/12/2017,2017,December,210.4166667
Abuja,01/01/2018,2018,January,207.5
Abuja,01/02/2018,2018,February,205.2
Abuja,01/03/2018,2018,March,201.25
Abuja,01/04/2018,2018,April,207.75
Abuja,01/05/2018,2018,May,183
Abuja,01/06/2018,2018,June,185.03
Abuja,01/07/2018,2018,July,184
Abuja,01/08/2018,2018,August,195
Abuja,01/09/2018,2018,September,205
Abuja,01/10/2018,2018,October,220
Abuja,01/11/2018,2018,November,208
Abuja,01/12/2018,2018,December,224
Abuja,01/01/2019,2019,January,232
Abuja,01/02/2019,2019,February,231.25
Abuja,01/03/2019,2019,March,229
Abuja,01/04/2019,2019,April,231.05
Abuja,01/05/2019,2019,May,230
Abuja,01/06/2019,2019,June,239
Abuja,01/07/2019,2019,July,228.75
Abuja,01/08/2019,2019,August,218.75
Abuja,01/09/2019,2019,September,218.75
Abuja,01/10/2019,2019,October,225
Abuja,01/11/2019,2019,November,223
Abuja,01/12/2019,2019,December,231.25
Abuja,01/01/2020,2020,January,231
Abuja,01/02/2020,2020,February,231.25
Abuja,01/03/2020,2020,March,217
Abuja,01/04/2020,2020,April,217
Abuja,01/05/2020,2020,May,225.7947152
Abuja,01/06/2020,2020,June,229
Abuja,01/07/2020,2020,July,235
Abuja,01/08/2020,2020,August,227
Abuja,01/09/2020,2020,September,234
Abuja,01/10/2020,2020,October,232
Abuja,01/11/2020,2020,November,237
Abuja,01/12/2020,2020,December,225
Abuja,01/01/2021,2021,January,242
Abuja,01/02/2021,2021,February,246
Abuja,01/03/2021,2021,March,239
Abuja,01/04/2021,2021,April,238.3333333
Abuja,01/05/2021,2021,May,255
Abuja,01/06/2021,2021,June,246
Abuja,01/07/2021,2021,July,251
Abuja,01/08/2021,2021,August,250
Abuja,01/09/2021,2021,September,280
Abuja,01/10/2021,2021,October,267
Abuja,01/11/2021,2021,November,301
Abuja,01/12/2021,2021,December,277.5
Abuja,01/01/2022,2022,January,286.25
Abuja,01/02/2022,2022,February,305.5
Abuja,01/03/2022,2022,March,525
Abuja,01/04/2022,2022,April,706
Abuja,01/05/2022,2022,May,705
Abuja,01/06/2022,2022,June,745
Abuja,01/07/2022,2022,July,800
Abuja,01/08/2022,2022,August,845
Abuja,01/09/2022,2022,September,816
Abuja,01/10/2022,2022,October,818
Abuja,01/11/2022,2022,November,820
Abuja,01/12/2022,2022,December,821.6666667
Abuja,01/12/2023,2023,December,1090
Abuja,01/01/2023,2023,January,1226.7
Abuja,01/02/2023,2023,February,1275
Abuja,01/03/2023,2023,March,1338
Abuja,01/04/2023,2023,April,1360
Adamawa,01/06/2015,2015,June,145
Adamawa,01/07/2015,2015,July,148.6542854
Adamawa,01/08/2015,2015,August,150
Adamawa,01/09/2015,2015,September,160.4541663
Adamawa,01/10/2015,2015,October,135
Adamawa,01/11/2015,2015,November,145
Adamawa,01/12/2015,2015,December,145
Adamawa,01/01/2016,2016,January,147
Adamawa,01/02/2016,2016,February,145
Adamawa,01/03/2016,2016,March,147.1803517
Adamawa,01/04/2016,2016,April,132.5
Adamawa,01/05/2016,2016,May,145
Adamawa,01/06/2016,2016,June,180
Adamawa,01/07/2016,2016,July,205
Adamawa,01/08/2016,2016,August,190
Adamawa,01/09/2016,2016,September,193.75
Adamawa,01/10/2016,2016,October,180
Adamawa,01/11/2016,2016,November,193.5
Adamawa,01/12/2016,2016,December,185
Adamawa,01/01/2017,2017,January,182.5
Adamawa,01/02/2017,2017,February,280
Adamawa,01/03/2017,2017,March,250
Adamawa,01/04/2017,2017,April,252.5
Adamawa,01/05/2017,2017,May,236.6666667
Adamawa,01/06/2017,2017,June,227.5
Adamawa,01/07/2017,2017,July,230
Adamawa,01/08/2017,2017,August,190
Adamawa,01/09/2017,2017,September,175
Adamawa,01/10/2017,2017,October,217.5
Adamawa,01/11/2017,2017,November,210.85
Adamawa,01/12/2017,2017,December,235
Adamawa,01/01/2018,2018,January,245
Adamawa,01/02/2018,2018,February,220
Adamawa,01/03/2018,2018,March,200
Adamawa,01/04/2018,2018,April,227.5
Adamawa,01/05/2018,2018,May,186.6666667
Adamawa,01/06/2018,2018,June,180
Adamawa,01/07/2018,2018,July,180.35
Adamawa,01/08/2018,2018,August,185
Adamawa,01/09/2018,2018,September,201.25
Adamawa,01/10/2018,2018,October,215
Adamawa,01/11/2018,2018,November,222
Adamawa,01/12/2018,2018,December,217.5
Adamawa,01/01/2019,2019,January,197.5
Adamawa,01/02/2019,2019,February,204.375
Adamawa,01/03/2019,2019,March,226.25
Adamawa,01/04/2019,2019,April,224.5
Adamawa,01/05/2019,2019,May,245.625
Adamawa,01/06/2019,2019,June,210
Adamawa,01/07/2019,2019,July,220
Adamawa,01/08/2019,2019,August,235.62
Adamawa,01/09/2019,2019,September,225.1670446
Adamawa,01/10/2019,2019,October,206.6666667
Adamawa,01/11/2019,2019,November,219.2179774
Adamawa,01/12/2019,2019,December,233.3333333
Adamawa,01/01/2020,2020,January,231.1111111
Adamawa,01/02/2020,2020,February,228.3333333
Adamawa,01/03/2020,2020,March,226.6666667
Adamawa,01/04/2020,2020,April,225.283346
Adamawa,01/05/2020,2020,May,220.8571429
Adamawa,01/06/2020,2020,June,246
Adamawa,01/07/2020,2020,July,236.3261353
Adamawa,01/08/2020,2020,August,246
Adamawa,01/09/2020,2020,September,243.310899
Adamawa,01/10/2020,2020,October,225
Adamawa,01/11/2020,2020,November,237.5
Adamawa,01/12/2020,2020,December,262.5
Adamawa,01/01/2021,2021,January,268.3333333
Adamawa,01/02/2021,2021,February,263.3333333
Adamawa,01/03/2021,2021,March,241.2648028
Adamawa,01/04/2021,2021,April,235
Adamawa,01/05/2021,2021,May,242.4285714
Adamawa,01/06/2021,2021,June,256
Adamawa,01/07/2021,2021,July,275
Adamawa,01/08/2021,2021,August,261.25
Adamawa,01/09/2021,2021,September,270
Adamawa,01/10/2021,2021,October,250.5
Adamawa,01/11/2021,2021,November,285
Adamawa,01/12/2021,2021,December,282.5
Adamawa,01/01/2022,2022,January,282.5
Adamawa,01/02/2022,2022,February,307.3333333
Adamawa,01/03/2022,2022,March,544
Adamawa,01/04/2022,2022,April,686.6666667
Adamawa,01/05/2022,2022,May,700
Adamawa,01/06/2022,2022,June,766.6666667
Adamawa,01/07/2022,2022,July,775
Adamawa,01/08/2022,2022,August,790
Adamawa,01/09/2022,2022,September,733.3333333
Adamawa,01/10/2022,2022,October,783.3333333
Adamawa,01/11/2022,2022,November,792.5
Adamawa,01/12/2022,2022,December,833.3333333
Adamawa,01/12/2023,2023,December,1200
Adamawa,01/01/2023,2023,January,1100
Adamawa,01/02/2023,2023,February,1037.5
Adamawa,01/03/2023,2023,March,1175
Adamawa,01/04/2023,2023,April,1257.5
Akwa Ibom,01/06/2015,2015,June,148
Akwa Ibom,01/07/2015,2015,July,141.25
Akwa Ibom,01/08/2015,2015,August,150
Akwa Ibom,01/09/2015,2015,September,142
Akwa Ibom,01/10/2015,2015,October,130
Akwa Ibom,01/11/2015,2015,November,162.7037933
Akwa Ibom,01/12/2015,2015,December,150
Akwa Ibom,01/01/2016,2016,January,156.25
Akwa Ibom,01/02/2016,2016,February,140
Akwa Ibom,01/03/2016,2016,March,141
Akwa Ibom,01/04/2016,2016,April,141.6666667
Akwa Ibom,01/05/2016,2016,May,145
Akwa Ibom,01/06/2016,2016,June,181.4285714
Akwa Ibom,01/07/2016,2016,July,202.5
Akwa Ibom,01/08/2016,2016,August,192
Akwa Ibom,01/09/2016,2016,September,200
Akwa Ibom,01/10/2016,2016,October,188.5714286
Akwa Ibom,01/11/2016,2016,November,197.5
Akwa Ibom,01/12/2016,2016,December,199.5454545
Akwa Ibom,01/01/2017,2017,January,207.5
Akwa Ibom,01/02/2017,2017,February,260
Akwa Ibom,01/03/2017,2017,March,216.25
Akwa Ibom,01/04/2017,2017,April,231.4285714
Akwa Ibom,01/05/2017,2017,May,208.3333333
Akwa Ibom,01/06/2017,2017,June,207.7272727
Akwa Ibom,01/07/2017,2017,July,189.5454545
Akwa Ibom,01/08/2017,2017,August,180.4545455
Akwa Ibom,01/09/2017,2017,September,180
Akwa Ibom,01/10/2017,2017,October,193
Akwa Ibom,01/11/2017,2017,November,185
Akwa Ibom,01/12/2017,2017,December,187.7777778
Akwa Ibom,01/01/2018,2018,January,228.1818182
Akwa Ibom,01/02/2018,2018,February,202.2222222
Akwa Ibom,01/03/2018,2018,March,200
Akwa Ibom,01/04/2018,2018,April,202.7272727
Akwa Ibom,01/05/2018,2018,May,222.2222222
Akwa Ibom,01/06/2018,2018,June,207.5
Akwa Ibom,01/07/2018,2018,July,208.1818182
Akwa Ibom,01/08/2018,2018,August,210.8333333
Akwa Ibom,01/09/2018,2018,September,210.0293404
Akwa Ibom,01/10/2018,2018,October,210
Akwa Ibom,01/11/2018,2018,November,219
Akwa Ibom,01/12/2018,2018,December,211
Akwa Ibom,01/01/2019,2019,January,227.2727273
Akwa Ibom,01/02/2019,2019,February,215
Akwa Ibom,01/03/2019,2019,March,223
Akwa Ibom,01/04/2019,2019,April,226.2
Akwa Ibom,01/05/2019,2019,May,230
Akwa Ibom,01/06/2019,2019,June,222
Akwa Ibom,01/07/2019,2019,July,219.8333333
Akwa Ibom,01/08/2019,2019,August,233.33
Akwa Ibom,01/09/2019,2019,September,232.5
Akwa Ibom,01/10/2019,2019,October,230
Akwa Ibom,01/11/2019,2019,November,218.1818182
Akwa Ibom,01/12/2019,2019,December,217.7272727
Akwa Ibom,01/01/2020,2020,January,228.75
Akwa Ibom,01/02/2020,2020,February,223.1818182
Akwa Ibom,01/03/2020,2020,March,236.6666667
Akwa Ibom,01/04/2020,2020,April,230.5555556
Akwa Ibom,01/05/2020,2020,May,226.25
Akwa Ibom,01/06/2020,2020,June,235.3846154
Akwa Ibom,01/07/2020,2020,July,232.7272727
Akwa Ibom,01/08/2020,2020,August,231.6666667
Akwa Ibom,01/09/2020,2020,September,230.4166667
Akwa Ibom,01/10/2020,2020,October,225
Akwa Ibom,01/11/2020,2020,November,231.6666667
Akwa Ibom,01/12/2020,2020,December,238.6363636
Akwa Ibom,01/01/2021,2021,January,236.5
Akwa Ibom,01/02/2021,2021,February,242
Akwa Ibom,01/03/2021,2021,March,244.4444444
Akwa Ibom,01/04/2021,2021,April,246.6666667
Akwa Ibom,01/05/2021,2021,May,251.6666667
Akwa Ibom,01/06/2021,2021,June,253.6363636
Akwa Ibom,01/07/2021,2021,July,245
Akwa Ibom,01/08/2021,2021,August,264.5454545
Akwa Ibom,01/09/2021,2021,September,266.6666667
Akwa Ibom,01/10/2021,2021,October,260
Akwa Ibom,01/11/2021,2021,November,272.7272727
Akwa Ibom,01/12/2021,2021,December,281.8181818
Akwa Ibom,01/01/2022,2022,January,292
Akwa Ibom,01/02/2022,2022,February,310
Akwa Ibom,01/03/2022,2022,March,570
Akwa Ibom,01/04/2022,2022,April,703
Akwa Ibom,01/05/2022,2022,May,702.2
Akwa Ibom,01/06/2022,2022,June,709
Akwa Ibom,01/07/2022,2022,July,726.6666667
Akwa Ibom,01/08/2022,2022,August,731.8181818
Akwa Ibom,01/09/2022,2022,September,732.7777778
Akwa Ibom,01/10/2022,2022,October,748.1818182
Akwa Ibom,01/11/2022,2022,November,750
Akwa Ibom,01/12/2022,2022,December,773.75
Akwa Ibom,01/12/2023,2023,December,1088.89
Akwa Ibom,01/01/2023,2023,January,1123
Akwa Ibom,01/02/2023,2023,February,1525
Akwa Ibom,01/03/2023,2023,March,1394.44
Akwa Ibom,01/04/2023,2023,April,1450
Anambra,01/06/2015,2015,June,145.1608996
Anambra,01/07/2015,2015,July,129.6428571
Anambra,01/08/2015,2015,August,138.8461538
Anambra,01/09/2015,2015,September,135
Anambra,01/10/2015,2015,October,135
Anambra,01/11/2015,2015,November,149
Anambra,01/12/2015,2015,December,150.3333333
Anambra,01/01/2016,2016,January,146.9230769
Anambra,01/02/2016,2016,February,133.3333333
Anambra,01/03/2016,2016,March,126
Anambra,01/04/2016,2016,April,130.6666667
Anambra,01/05/2016,2016,May,130.6666667
Anambra,01/06/2016,2016,June,177.6666667
Anambra,01/07/2016,2016,July,200
Anambra,01/08/2016,2016,August,192.5
Anambra,01/09/2016,2016,September,185
Anambra,01/10/2016,2016,October,183.6666667
Anambra,01/11/2016,2016,November,190.1538462
Anambra,01/12/2016,2016,December,191.7857143
Anambra,01/01/2017,2017,January,235.4545455
Anambra,01/02/2017,2017,February,249.5454545
Anambra,01/03/2017,2017,March,237.2727273
Anambra,01/04/2017,2017,April,225.4545455
Anambra,01/05/2017,2017,May,200.5555556
Anambra,01/06/2017,2017,June,184.1666667
Anambra,01/07/2017,2017,July,185
Anambra,01/08/2017,2017,August,199.6666667
Anambra,01/09/2017,2017,September,178
Anambra,01/10/2017,2017,October,208.4615385
Anambra,01/11/2017,2017,November,193
Anambra,01/12/2017,2017,December,192.4310641
Anambra,01/01/2018,2018,January,200.0666667
Anambra,01/02/2018,2018,February,197.6666667
Anambra,01/03/2018,2018,March,194.2857143
Anambra,01/04/2018,2018,April,207.3333333
Anambra,01/05/2018,2018,May,208
Anambra,01/06/2018,2018,June,211.5384615
Anambra,01/07/2018,2018,July,203.0769231
Anambra,01/08/2018,2018,August,217.5
Anambra,01/09/2018,2018,September,211.6666667
Anambra,01/10/2018,2018,October,220.4545455
Anambra,01/11/2018,2018,November,225
Anambra,01/12/2018,2018,December,239.4117647
Anambra,01/01/2019,2019,January,236.5
Anambra,01/02/2019,2019,February,231.3333333
Anambra,01/03/2019,2019,March,231.4285714
Anambra,01/04/2019,2019,April,238.15
Anambra,01/05/2019,2019,May,230
Anambra,01/06/2019,2019,June,220.4545455
Anambra,01/07/2019,2019,July,230.0769231
Anambra,01/08/2019,2019,August,227.72
Anambra,01/09/2019,2019,September,225
Anambra,01/10/2019,2019,October,228.4615385
Anambra,01/11/2019,2019,November,221.6666667
Anambra,01/12/2019,2019,December,237
Anambra,01/01/2020,2020,January,225
Anambra,01/02/2020,2020,February,223.2352941
Anambra,01/03/2020,2020,March,223.3333333
Anambra,01/04/2020,2020,April,221.4285714
Anambra,01/05/2020,2020,May,214.6153846
Anambra,01/06/2020,2020,June,220.9375
Anambra,01/07/2020,2020,July,211.25
Anambra,01/08/2020,2020,August,213.7364705
Anambra,01/09/2020,2020,September,206.3636364
Anambra,01/10/2020,2020,October,193.3333333
Anambra,01/11/2020,2020,November,211.0714286
Anambra,01/12/2020,2020,December,203.75
Anambra,01/01/2021,2021,January,195.8333333
Anambra,01/02/2021,2021,February,212.1428571
Anambra,01/03/2021,2021,March,233.4615385
Anambra,01/04/2021,2021,April,211.9230769
Anambra,01/05/2021,2021,May,228.4615385
Anambra,01/06/2021,2021,June,238.3333333
Anambra,01/07/2021,2021,July,233.6666667
Anambra,01/08/2021,2021,August,214.6944117
Anambra,01/09/2021,2021,September,265.3846154
Anambra,01/10/2021,2021,October,247.8571429
Anambra,01/11/2021,2021,November,284.5833333
Anambra,01/12/2021,2021,December,311.25
Anambra,01/01/2022,2022,January,305
Anambra,01/02/2022,2022,February,310.3333333
Anambra,01/03/2022,2022,March,583
Anambra,01/04/2022,2022,April,606.0714286
Anambra,01/05/2022,2022,May,642
Anambra,01/06/2022,2022,June,713.5714286
Anambra,01/07/2022,2022,July,812.6666667
Anambra,01/08/2022,2022,August,826.0869565
Anambra,01/09/2022,2022,September,792.6666667
Anambra,01/10/2022,2022,October,783.3333333
Anambra,01/11/2022,2022,November,784
Anambra,01/12/2022,2022,December,820
Anambra,01/12/2023,2023,December,1136.67
Anambra,01/01/2023,2023,January,1186.67
Anambra,01/02/2023,2023,February,1282.98
Anambra,01/03/2023,2023,March,1419.99
Anambra,01/04/2023,2023,April,1508.04
Bauchi,01/06/2015,2015,June,135
Bauchi,01/07/2015,2015,July,161.4285714
Bauchi,01/08/2015,2015,August,149.375
Bauchi,01/09/2015,2015,September,151.3333333
Bauchi,01/10/2015,2015,October,143.3333333
Bauchi,01/11/2015,2015,November,169
Bauchi,01/12/2015,2015,December,170
Bauchi,01/01/2016,2016,January,178
Bauchi,01/02/2016,2016,February,152.5
Bauchi,01/03/2016,2016,March,145
Bauchi,01/04/2016,2016,April,157
Bauchi,01/05/2016,2016,May,135
Bauchi,01/06/2016,2016,June,185.7142857
Bauchi,01/07/2016,2016,July,205
Bauchi,01/08/2016,2016,August,192.1428571
Bauchi,01/09/2016,2016,September,198.3333333
Bauchi,01/10/2016,2016,October,181.6666667
Bauchi,01/11/2016,2016,November,187
Bauchi,01/12/2016,2016,December,185.8333333
Bauchi,01/01/2017,2017,January,232.5
Bauchi,01/02/2017,2017,February,226
Bauchi,01/03/2017,2017,March,253
Bauchi,01/04/2017,2017,April,228.3333333
Bauchi,01/05/2017,2017,May,211.6666667
Bauchi,01/06/2017,2017,June,212.5
Bauchi,01/07/2017,2017,July,187.8333333
Bauchi,01/08/2017,2017,August,195
Bauchi,01/09/2017,2017,September,188.5714286
Bauchi,01/10/2017,2017,October,207.5
Bauchi,01/11/2017,2017,November,212
Bauchi,01/12/2017,2017,December,202.5
Bauchi,01/01/2018,2018,January,218.5714286
Bauchi,01/02/2018,2018,February,217.8571429
Bauchi,01/03/2018,2018,March,211.8571429
Bauchi,01/04/2018,2018,April,198.3333333
Bauchi,01/05/2018,2018,May,206
Bauchi,01/06/2018,2018,June,209.1666667
Bauchi,01/07/2018,2018,July,207.5
Bauchi,01/08/2018,2018,August,211.25
Bauchi,01/09/2018,2018,September,215
Bauchi,01/10/2018,2018,October,218.5714286
Bauchi,01/11/2018,2018,November,225
Bauchi,01/12/2018,2018,December,207.5
Bauchi,01/01/2019,2019,January,214
Bauchi,01/02/2019,2019,February,220
Bauchi,01/03/2019,2019,March,229.2857143
Bauchi,01/04/2019,2019,April,233.1
Bauchi,01/05/2019,2019,May,218
Bauchi,01/06/2019,2019,June,220
Bauchi,01/07/2019,2019,July,228.75
Bauchi,01/08/2019,2019,August,231.25
Bauchi,01/09/2019,2019,September,215.7142857
Bauchi,01/10/2019,2019,October,195
Bauchi,01/11/2019,2019,November,219.5411779
Bauchi,01/12/2019,2019,December,217.0588235
Bauchi,01/01/2020,2020,January,216.2142857
Bauchi,01/02/2020,2020,February,222
Bauchi,01/03/2020,2020,March,232
Bauchi,01/04/2020,2020,April,224.375
Bauchi,01/05/2020,2020,May,231.4285714
Bauchi,01/06/2020,2020,June,228.8888889
Bauchi,01/07/2020,2020,July,240
Bauchi,01/08/2020,2020,August,231.25
Bauchi,01/09/2020,2020,September,223.3333333
Bauchi,01/10/2020,2020,October,242
Bauchi,01/11/2020,2020,November,231.4285714
Bauchi,01/12/2020,2020,December,227.5555556
Bauchi,01/01/2021,2021,January,232
Bauchi,01/02/2021,2021,February,237
Bauchi,01/03/2021,2021,March,257.5
Bauchi,01/04/2021,2021,April,244.75
Bauchi,01/05/2021,2021,May,258
Bauchi,01/06/2021,2021,June,256.4285714
Bauchi,01/07/2021,2021,July,263
Bauchi,01/08/2021,2021,August,261.25
Bauchi,01/09/2021,2021,September,245
Bauchi,01/10/2021,2021,October,252.5
Bauchi,01/11/2021,2021,November,296.875
Bauchi,01/12/2021,2021,December,280
Bauchi,01/01/2022,2022,January,247.5
Bauchi,01/02/2022,2022,February,275
Bauchi,01/03/2022,2022,March,408
Bauchi,01/04/2022,2022,April,550
Bauchi,01/05/2022,2022,May,570
Bauchi,01/06/2022,2022,June,650
Bauchi,01/07/2022,2022,July,750
Bauchi,01/08/2022,2022,August,800
Bauchi,01/09/2022,2022,September,832.5
Bauchi,01/10/2022,2022,October,857.5
Bauchi,01/11/2022,2022,November,858.6666667
Bauchi,01/12/2022,2022,December,860
Bauchi,01/12/2023,2023,December,985
Bauchi,01/01/2023,2023,January,1050
Bauchi,01/02/2023,2023,February,1250
Bauchi,01/03/2023,2023,March,1457.5
Bauchi,01/04/2023,2023,April,1669.63
Bayelsa,01/06/2015,2015,June,198.3333333
Bayelsa,01/07/2015,2015,July,136.875
Bayelsa,01/08/2015,2015,August,177.5
Bayelsa,01/09/2015,2015,September,172.8571429
Bayelsa,01/10/2015,2015,October,148.5714286
Bayelsa,01/11/2015,2015,November,163.5229443
Bayelsa,01/12/2015,2015,December,193.3333333
Bayelsa,01/01/2016,2016,January,180
Bayelsa,01/02/2016,2016,February,160
Bayelsa,01/03/2016,2016,March,188.5714286
Bayelsa,01/04/2016,2016,April,174.2857143
Bayelsa,01/05/2016,2016,May,150
Bayelsa,01/06/2016,2016,June,192.5
Bayelsa,01/07/2016,2016,July,200.625
Bayelsa,01/08/2016,2016,August,192.875
Bayelsa,01/09/2016,2016,September,186.6666667
Bayelsa,01/10/2016,2016,October,189.55
Bayelsa,01/11/2016,2016,November,202.8571429
Bayelsa,01/12/2016,2016,December,203.75
Bayelsa,01/01/2017,2017,January,210
Bayelsa,01/02/2017,2017,February,250
Bayelsa,01/03/2017,2017,March,205.5555556
Bayelsa,01/04/2017,2017,April,208.5714286
Bayelsa,01/05/2017,2017,May,210.8333333
Bayelsa,01/06/2017,2017,June,202.7272727
Bayelsa,01/07/2017,2017,July,188.5
Bayelsa,01/08/2017,2017,August,184.0909091
Bayelsa,01/09/2017,2017,September,192.5
Bayelsa,01/10/2017,2017,October,195.5555556
Bayelsa,01/11/2017,2017,November,175.71
Bayelsa,01/12/2017,2017,December,184
Bayelsa,01/01/2018,2018,January,181.6666667
Bayelsa,01/02/2018,2018,February,207.2222222
Bayelsa,01/03/2018,2018,March,187.5
Bayelsa,01/04/2018,2018,April,188.3333333
Bayelsa,01/05/2018,2018,May,190.4545455
Bayelsa,01/06/2018,2018,June,190.1666667
Bayelsa,01/07/2018,2018,July,190.5454545
Bayelsa,01/08/2018,2018,August,198.8888889
Bayelsa,01/09/2018,2018,September,204.5
Bayelsa,01/10/2018,2018,October,189.4444444
Bayelsa,01/11/2018,2018,November,196.8181818
Bayelsa,01/12/2018,2018,December,200
Bayelsa,01/01/2019,2019,January,212.9166667
Bayelsa,01/02/2019,2019,February,219.75
Bayelsa,01/03/2019,2019,March,220.1666667
Bayelsa,01/04/2019,2019,April,225.05
Bayelsa,01/05/2019,2019,May,222.7272727
Bayelsa,01/06/2019,2019,June,204.1666667
Bayelsa,01/07/2019,2019,July,195
Bayelsa,01/08/2019,2019,August,209.64
Bayelsa,01/09/2019,2019,September,208.3333333
Bayelsa,01/10/2019,2019,October,214.6153846
Bayelsa,01/11/2019,2019,November,210
Bayelsa,01/12/2019,2019,December,209.1666667
Bayelsa,01/01/2020,2020,January,220.4545455
Bayelsa,01/02/2020,2020,February,217.2727273
Bayelsa,01/03/2020,2020,March,208.6363636
Bayelsa,01/04/2020,2020,April,186.9230769
Bayelsa,01/05/2020,2020,May,208.6802261
Bayelsa,01/06/2020,2020,June,210.6923077
Bayelsa,01/07/2020,2020,July,219.3636364
Bayelsa,01/08/2020,2020,August,218.9411578
Bayelsa,01/09/2020,2020,September,211.5384615
Bayelsa,01/10/2020,2020,October,219.3636364
Bayelsa,01/11/2020,2020,November,207.7777778
Bayelsa,01/12/2020,2020,December,210.8333333
Bayelsa,01/01/2021,2021,January,212.2727273
Bayelsa,01/02/2021,2021,February,210.9090909
Bayelsa,01/03/2021,2021,March,239.1666667
Bayelsa,01/04/2021,2021,April,245.6666667
Bayelsa,01/05/2021,2021,May,228.0769231
Bayelsa,01/06/2021,2021,June,234.6153846
Bayelsa,01/07/2021,2021,July,242.9166667
Bayelsa,01/08/2021,2021,August,237.9166667
Bayelsa,01/09/2021,2021,September,241.0714286
Bayelsa,01/10/2021,2021,October,248.75
Bayelsa,01/11/2021,2021,November,273.8461538
Bayelsa,01/12/2021,2021,December,317.3333333
Bayelsa,01/01/2022,2022,January,274.6428571
Bayelsa,01/02/2022,2022,February,300
Bayelsa,01/03/2022,2022,March,485.6666667
Bayelsa,01/04/2022,2022,April,643
Bayelsa,01/05/2022,2022,May,678.3333333
Bayelsa,01/06/2022,2022,June,722.1428571
Bayelsa,01/07/2022,2022,July,756.1538462
Bayelsa,01/08/2022,2022,August,760.1111111
Bayelsa,01/09/2022,2022,September,726.6666667
Bayelsa,01/10/2022,2022,October,780.3333333
Bayelsa,01/11/2022,2022,November,785.7142857
Bayelsa,01/12/2022,2022,December,788.8888889
Bayelsa,01/12/2023,2023,December,935
Bayelsa,01/01/2023,2023,January,1154
Bayelsa,01/02/2023,2023,February,1225.2
Bayelsa,01/03/2023,2023,March,1400
Bayelsa,01/04/2023,2023,April,1570
Benue,01/06/2015,2015,June,225
Benue,01/07/2015,2015,July,158.75
Benue,01/08/2015,2015,August,193.3333333
Benue,01/09/2015,2015,September,205
Benue,01/10/2015,2015,October,151.8571429
Benue,01/11/2015,2015,November,156
Benue,01/12/2015,2015,December,160.8333333
Benue,01/01/2016,2016,January,160
Benue,01/02/2016,2016,February,152
Benue,01/03/2016,2016,March,135
Benue,01/04/2016,2016,April,167
Benue,01/05/2016,2016,May,150
Benue,01/06/2016,2016,June,166.6666667
Benue,01/07/2016,2016,July,202.8571429
Benue,01/08/2016,2016,August,210
Benue,01/09/2016,2016,September,210
Benue,01/10/2016,2016,October,189.1666667
Benue,01/11/2016,2016,November,202.1428571
Benue,01/12/2016,2016,December,190
Benue,01/01/2017,2017,January,254.1666667
Benue,01/02/2017,2017,February,255.7142857
Benue,01/03/2017,2017,March,246
Benue,01/04/2017,2017,April,245.35
Benue,01/05/2017,2017,May,231.4285714
Benue,01/06/2017,2017,June,213.3333333
Benue,01/07/2017,2017,July,213
Benue,01/08/2017,2017,August,213.3333333
Benue,01/09/2017,2017,September,186.25
Benue,01/10/2017,2017,October,193.3333333
Benue,01/11/2017,2017,November,210.83
Benue,01/12/2017,2017,December,192.5
Benue,01/01/2018,2018,January,200
Benue,01/02/2018,2018,February,202.125
Benue,01/03/2018,2018,March,213.6363636
Benue,01/04/2018,2018,April,205
Benue,01/05/2018,2018,May,207.5
Benue,01/06/2018,2018,June,200
Benue,01/07/2018,2018,July,206
Benue,01/08/2018,2018,August,218
Benue,01/09/2018,2018,September,206.4459463
Benue,01/10/2018,2018,October,228.3333333
Benue,01/11/2018,2018,November,205
Benue,01/12/2018,2018,December,226
Benue,01/01/2019,2019,January,227.8571429
Benue,01/02/2019,2019,February,216.25
Benue,01/03/2019,2019,March,225
Benue,01/04/2019,2019,April,228.21
Benue,01/05/2019,2019,May,203.3333333
Benue,01/06/2019,2019,June,224
Benue,01/07/2019,2019,July,231.25
Benue,01/08/2019,2019,August,231.25
Benue,01/09/2019,2019,September,241.75
Benue,01/10/2019,2019,October,265
Benue,01/11/2019,2019,November,258.75
Benue,01/12/2019,2019,December,266.25
Benue,01/01/2020,2020,January,251.6666667
Benue,01/02/2020,2020,February,246.1248987
Benue,01/03/2020,2020,March,241.6666667
Benue,01/04/2020,2020,April,232.5
Benue,01/05/2020,2020,May,213.5714286
Benue,01/06/2020,2020,June,223
Benue,01/07/2020,2020,July,233
Benue,01/08/2020,2020,August,232
Benue,01/09/2020,2020,September,229
Benue,01/10/2020,2020,October,240.5084563
Benue,01/11/2020,2020,November,263.3333333
Benue,01/12/2020,2020,December,246.6666667
Benue,01/01/2021,2021,January,247.5
Benue,01/02/2021,2021,February,232.874
Benue,01/03/2021,2021,March,264.91
Benue,01/04/2021,2021,April,264.75
Benue,01/05/2021,2021,May,256.1666667
Benue,01/06/2021,2021,June,253.3333333
Benue,01/07/2021,2021,July,266.6666667
Benue,01/08/2021,2021,August,246.8
Benue,01/09/2021,2021,September,239.0616667
Benue,01/10/2021,2021,October,246
Benue,01/11/2021,2021,November,251.8
Benue,01/12/2021,2021,December,302.5
Benue,01/01/2022,2022,January,248.3333333
Benue,01/02/2022,2022,February,303.3333333
Benue,01/03/2022,2022,March,518
Benue,01/04/2022,2022,April,662.5
Benue,01/05/2022,2022,May,635
Benue,01/06/2022,2022,June,728.5714286
Benue,01/07/2022,2022,July,745
Benue,01/08/2022,2022,August,780
Benue,01/09/2022,2022,September,750
Benue,01/10/2022,2022,October,750
Benue,01/11/2022,2022,November,772
Benue,01/12/2022,2022,December,777.5
Benue,01/12/2023,2023,December,1180
Benue,01/01/2023,2023,January,1183.89
Benue,01/02/2023,2023,February,1230
Benue,01/03/2023,2023,March,1244.69
Benue,01/04/2023,2023,April,1456.25
Borno,01/06/2015,2015,June,189.2857143
Borno,01/07/2015,2015,July,168
Borno,01/08/2015,2015,August,165.5
Borno,01/09/2015,2015,September,166
Borno,01/10/2015,2015,October,160
Borno,01/11/2015,2015,November,175.5
Borno,01/12/2015,2015,December,193.7666667
Borno,01/01/2016,2016,January,167
Borno,01/02/2016,2016,February,168.25
Borno,01/03/2016,2016,March,155
Borno,01/04/2016,2016,April,165
Borno,01/05/2016,2016,May,165
Borno,01/06/2016,2016,June,221.6666667
Borno,01/07/2016,2016,July,225
Borno,01/08/2016,2016,August,195
Borno,01/09/2016,2016,September,201.25
Borno,01/10/2016,2016,October,192
Borno,01/11/2016,2016,November,206.25
Borno,01/12/2016,2016,December,197.5
Borno,01/01/2017,2017,January,220.9090909
Borno,01/02/2017,2017,February,271
Borno,01/03/2017,2017,March,224
Borno,01/04/2017,2017,April,224
Borno,01/05/2017,2017,May,206.25
Borno,01/06/2017,2017,June,213.3333333
Borno,01/07/2017,2017,July,218
Borno,01/08/2017,2017,August,214.5
Borno,01/09/2017,2017,September,190.5555556
Borno,01/10/2017,2017,October,189.6875
Borno,01/11/2017,2017,November,194.28
Borno,01/12/2017,2017,December,222.75
Borno,01/01/2018,2018,January,203.5714286
Borno,01/02/2018,2018,February,212
Borno,01/03/2018,2018,March,213.3333333
Borno,01/04/2018,2018,April,213.8888889
Borno,01/05/2018,2018,May,220.25
Borno,01/06/2018,2018,June,218.8888889
Borno,01/07/2018,2018,July,247.5
Borno,01/08/2018,2018,August,242.8571429
Borno,01/09/2018,2018,September,245.8333333
Borno,01/10/2018,2018,October,203.5714286
Borno,01/11/2018,2018,November,238.8888889
Borno,01/12/2018,2018,December,235.3333333
Borno,01/01/2019,2019,January,243.6666667
Borno,01/02/2019,2019,February,243.6666667
Borno,01/03/2019,2019,March,246.6666667
Borno,01/04/2019,2019,April,249.5
Borno,01/05/2019,2019,May,266.6666667
Borno,01/06/2019,2019,June,266.6666667
Borno,01/07/2019,2019,July,258.8888889
Borno,01/08/2019,2019,August,271
Borno,01/09/2019,2019,September,271
Borno,01/10/2019,2019,October,257.9166667
Borno,01/11/2019,2019,November,255.4285714
Borno,01/12/2019,2019,December,257.3636364
Borno,01/01/2020,2020,January,245
Borno,01/02/2020,2020,February,255.625
Borno,01/03/2020,2020,March,240
Borno,01/04/2020,2020,April,240
Borno,01/05/2020,2020,May,222
Borno,01/06/2020,2020,June,253.0201671
Borno,01/07/2020,2020,July,263.4
Borno,01/08/2020,2020,August,257.9166667
Borno,01/09/2020,2020,September,256.875
Borno,01/10/2020,2020,October,255.4285714
Borno,01/11/2020,2020,November,248.5
Borno,01/12/2020,2020,December,248.5
Borno,01/01/2021,2021,January,255.4285714
Borno,01/02/2021,2021,February,248.5
Borno,01/03/2021,2021,March,275.3
Borno,01/04/2021,2021,April,255.4285714
Borno,01/05/2021,2021,May,248.5
Borno,01/06/2021,2021,June,255.4285714
Borno,01/07/2021,2021,July,290.375
Borno,01/08/2021,2021,August,289
Borno,01/09/2021,2021,September,289
Borno,01/10/2021,2021,October,278.5
Borno,01/11/2021,2021,November,248.5
Borno,01/12/2021,2021,December,340
Borno,01/01/2022,2022,January,248.5
Borno,01/02/2022,2022,February,265.5
Borno,01/03/2022,2022,March,432
Borno,01/04/2022,2022,April,648.5
Borno,01/05/2022,2022,May,650
Borno,01/06/2022,2022,June,762.5
Borno,01/07/2022,2022,July,788.5
Borno,01/08/2022,2022,August,790.25
Borno,01/09/2022,2022,September,798.5
Borno,01/10/2022,2022,October,775
Borno,01/11/2022,2022,November,780.5
Borno,01/12/2022,2022,December,785
Borno,01/12/2023,2023,December,1110.76
Borno,01/01/2023,2023,January,927.27
Borno,01/02/2023,2023,February,1200
Borno,01/03/2023,2023,March,1311.11
Borno,01/04/2023,2023,April,1652.61
Cross River,01/06/2015,2015,June,136.6666667
Cross River,01/07/2015,2015,July,158
Cross River,01/08/2015,2015,August,163.0769231
Cross River,01/09/2015,2015,September,164.2857143
Cross River,01/10/2015,2015,October,170
Cross River,01/11/2015,2015,November,164.5631829
Cross River,01/12/2015,2015,December,161.25
Cross River,01/01/2016,2016,January,169.1666667
Cross River,01/02/2016,2016,February,160
Cross River,01/03/2016,2016,March,153.5714286
Cross River,01/04/2016,2016,April,202.8571429
Cross River,01/05/2016,2016,May,188.125
Cross River,01/06/2016,2016,June,181.1111111
Cross River,01/07/2016,2016,July,202.8571429
Cross River,01/08/2016,2016,August,198.6363636
Cross River,01/09/2016,2016,September,187.7777778
Cross River,01/10/2016,2016,October,185.2631579
Cross River,01/11/2016,2016,November,188.6363636
Cross River,01/12/2016,2016,December,209.0909091
Cross River,01/01/2017,2017,January,256.3636364
Cross River,01/02/2017,2017,February,250
Cross River,01/03/2017,2017,March,227.0833333
Cross River,01/04/2017,2017,April,232.3529412
Cross River,01/05/2017,2017,May,222.6923077
Cross River,01/06/2017,2017,June,214
Cross River,01/07/2017,2017,July,203.3333333
Cross River,01/08/2017,2017,August,205.4375
Cross River,01/09/2017,2017,September,187.3076923
Cross River,01/10/2017,2017,October,190.2941176
Cross River,01/11/2017,2017,November,184.09
Cross River,01/12/2017,2017,December,213.5714286
Cross River,01/01/2018,2018,January,223.4210526
Cross River,01/02/2018,2018,February,211.8823529
Cross River,01/03/2018,2018,March,210.8571429
Cross River,01/04/2018,2018,April,199.2307692
Cross River,01/05/2018,2018,May,200.625
Cross River,01/06/2018,2018,June,195.1176471
Cross River,01/07/2018,2018,July,191.4666667
Cross River,01/08/2018,2018,August,195
Cross River,01/09/2018,2018,September,203.1990273
Cross River,01/10/2018,2018,October,224.1666667
Cross River,01/11/2018,2018,November,229.75
Cross River,01/12/2018,2018,December,230
Cross River,01/01/2019,2019,January,233.5294118
Cross River,01/02/2019,2019,February,233.6666667
Cross River,01/03/2019,2019,March,232.8333333
Cross River,01/05/2019,2019,May,245.2777778
Cross River,01/06/2019,2019,June,234.11
Cross River,01/07/2019,2019,July,229.4285714
Cross River,01/08/2019,2019,August,241.42
Cross River,01/09/2019,2019,September,240.3846154
Cross River,01/10/2019,2019,October,241.4285714
Cross River,01/11/2019,2019,November,231.0714286
Cross River,01/12/2019,2019,December,235
Cross River,01/01/2020,2020,January,231.5384615
Cross River,01/02/2020,2020,February,234.375
Cross River,01/03/2020,2020,March,234.4117647
Cross River,01/04/2020,2020,April,236.197421
Cross River,01/05/2020,2020,May,227.6470588
Cross River,01/06/2020,2020,June,229.1666667
Cross River,01/07/2020,2020,July,239.1176471
Cross River,01/08/2020,2020,August,228.3333333
Cross River,01/09/2020,2020,September,219.2307692
Cross River,01/10/2020,2020,October,230.3571429
Cross River,01/11/2020,2020,November,226.1875
Cross River,01/12/2020,2020,December,225.7142857
Cross River,01/01/2021,2021,January,210
Cross River,01/02/2021,2021,February,230.2941176
Cross River,01/03/2021,2021,March,244.2857143
Cross River,01/04/2021,2021,April,239.1666667
Cross River,01/05/2021,2021,May,237.9166667
Cross River,01/06/2021,2021,June,242.5
Cross River,01/07/2021,2021,July,257.5
Cross River,01/08/2021,2021,August,266.9230769
Cross River,01/09/2021,2021,September,273.75
Cross River,01/10/2021,2021,October,266.5384615
Cross River,01/11/2021,2021,November,284.1176471
Cross River,01/12/2021,2021,December,300
Cross River,01/01/2022,2022,January,299.5833333
Cross River,01/02/2022,2022,February,346.3333333
Cross River,01/03/2022,2022,March,561.5625
Cross River,01/04/2022,2022,April,626.875
Cross River,01/05/2022,2022,May,675.3846154
Cross River,01/06/2022,2022,June,685.8823529
Cross River,01/07/2022,2022,July,778
Cross River,01/08/2022,2022,August,782.7272727
Cross River,01/09/2022,2022,September,759.375
Cross River,01/10/2022,2022,October,796.1538462
Cross River,01/11/2022,2022,November,807.2727273
Cross River,01/12/2022,2022,December,813.3333333
Cross River,01/12/2023,2023,December,1108.75
Cross River,01/01/2023,2023,January,1154.29
Cross River,01/02/2023,2023,February,1433.33
Cross River,01/03/2023,2023,March,1532.71
Cross River,01/04/2023,2023,April,1531.25
Delta,01/06/2015,2015,June,140
Delta,01/07/2015,2015,July,127.0833333
Delta,01/08/2015,2015,August,136
Delta,01/09/2015,2015,September,146.4166667
Delta,01/10/2015,2015,October,145.7272727
Delta,01/11/2015,2015,November,162.4874436
Delta,01/12/2015,2015,December,185.625
Delta,01/01/2016,2016,January,142.5
Delta,01/02/2016,2016,February,148.6666667
Delta,01/03/2016,2016,March,135.8333333
Delta,01/04/2016,2016,April,137
Delta,01/05/2016,2016,May,138.75
Delta,01/06/2016,2016,June,180
Delta,01/07/2016,2016,July,203.75
Delta,01/08/2016,2016,August,197.3076923
Delta,01/09/2016,2016,September,183.1818182
Delta,01/10/2016,2016,October,187.7272727
Delta,01/11/2016,2016,November,182.9166667
Delta,01/12/2016,2016,December,198.0769231
Delta,01/01/2017,2017,January,256.7692308
Delta,01/02/2017,2017,February,253.75
Delta,01/03/2017,2017,March,241.3636364
Delta,01/04/2017,2017,April,225.5
Delta,01/05/2017,2017,May,200.8333333
Delta,01/06/2017,2017,June,191.25
Delta,01/07/2017,2017,July,180
Delta,01/08/2017,2017,August,212.3333333
Delta,01/09/2017,2017,September,184.1666667
Delta,01/10/2017,2017,October,190.0588235
Delta,01/11/2017,2017,November,182.91
Delta,01/12/2017,2017,December,200.5833333
Delta,01/01/2018,2018,January,202.5
Delta,01/02/2018,2018,February,198.4615385
Delta,01/03/2018,2018,March,189.5833333
Delta,01/04/2018,2018,April,190.7692308
Delta,01/05/2018,2018,May,199.6153846
Delta,01/06/2018,2018,June,200.7857143
Delta,01/07/2018,2018,July,200.5384615
Delta,01/08/2018,2018,August,205
Delta,01/09/2018,2018,September,198.3403284
Delta,01/10/2018,2018,October,216.25
Delta,01/11/2018,2018,November,223.3333333
Delta,01/12/2018,2018,December,223.8888889
Delta,01/01/2019,2019,January,228.8461538
Delta,01/02/2019,2019,February,233.6666667
Delta,01/03/2019,2019,March,223.0769231
Delta,01/04/2019,2019,April,222.21
Delta,01/05/2019,2019,May,223.6363636
Delta,01/06/2019,2019,June,223.0769231
Delta,01/07/2019,2019,July,214.6153846
Delta,01/08/2019,2019,August,217
Delta,01/09/2019,2019,September,216.9230769
Delta,01/10/2019,2019,October,217.2727273
Delta,01/11/2019,2019,November,214.2307692
Delta,01/12/2019,2019,December,215.3846154
Delta,01/01/2020,2020,January,210.9090909
Delta,01/02/2020,2020,February,213.4615385
Delta,01/03/2020,2020,March,217.5
Delta,01/04/2020,2020,April,215.5384615
Delta,01/05/2020,2020,May,216.6009434
Delta,01/06/2020,2020,June,216.0247464
Delta,01/07/2020,2020,July,206
Delta,01/08/2020,2020,August,211.3333333
Delta,01/09/2020,2020,September,201.7272727
Delta,01/10/2020,2020,October,215.4807692
Delta,01/11/2020,2020,November,212.8003358
Delta,01/12/2020,2020,December,214.4615385
Delta,01/01/2021,2021,January,214.1818182
Delta,01/02/2021,2021,February,218.0714286
Delta,01/03/2021,2021,March,229.4166667
Delta,01/04/2021,2021,April,231.9230769
Delta,01/05/2021,2021,May,215.5197225
Delta,01/06/2021,2021,June,240
Delta,01/07/2021,2021,July,240
Delta,01/08/2021,2021,August,248.8461538
Delta,01/09/2021,2021,September,262.6666667
Delta,01/10/2021,2021,October,268.3636364
Delta,01/11/2021,2021,November,285
Delta,01/12/2021,2021,December,288.0269528
Delta,01/01/2022,2022,January,314
Delta,01/02/2022,2022,February,355.3846154
Delta,01/03/2022,2022,March,575
Delta,01/04/2022,2022,April,600.6
Delta,01/05/2022,2022,May,624.4444444
Delta,01/06/2022,2022,June,798.5
Delta,01/07/2022,2022,July,790.8333333
Delta,01/08/2022,2022,August,790.6666667
Delta,01/09/2022,2022,September,797.8571429
Delta,01/10/2022,2022,October,783.3333333
Delta,01/11/2022,2022,November,793.1666667
Delta,01/12/2022,2022,December,818.5714286
Delta,01/12/2023,2023,December,1021.47
Delta,01/01/2023,2023,January,1091.43
Delta,01/02/2023,2023,February,1241.67
Delta,01/03/2023,2023,March,1400.43
Delta,01/04/2023,2023,April,1431.25
Ebonyi,01/06/2015,2015,June,168.9556613
Ebonyi,01/07/2015,2015,July,144.7142857
Ebonyi,01/08/2015,2015,August,143
Ebonyi,01/09/2015,2015,September,146.6666667
Ebonyi,01/10/2015,2015,October,143.5714286
Ebonyi,01/11/2015,2015,November,160.7142857
Ebonyi,01/12/2015,2015,December,160.8333333
Ebonyi,01/01/2016,2016,January,160.7142857
Ebonyi,01/02/2016,2016,February,147.8571429
Ebonyi,01/03/2016,2016,March,148.5714286
Ebonyi,01/04/2016,2016,April,152.8333333
Ebonyi,01/05/2016,2016,May,145
Ebonyi,01/06/2016,2016,June,180
Ebonyi,01/07/2016,2016,July,202.8571429
Ebonyi,01/08/2016,2016,August,192.4285714
Ebonyi,01/09/2016,2016,September,185
Ebonyi,01/10/2016,2016,October,190
Ebonyi,01/11/2016,2016,November,193.3333333
Ebonyi,01/12/2016,2016,December,197.8571429
Ebonyi,01/01/2017,2017,January,240.7692308
Ebonyi,01/02/2017,2017,February,272.5
Ebonyi,01/03/2017,2017,March,217.5
Ebonyi,01/04/2017,2017,April,220
Ebonyi,01/05/2017,2017,May,202.5
Ebonyi,01/06/2017,2017,June,200
Ebonyi,01/07/2017,2017,July,180.7142857
Ebonyi,01/08/2017,2017,August,174.2857143
Ebonyi,01/09/2017,2017,September,185
Ebonyi,01/10/2017,2017,October,206
Ebonyi,01/11/2017,2017,November,196.42
Ebonyi,01/12/2017,2017,December,205
Ebonyi,01/01/2018,2018,January,206.6666667
Ebonyi,01/02/2018,2018,February,213.5714286
Ebonyi,01/03/2018,2018,March,199.1666667
Ebonyi,01/04/2018,2018,April,192.1428571
Ebonyi,01/05/2018,2018,May,195
Ebonyi,01/06/2018,2018,June,195.7142857
Ebonyi,01/07/2018,2018,July,193.8333333
Ebonyi,01/08/2018,2018,August,195
Ebonyi,01/09/2018,2018,September,219.2857143
Ebonyi,01/10/2018,2018,October,215
Ebonyi,01/11/2018,2018,November,217
Ebonyi,01/12/2018,2018,December,239
Ebonyi,01/01/2019,2019,January,239.2857143
Ebonyi,01/02/2019,2019,February,235.7142857
Ebonyi,01/03/2019,2019,March,237.8571429
Ebonyi,01/04/2019,2019,April,237.9
Ebonyi,01/05/2019,2019,May,235
Ebonyi,01/06/2019,2019,June,207.5
Ebonyi,01/07/2019,2019,July,212.1428571
Ebonyi,01/08/2019,2019,August,230.33
Ebonyi,01/09/2019,2019,September,224.2459238
Ebonyi,01/10/2019,2019,October,231.4285714
Ebonyi,01/11/2019,2019,November,234.1666667
Ebonyi,01/12/2019,2019,December,230.7142857
Ebonyi,01/01/2020,2020,January,236.6666667
Ebonyi,01/02/2020,2020,February,228.75
Ebonyi,01/03/2020,2020,March,230.8333333
Ebonyi,01/04/2020,2020,April,232.5
Ebonyi,01/05/2020,2020,May,215
Ebonyi,01/06/2020,2020,June,226.004119
Ebonyi,01/07/2020,2020,July,217.5
Ebonyi,01/08/2020,2020,August,215.8333333
Ebonyi,01/09/2020,2020,September,211.25
Ebonyi,01/10/2020,2020,October,216.2
Ebonyi,01/11/2020,2020,November,219.1666667
Ebonyi,01/12/2020,2020,December,204.4444444
Ebonyi,01/01/2021,2021,January,218.3333333
Ebonyi,01/02/2021,2021,February,222.8571429
Ebonyi,01/03/2021,2021,March,242.5
Ebonyi,01/04/2021,2021,April,252.5
Ebonyi,01/05/2021,2021,May,241
Ebonyi,01/06/2021,2021,June,250.8333333
Ebonyi,01/07/2021,2021,July,243.3333333
Ebonyi,01/08/2021,2021,August,271.25
Ebonyi,01/09/2021,2021,September,273.3333333
Ebonyi,01/10/2021,2021,October,258
Ebonyi,01/11/2021,2021,November,302.1428571
Ebonyi,01/12/2021,2021,December,315.7142857
Ebonyi,01/01/2022,2022,January,343
Ebonyi,01/02/2022,2022,February,346.25
Ebonyi,01/03/2022,2022,March,644
Ebonyi,01/04/2022,2022,April,695
Ebonyi,01/05/2022,2022,May,680.7142857
Ebonyi,01/06/2022,2022,June,777.5
Ebonyi,01/07/2022,2022,July,851.4285714
Ebonyi,01/08/2022,2022,August,861.6666667
Ebonyi,01/09/2022,2022,September,849
Ebonyi,01/10/2022,2022,October,858.3333333
Ebonyi,01/11/2022,2022,November,869
Ebonyi,01/12/2022,2022,December,869.25
Ebonyi,01/12/2023,2023,December,1141.67
Ebonyi,01/01/2023,2023,January,1158.33
Ebonyi,01/02/2023,2023,February,1265.7
Ebonyi,01/03/2023,2023,March,1392.27
Ebonyi,01/04/2023,2023,April,1415.33
Edo,01/06/2015,2015,June,138.3333333
Edo,01/07/2015,2015,July,128.5714286
Edo,01/08/2015,2015,August,146.25
Edo,01/09/2015,2015,September,147.1428571
Edo,01/10/2015,2015,October,133.8888889
Edo,01/11/2015,2015,November,162.5037929
Edo,01/12/2015,2015,December,157.7272727
Edo,01/01/2016,2016,January,154.4444444
Edo,01/02/2016,2016,February,143.2142857
Edo,01/03/2016,2016,March,135.5
Edo,01/04/2016,2016,April,142.5
Edo,01/05/2016,2016,May,140
Edo,01/06/2016,2016,June,179.6153846
Edo,01/07/2016,2016,July,200
Edo,01/08/2016,2016,August,200.4545455
Edo,01/09/2016,2016,September,193.0769231
Edo,01/10/2016,2016,October,188.2307692
Edo,01/11/2016,2016,November,194.1666667
Edo,01/12/2016,2016,December,206.1818182
Edo,01/01/2017,2017,January,227.7777778
Edo,01/02/2017,2017,February,261.25
Edo,01/03/2017,2017,March,248.8461538
Edo,01/04/2017,2017,April,212.7272727
Edo,01/05/2017,2017,May,202
Edo,01/06/2017,2017,June,195.3571429
Edo,01/07/2017,2017,July,184.6875
Edo,01/08/2017,2017,August,194.7222222
Edo,01/09/2017,2017,September,183.9285714
Edo,01/10/2017,2017,October,199.5
Edo,01/11/2017,2017,November,189.16
Edo,01/12/2017,2017,December,195
Edo,01/01/2018,2018,January,204.5714286
Edo,01/02/2018,2018,February,206.6666667
Edo,01/03/2018,2018,March,197.7777778
Edo,01/04/2018,2018,April,198.75
Edo,01/05/2018,2018,May,195.3333333
Edo,01/06/2018,2018,June,188.2142857
Edo,01/07/2018,2018,July,189.6666667
Edo,01/08/2018,2018,August,198
Edo,01/09/2018,2018,September,197.2811763
Edo,01/10/2018,2018,October,229.75
Edo,01/11/2018,2018,November,238.3846154
Edo,01/12/2018,2018,December,217.0833333
Edo,01/01/2019,2019,January,228.0769231
Edo,01/02/2019,2019,February,222.5833333
Edo,01/03/2019,2019,March,229
Edo,01/04/2019,2019,April,230.1
Edo,01/05/2019,2019,May,226.9166667
Edo,01/06/2019,2019,June,229
Edo,01/07/2019,2019,July,225
Edo,01/08/2019,2019,August,223.1
Edo,01/09/2019,2019,September,224
Edo,01/10/2019,2019,October,216.9230769
Edo,01/11/2019,2019,November,233.2307692
Edo,01/12/2019,2019,December,237.3076923
Edo,01/01/2020,2020,January,234.9090909
Edo,01/02/2020,2020,February,223.5454545
Edo,01/03/2020,2020,March,221.5833333
Edo,01/04/2020,2020,April,208.2222222
Edo,01/05/2020,2020,May,209.5384615
Edo,01/06/2020,2020,June,202.8333333
Edo,01/07/2020,2020,July,221.4397266
Edo,01/08/2020,2020,August,221.4397266
Edo,01/09/2020,2020,September,211.6666667
Edo,01/10/2020,2020,October,199.5384615
Edo,01/11/2020,2020,November,207
Edo,01/12/2020,2020,December,202.4
Edo,01/01/2021,2021,January,211.7
Edo,01/02/2021,2021,February,218.1666667
Edo,01/03/2021,2021,March,231.7777778
Edo,01/04/2021,2021,April,249.8
Edo,01/05/2021,2021,May,250.4285714
Edo,01/06/2021,2021,June,264.1818182
Edo,01/07/2021,2021,July,260.8181818
Edo,01/08/2021,2021,August,256.9230769
Edo,01/09/2021,2021,September,273
Edo,01/10/2021,2021,October,254.0754939
Edo,01/11/2021,2021,November,329
Edo,01/12/2021,2021,December,324.5384615
Edo,01/01/2022,2022,January,331.6428571
Edo,01/02/2022,2022,February,373.1818182
Edo,01/03/2022,2022,March,632.5
Edo,01/04/2022,2022,April,620.8571429
Edo,01/05/2022,2022,May,625.4545455
Edo,01/06/2022,2022,June,700
Edo,01/07/2022,2022,July,760
Edo,01/08/2022,2022,August,775.8333333
Edo,01/09/2022,2022,September,779.0909091
Edo,01/10/2022,2022,October,765.9090909
Edo,01/11/2022,2022,November,785
Edo,01/12/2022,2022,December,786.6666667
Edo,01/12/2023,2023,December,1187.5
Edo,01/01/2023,2023,January,1210
Edo,01/02/2023,2023,February,1383.33
Edo,01/03/2023,2023,March,1566.67
Edo,01/04/2023,2023,April,1443.75
Ekiti,01/06/2015,2015,June,149.5833333
Ekiti,01/07/2015,2015,July,145.3846154
Ekiti,01/08/2015,2015,August,150.3571429
Ekiti,01/09/2015,2015,September,156.6666667
Ekiti,01/10/2015,2015,October,152.5
Ekiti,01/11/2015,2015,November,155.3571429
Ekiti,01/12/2015,2015,December,153.125
Ekiti,01/01/2016,2016,January,155.4166667
Ekiti,01/02/2016,2016,February,155
Ekiti,01/03/2016,2016,March,151.4705882
Ekiti,01/04/2016,2016,April,151.2
Ekiti,01/05/2016,2016,May,145.8333333
Ekiti,01/06/2016,2016,June,175
Ekiti,01/07/2016,2016,July,204.4117647
Ekiti,01/08/2016,2016,August,198.3333333
Ekiti,01/09/2016,2016,September,197.3684211
Ekiti,01/10/2016,2016,October,193.3
Ekiti,01/11/2016,2016,November,196.1111111
Ekiti,01/12/2016,2016,December,195.9375
Ekiti,01/01/2017,2017,January,242.5555556
Ekiti,01/02/2017,2017,February,244.7058824
Ekiti,01/03/2017,2017,March,241.9230769
Ekiti,01/04/2017,2017,April,238.3333333
Ekiti,01/05/2017,2017,May,208.125
Ekiti,01/06/2017,2017,June,216.3333333
Ekiti,01/07/2017,2017,July,199.7368421
Ekiti,01/08/2017,2017,August,194.6428571
Ekiti,01/09/2017,2017,September,192.3333333
Ekiti,01/10/2017,2017,October,211.5384615
Ekiti,01/11/2017,2017,November,184.56
Ekiti,01/12/2017,2017,December,194.8
Ekiti,01/01/2018,2018,January,197.8125
Ekiti,01/02/2018,2018,February,198.125
Ekiti,01/03/2018,2018,March,203.8823529
Ekiti,01/04/2018,2018,April,203.8095238
Ekiti,01/05/2018,2018,May,200.2941176
Ekiti,01/06/2018,2018,June,203.8888889
Ekiti,01/07/2018,2018,July,206.7857143
Ekiti,01/08/2018,2018,August,203.25
Ekiti,01/09/2018,2018,September,200.3333333
Ekiti,01/10/2018,2018,October,206.1764706
Ekiti,01/11/2018,2018,November,202.6470588
Ekiti,01/12/2018,2018,December,211.875
Ekiti,01/01/2019,2019,January,203.5714286
Ekiti,01/02/2019,2019,February,205.7222222
Ekiti,01/03/2019,2019,March,203.9473684
Ekiti,01/04/2019,2019,April,204.4
Ekiti,01/05/2019,2019,May,206.65
Ekiti,01/06/2019,2019,June,206.1764706
Ekiti,01/07/2019,2019,July,204.7058824
Ekiti,01/08/2019,2019,August,206
Ekiti,01/09/2019,2019,September,200.3333333
Ekiti,01/10/2019,2019,October,211.25
Ekiti,01/11/2019,2019,November,218.125
Ekiti,01/12/2019,2019,December,215
Ekiti,01/01/2020,2020,January,219.9047619
Ekiti,01/02/2020,2020,February,219.1
Ekiti,01/03/2020,2020,March,220.9090909
Ekiti,01/04/2020,2020,April,224.1666667
Ekiti,01/05/2020,2020,May,202.8571429
Ekiti,01/06/2020,2020,June,212.2341185
Ekiti,01/07/2020,2020,July,205.2
Ekiti,01/08/2020,2020,August,212.1566289
Ekiti,01/09/2020,2020,September,209.1176471
Ekiti,01/10/2020,2020,October,202.5
Ekiti,01/11/2020,2020,November,204.5833333
Ekiti,01/12/2020,2020,December,203.25
Ekiti,01/01/2021,2021,January,202.7857143
Ekiti,01/02/2021,2021,February,207.8571429
Ekiti,01/03/2021,2021,March,215.3571429
Ekiti,01/04/2021,2021,April,226.2352941
Ekiti,01/05/2021,2021,May,250.1333333
Ekiti,01/06/2021,2021,June,235.4
Ekiti,01/07/2021,2021,July,238.5
Ekiti,01/08/2021,2021,August,266.25
Ekiti,01/09/2021,2021,September,249.6428571
Ekiti,01/10/2021,2021,October,257.5
Ekiti,01/11/2021,2021,November,263.8235294
Ekiti,01/12/2021,2021,December,278.7333333
Ekiti,01/01/2022,2022,January,306.4285714
Ekiti,01/02/2022,2022,February,312.1428571
Ekiti,01/03/2022,2022,March,672.1428571
Ekiti,01/04/2022,2022,April,700.6153846
Ekiti,01/05/2022,2022,May,716.1538462
Ekiti,01/06/2022,2022,June,738.6666667
Ekiti,01/07/2022,2022,July,749.2307692
Ekiti,01/08/2022,2022,August,762.3076923
Ekiti,01/09/2022,2022,September,782
Ekiti,01/10/2022,2022,October,797
Ekiti,01/11/2022,2022,November,810
Ekiti,01/12/2022,2022,December,833.8461538
Ekiti,01/12/2023,2023,December,992.67
Ekiti,01/01/2023,2023,January,1204.08
Ekiti,01/02/2023,2023,February,1175
Ekiti,01/03/2023,2023,March,1281.67
Ekiti,01/04/2023,2023,April,1367.5
Enugu,01/06/2015,2015,June,152.7894737
Enugu,01/07/2015,2015,July,129.7368421
Enugu,01/08/2015,2015,August,135
Enugu,01/09/2015,2015,September,138.0555556
Enugu,01/10/2015,2015,October,134.4117647
Enugu,01/11/2015,2015,November,150.625
Enugu,01/12/2015,2015,December,153.4615385
Enugu,01/01/2016,2016,January,150.35
Enugu,01/02/2016,2016,February,140.1428571
Enugu,01/03/2016,2016,March,136.3043478
Enugu,01/04/2016,2016,April,139
Enugu,01/05/2016,2016,May,136.1111111
Enugu,01/06/2016,2016,June,185
Enugu,01/07/2016,2016,July,201.3888889
Enugu,01/08/2016,2016,August,199.2857143
Enugu,01/09/2016,2016,September,193.2142857
Enugu,01/10/2016,2016,October,190.9375
Enugu,01/11/2016,2016,November,196.0714286
Enugu,01/12/2016,2016,December,198.4375
Enugu,01/01/2017,2017,January,197.7777778
Enugu,01/02/2017,2017,February,250.2777778
Enugu,01/03/2017,2017,March,232.8125
Enugu,01/04/2017,2017,April,221.6666667
Enugu,01/05/2017,2017,May,209.4444444
Enugu,01/06/2017,2017,June,198.8235294
Enugu,01/07/2017,2017,July,180.3846154
Enugu,01/08/2017,2017,August,178.3333333
Enugu,01/09/2017,2017,September,185
Enugu,01/10/2017,2017,October,214.1666667
Enugu,01/11/2017,2017,November,199
Enugu,01/12/2017,2017,December,193.8235294
Enugu,01/01/2018,2018,January,212.1875
Enugu,01/02/2018,2018,February,198.6842105
Enugu,01/03/2018,2018,March,193.2352941
Enugu,01/04/2018,2018,April,205
Enugu,01/05/2018,2018,May,189.6666667
Enugu,01/06/2018,2018,June,192.8571429
Enugu,01/07/2018,2018,July,195.8333333
Enugu,01/08/2018,2018,August,198
Enugu,01/09/2018,2018,September,203.8888889
Enugu,01/10/2018,2018,October,224.2105263
Enugu,01/11/2018,2018,November,230.7142857
Enugu,01/12/2018,2018,December,219.0909091
Enugu,01/01/2019,2019,January,220.2941176
Enugu,01/02/2019,2019,February,227.1875
Enugu,01/03/2019,2019,March,230.5263158
Enugu,01/04/2019,2019,April,231.21
Enugu,01/05/2019,2019,May,229.3181818
Enugu,01/06/2019,2019,June,236.3478261
Enugu,01/07/2019,2019,July,228.5151515
Enugu,01/08/2019,2019,August,239.09
Enugu,01/09/2019,2019,September,226
Enugu,01/10/2019,2019,October,236.3333333
Enugu,01/11/2019,2019,November,231
Enugu,01/12/2019,2019,December,229.7368421
Enugu,01/01/2020,2020,January,224.6153846
Enugu,01/02/2020,2020,February,229.6875
Enugu,01/03/2020,2020,March,227.9166667
Enugu,01/04/2020,2020,April,211.0526316
Enugu,01/05/2020,2020,May,216.3157895
Enugu,01/06/2020,2020,June,215.3333333
Enugu,01/07/2020,2020,July,211.1111111
Enugu,01/08/2020,2020,August,200.5
Enugu,01/09/2020,2020,September,197
Enugu,01/10/2020,2020,October,212.1428571
Enugu,01/11/2020,2020,November,218.5
Enugu,01/12/2020,2020,December,203.5714286
Enugu,01/01/2021,2021,January,198.2352941
Enugu,01/02/2021,2021,February,217.5
Enugu,01/03/2021,2021,March,221.9230769
Enugu,01/04/2021,2021,April,238.9285714
Enugu,01/05/2021,2021,May,244.1176471
Enugu,01/06/2021,2021,June,243.1818182
Enugu,01/07/2021,2021,July,251.9230769
Enugu,01/08/2021,2021,August,250
Enugu,01/09/2021,2021,September,260.7142857
Enugu,01/10/2021,2021,October,246.8181818
Enugu,01/11/2021,2021,November,295.9375
Enugu,01/12/2021,2021,December,349.2857143
Enugu,01/01/2022,2022,January,317.2727273
Enugu,01/02/2022,2022,February,339.0909091
Enugu,01/03/2022,2022,March,511.875
Enugu,01/04/2022,2022,April,609.3333333
Enugu,01/05/2022,2022,May,634.6666667
Enugu,01/06/2022,2022,June,742.8571429
Enugu,01/07/2022,2022,July,782.5
Enugu,01/08/2022,2022,August,780.3448276
Enugu,01/09/2022,2022,September,798.3333333
Enugu,01/10/2022,2022,October,800
Enugu,01/11/2022,2022,November,817.7777778
Enugu,01/12/2022,2022,December,815.2631579
Enugu,01/12/2023,2023,December,1209.375
Enugu,01/01/2023,2023,January,1194.44
Enugu,01/02/2023,2023,February,1287.73
Enugu,01/03/2023,2023,March,1382.1
Enugu,01/04/2023,2023,April,1518.41
Gombe,01/06/2015,2015,June,120
Gombe,01/07/2015,2015,July,120
Gombe,01/08/2015,2015,August,120
Gombe,01/09/2015,2015,September,124
Gombe,01/10/2015,2015,October,126.6666667
Gombe,01/11/2015,2015,November,200
Gombe,01/12/2015,2015,December,140
Gombe,01/01/2016,2016,January,155.1875758
Gombe,01/02/2016,2016,February,120
Gombe,01/03/2016,2016,March,142.7835429
Gombe,01/04/2016,2016,April,146.2681893
Gombe,01/05/2016,2016,May,141.6809972
Gombe,01/06/2016,2016,June,180
Gombe,01/07/2016,2016,July,205
Gombe,01/08/2016,2016,August,198.5
Gombe,01/09/2016,2016,September,180
Gombe,01/10/2016,2016,October,185
Gombe,01/11/2016,2016,November,200
Gombe,01/12/2016,2016,December,180
Gombe,01/01/2017,2017,January,233.3333333
Gombe,01/02/2017,2017,February,256.6666667
Gombe,01/03/2017,2017,March,217.5
Gombe,01/04/2017,2017,April,200
Gombe,01/05/2017,2017,May,200
Gombe,01/06/2017,2017,June,200
Gombe,01/07/2017,2017,July,200
Gombe,01/08/2017,2017,August,205
Gombe,01/09/2017,2017,September,202.5
Gombe,01/10/2017,2017,October,202.2222222
Gombe,01/11/2017,2017,November,206.5
Gombe,01/12/2017,2017,December,165
Gombe,01/01/2018,2018,January,216.6666667
Gombe,01/02/2018,2018,February,220
Gombe,01/03/2018,2018,March,190
Gombe,01/04/2018,2018,April,206.25
Gombe,01/05/2018,2018,May,227.5
Gombe,01/06/2018,2018,June,228.02
Gombe,01/07/2018,2018,July,228.3333333
Gombe,01/08/2018,2018,August,216.6666667
Gombe,01/09/2018,2018,September,213.75
Gombe,01/10/2018,2018,October,226.6666667
Gombe,01/11/2018,2018,November,217.0686915
Gombe,01/12/2018,2018,December,222.5
Gombe,01/01/2019,2019,January,225
Gombe,01/02/2019,2019,February,225
Gombe,01/03/2019,2019,March,236.6666667
Gombe,01/04/2019,2019,April,235.54
Gombe,01/05/2019,2019,May,230.5516667
Gombe,01/06/2019,2019,June,230.5516667
Gombe,01/07/2019,2019,July,226.6666667
Gombe,01/08/2019,2019,August,220
Gombe,01/09/2019,2019,September,220
Gombe,01/10/2019,2019,October,220
Gombe,01/11/2019,2019,November,209
Gombe,01/12/2019,2019,December,217.5
Gombe,01/01/2020,2020,January,221.6666667
Gombe,01/02/2020,2020,February,224.2970377
Gombe,01/03/2020,2020,March,220
Gombe,01/04/2020,2020,April,220
Gombe,01/05/2020,2020,May,221.6140323
Gombe,01/06/2020,2020,June,226.25
Gombe,01/07/2020,2020,July,224.6666667
Gombe,01/08/2020,2020,August,215
Gombe,01/09/2020,2020,September,235
Gombe,01/10/2020,2020,October,221.166338
Gombe,01/11/2020,2020,November,200
Gombe,01/12/2020,2020,December,197.5
Gombe,01/01/2021,2021,January,225
Gombe,01/02/2021,2021,February,235
Gombe,01/03/2021,2021,March,231.25
Gombe,01/04/2021,2021,April,227.5
Gombe,01/05/2021,2021,May,227.5
Gombe,01/06/2021,2021,June,209
Gombe,01/07/2021,2021,July,235
Gombe,01/08/2021,2021,August,267
Gombe,01/09/2021,2021,September,261
Gombe,01/10/2021,2021,October,255
Gombe,01/11/2021,2021,November,313.3333333
Gombe,01/12/2021,2021,December,313.3333333
Gombe,01/01/2022,2022,January,326.6666667
Gombe,01/02/2022,2022,February,330
Gombe,01/03/2022,2022,March,455
Gombe,01/04/2022,2022,April,692.5
Gombe,01/05/2022,2022,May,704
Gombe,01/06/2022,2022,June,713.3333333
Gombe,01/07/2022,2022,July,722
Gombe,01/08/2022,2022,August,750
Gombe,01/09/2022,2022,September,766.6666667
Gombe,01/10/2022,2022,October,790
Gombe,01/11/2022,2022,November,803.3333333
Gombe,01/12/2022,2022,December,807
Gombe,01/12/2023,2023,December,1200
Gombe,01/01/2023,2023,January,1200
Gombe,01/02/2023,2023,February,1500
Gombe,01/03/2023,2023,March,1375
Gombe,01/04/2023,2023,April,1363.33
Imo,01/06/2015,2015,June,137.7777778
Imo,01/07/2015,2015,July,136.92
Imo,01/08/2015,2015,August,140.1764706
Imo,01/09/2015,2015,September,144
Imo,01/10/2015,2015,October,147.6190476
Imo,01/11/2015,2015,November,150.5714286
Imo,01/12/2015,2015,December,151
Imo,01/01/2016,2016,January,151.4285714
Imo,01/02/2016,2016,February,146.8823529
Imo,01/03/2016,2016,March,141.7916667
Imo,01/04/2016,2016,April,148.1666667
Imo,01/05/2016,2016,May,137.9411765
Imo,01/06/2016,2016,June,175.2380952
Imo,01/07/2016,2016,July,200.5
Imo,01/08/2016,2016,August,202.1428571
Imo,01/09/2016,2016,September,196.8181818
Imo,01/10/2016,2016,October,192.7272727
Imo,01/11/2016,2016,November,195.4285714
Imo,01/12/2016,2016,December,197.4
Imo,01/01/2017,2017,January,246.1111111
Imo,01/02/2017,2017,February,259.1666667
Imo,01/03/2017,2017,March,241.1111111
Imo,01/04/2017,2017,April,225.2777778
Imo,01/05/2017,2017,May,210.5263158
Imo,01/06/2017,2017,June,212.5
Imo,01/07/2017,2017,July,192.04
Imo,01/08/2017,2017,August,225.8695652
Imo,01/09/2017,2017,September,190.2083333
Imo,01/10/2017,2017,October,207.5
Imo,01/11/2017,2017,November,194.44
Imo,01/12/2017,2017,December,203.2352941
Imo,01/01/2018,2018,January,208.1818182
Imo,01/02/2018,2018,February,220.2380952
Imo,01/03/2018,2018,March,197.7391304
Imo,01/04/2018,2018,April,196.8695652
Imo,01/05/2018,2018,May,205.75
Imo,01/06/2018,2018,June,206.75
Imo,01/07/2018,2018,July,202.6190476
Imo,01/08/2018,2018,August,208
Imo,01/09/2018,2018,September,213.5714286
Imo,01/10/2018,2018,October,224.047619
Imo,01/11/2018,2018,November,242.1052632
Imo,01/12/2018,2018,December,226.3888889
Imo,01/01/2019,2019,January,223.4375
Imo,01/02/2019,2019,February,224.2857143
Imo,01/03/2019,2019,March,240.5
Imo,01/04/2019,2019,April,240.9
Imo,01/05/2019,2019,May,240.9090909
Imo,01/06/2019,2019,June,237
Imo,01/07/2019,2019,July,239.6666667
Imo,01/08/2019,2019,August,243.04
Imo,01/09/2019,2019,September,235.2173913
Imo,01/10/2019,2019,October,241.2962963
Imo,01/11/2019,2019,November,234.047619
Imo,01/12/2019,2019,December,228.9130435
Imo,01/01/2020,2020,January,230.5
Imo,01/02/2020,2020,February,228.4782609
Imo,01/03/2020,2020,March,229.5454545
Imo,01/04/2020,2020,April,222.25
Imo,01/05/2020,2020,May,222.7272727
Imo,01/06/2020,2020,June,211.25
Imo,01/07/2020,2020,July,209.7727273
Imo,01/08/2020,2020,August,207.3913043
Imo,01/09/2020,2020,September,217.6086957
Imo,01/10/2020,2020,October,207.8947368
Imo,01/11/2020,2020,November,219.3333333
Imo,01/12/2020,2020,December,205
Imo,01/01/2021,2021,January,212.75
Imo,01/02/2021,2021,February,216.1363636
Imo,01/03/2021,2021,March,245
Imo,01/04/2021,2021,April,246.4705882
Imo,01/05/2021,2021,May,245
Imo,01/06/2021,2021,June,248.1818182
Imo,01/07/2021,2021,July,248.7272727
Imo,01/08/2021,2021,August,251.3043478
Imo,01/09/2021,2021,September,255.3333333
Imo,01/10/2021,2021,October,261.9444444
Imo,01/11/2021,2021,November,324.4736842
Imo,01/12/2021,2021,December,302.1428571
Imo,01/01/2022,2022,January,321.1538462
Imo,01/02/2022,2022,February,335.6
Imo,01/03/2022,2022,March,452.2222222
Imo,01/04/2022,2022,April,583.4090909
Imo,01/05/2022,2022,May,624.7058824
Imo,01/06/2022,2022,June,780.6315789
Imo,01/07/2022,2022,July,785.5263158
Imo,01/08/2022,2022,August,765
Imo,01/09/2022,2022,September,797
Imo,01/10/2022,2022,October,804.8695652
Imo,01/11/2022,2022,November,811.875
Imo,01/12/2022,2022,December,818.8235294
Imo,01/12/2023,2023,December,1136.764706
Imo,01/01/2023,2023,January,1179.76
Imo,01/02/2023,2023,February,1297.27
Imo,01/03/2023,2023,March,1403.98
Imo,01/04/2023,2023,April,1534.79
Jigawa,01/06/2015,2015,June,135.3846154
Jigawa,01/07/2015,2015,July,137.9166667
Jigawa,01/08/2015,2015,August,140
Jigawa,01/09/2015,2015,September,147.1333333
Jigawa,01/10/2015,2015,October,148.3333333
Jigawa,01/11/2015,2015,November,162.6923077
Jigawa,01/12/2015,2015,December,158.9285714
Jigawa,01/01/2016,2016,January,162.5
Jigawa,01/02/2016,2016,February,142.6923077
Jigawa,01/03/2016,2016,March,146.4285714
Jigawa,01/04/2016,2016,April,160.8333333
Jigawa,01/05/2016,2016,May,144.6153846
Jigawa,01/06/2016,2016,June,186.3636364
Jigawa,01/07/2016,2016,July,201.6666667
Jigawa,01/08/2016,2016,August,198
Jigawa,01/09/2016,2016,September,196.0714286
Jigawa,01/10/2016,2016,October,189.6428571
Jigawa,01/11/2016,2016,November,191.25
Jigawa,01/12/2016,2016,December,197.6923077
Jigawa,01/01/2017,2017,January,238.5
Jigawa,01/02/2017,2017,February,243
Jigawa,01/03/2017,2017,March,226.2142857
Jigawa,01/04/2017,2017,April,226.8181818
Jigawa,01/05/2017,2017,May,206
Jigawa,01/06/2017,2017,June,205.9090909
Jigawa,01/07/2017,2017,July,191.7272727
Jigawa,01/08/2017,2017,August,185.6666667
Jigawa,01/09/2017,2017,September,184.0625
Jigawa,01/10/2017,2017,October,222.0833333
Jigawa,01/11/2017,2017,November,216.25
Jigawa,01/12/2017,2017,December,209
Jigawa,01/01/2018,2018,January,215.3125
Jigawa,01/02/2018,2018,February,228.8461538
Jigawa,01/03/2018,2018,March,219.5833333
Jigawa,01/04/2018,2018,April,210
Jigawa,01/05/2018,2018,May,205.5384615
Jigawa,01/06/2018,2018,June,202.3076923
Jigawa,01/07/2018,2018,July,206.9230769
Jigawa,01/08/2018,2018,August,209
Jigawa,01/09/2018,2018,September,217.9166667
Jigawa,01/10/2018,2018,October,212.3076923
Jigawa,01/11/2018,2018,November,212.3076923
Jigawa,01/12/2018,2018,December,216.6666667
Jigawa,01/01/2019,2019,January,216.6666667
Jigawa,01/02/2019,2019,February,221.1111111
Jigawa,01/03/2019,2019,March,225.8333333
Jigawa,01/04/2019,2019,April,228.5
Jigawa,01/05/2019,2019,May,227.5
Jigawa,01/06/2019,2019,June,227.5
Jigawa,01/07/2019,2019,July,227.5
Jigawa,01/08/2019,2019,August,227.5
Jigawa,01/09/2019,2019,September,233.75
Jigawa,01/10/2019,2019,October,227.5
Jigawa,01/11/2019,2019,November,212.3076923
Jigawa,01/12/2019,2019,December,216.6666667
Jigawa,01/01/2020,2020,January,219
Jigawa,01/02/2020,2020,February,221.1111111
Jigawa,01/03/2020,2020,March,219.5833333
Jigawa,01/04/2020,2020,April,219.5833333
Jigawa,01/05/2020,2020,May,205.5
Jigawa,01/06/2020,2020,June,223.3333333
Jigawa,01/07/2020,2020,July,220.4545455
Jigawa,01/08/2020,2020,August,216.1111111
Jigawa,01/09/2020,2020,September,206.1111111
Jigawa,01/10/2020,2020,October,217.1807355
Jigawa,01/11/2020,2020,November,216.3422246
Jigawa,01/12/2020,2020,December,220
Jigawa,01/01/2021,2021,January,225
Jigawa,01/02/2021,2021,February,220
Jigawa,01/03/2021,2021,March,226.6666667
Jigawa,01/04/2021,2021,April,217.9315141
Jigawa,01/05/2021,2021,May,227.1428571
Jigawa,01/06/2021,2021,June,246.1538462
Jigawa,01/07/2021,2021,July,258.8888889
Jigawa,01/08/2021,2021,August,245
Jigawa,01/09/2021,2021,September,252.5
Jigawa,01/10/2021,2021,October,252.5
Jigawa,01/11/2021,2021,November,275.7142857
Jigawa,01/12/2021,2021,December,318.8888889
Jigawa,01/01/2022,2022,January,251.25
Jigawa,01/02/2022,2022,February,295.4166667
Jigawa,01/03/2022,2022,March,550
Jigawa,01/04/2022,2022,April,613.75
Jigawa,01/05/2022,2022,May,702.2222222
Jigawa,01/06/2022,2022,June,783
Jigawa,01/07/2022,2022,July,750.2857143
Jigawa,01/08/2022,2022,August,755
Jigawa,01/09/2022,2022,September,782
Jigawa,01/10/2022,2022,October,784
Jigawa,01/11/2022,2022,November,800
Jigawa,01/12/2022,2022,December,814
Jigawa,01/12/2023,2023,December,1229.090909
Jigawa,01/01/2023,2023,January,1193.64
Jigawa,01/02/2023,2023,February,1316.67
Jigawa,01/03/2023,2023,March,1533.33
Jigawa,01/04/2023,2023,April,1418.18
Kaduna,01/06/2015,2015,June,153.9166667
Kaduna,01/07/2015,2015,July,145.1818182
Kaduna,01/08/2015,2015,August,143.8888889
Kaduna,01/09/2015,2015,September,152.5
Kaduna,01/10/2015,2015,October,171
Kaduna,01/11/2015,2015,November,160.625
Kaduna,01/12/2015,2015,December,153.75
Kaduna,01/01/2016,2016,January,163.6363636
Kaduna,01/02/2016,2016,February,151.875
Kaduna,01/03/2016,2016,March,143.125
Kaduna,01/04/2016,2016,April,162.5
Kaduna,01/05/2016,2016,May,156.6666667
Kaduna,01/06/2016,2016,June,178.5714286
Kaduna,01/07/2016,2016,July,203.1818182
Kaduna,01/08/2016,2016,August,192.9166667
Kaduna,01/09/2016,2016,September,198.0769231
Kaduna,01/10/2016,2016,October,192.1666667
Kaduna,01/11/2016,2016,November,194.5833333
Kaduna,01/12/2016,2016,December,190
Kaduna,01/01/2017,2017,January,216.875
Kaduna,01/02/2017,2017,February,228.5
Kaduna,01/03/2017,2017,March,214.0909091
Kaduna,01/04/2017,2017,April,215
Kaduna,01/05/2017,2017,May,208.75
Kaduna,01/06/2017,2017,June,203.5
Kaduna,01/07/2017,2017,July,195.8333333
Kaduna,01/08/2017,2017,August,192.2727273
Kaduna,01/09/2017,2017,September,188.5
Kaduna,01/10/2017,2017,October,197.5
Kaduna,01/11/2017,2017,November,207.85
Kaduna,01/12/2017,2017,December,250.625
Kaduna,01/01/2018,2018,January,232.9166667
Kaduna,01/02/2018,2018,February,208.3333333
Kaduna,01/03/2018,2018,March,212
Kaduna,01/04/2018,2018,April,191.875
Kaduna,01/05/2018,2018,May,203.3333333
Kaduna,01/06/2018,2018,June,195.5
Kaduna,01/07/2018,2018,July,204.2857143
Kaduna,01/08/2018,2018,August,208
Kaduna,01/09/2018,2018,September,220
Kaduna,01/10/2018,2018,October,195.5
Kaduna,01/11/2018,2018,November,195.5
Kaduna,01/12/2018,2018,December,219.2307692
Kaduna,01/01/2019,2019,January,232.5
Kaduna,01/02/2019,2019,February,239.5454545
Kaduna,01/03/2019,2019,March,231.7857143
Kaduna,01/04/2019,2019,April,232.22
Kaduna,01/05/2019,2019,May,232.5
Kaduna,01/06/2019,2019,June,232.5
Kaduna,01/07/2019,2019,July,232.5
Kaduna,01/08/2019,2019,August,232.5
Kaduna,01/09/2019,2019,September,212.5833333
Kaduna,01/10/2019,2019,October,232.5
Kaduna,01/11/2019,2019,November,226.8336358
Kaduna,01/12/2019,2019,December,239.2307692
Kaduna,01/01/2020,2020,January,237.1428571
Kaduna,01/02/2020,2020,February,239.5454545
Kaduna,01/03/2020,2020,March,232
Kaduna,01/04/2020,2020,April,232
Kaduna,01/05/2020,2020,May,231.7191198
Kaduna,01/06/2020,2020,June,231.6541649
Kaduna,01/07/2020,2020,July,229.375
Kaduna,01/08/2020,2020,August,220.3
Kaduna,01/09/2020,2020,September,220.3
Kaduna,01/10/2020,2020,October,208.6363636
Kaduna,01/11/2020,2020,November,226.4444444
Kaduna,01/12/2020,2020,December,226.625
Kaduna,01/01/2021,2021,January,219.3076923
Kaduna,01/02/2021,2021,February,226.625
Kaduna,01/03/2021,2021,March,235.5
Kaduna,01/04/2021,2021,April,230
Kaduna,01/05/2021,2021,May,237.5
Kaduna,01/06/2021,2021,June,221.875
Kaduna,01/07/2021,2021,July,237
Kaduna,01/08/2021,2021,August,244
Kaduna,01/09/2021,2021,September,257
Kaduna,01/10/2021,2021,October,265.2222222
Kaduna,01/11/2021,2021,November,260.6363636
Kaduna,01/12/2021,2021,December,259
Kaduna,01/01/2022,2022,January,246.1111111
Kaduna,01/02/2022,2022,February,279.8571429
Kaduna,01/03/2022,2022,March,502.2222222
Kaduna,01/04/2022,2022,April,664.2857143
Kaduna,01/05/2022,2022,May,670
Kaduna,01/06/2022,2022,June,757.1428571
Kaduna,01/07/2022,2022,July,760.9090909
Kaduna,01/08/2022,2022,August,760
Kaduna,01/09/2022,2022,September,780.9090909
Kaduna,01/10/2022,2022,October,782.2222222
Kaduna,01/11/2022,2022,November,786.6666667
Kaduna,01/12/2022,2022,December,792.5
Kaduna,01/12/2023,2023,December,1221.428571
Kaduna,01/01/2023,2023,January,1100
Kaduna,01/02/2023,2023,February,1230
Kaduna,01/03/2023,2023,March,1461.82
Kaduna,01/04/2023,2023,April,1320.83
Kano,01/06/2015,2015,June,137.6875
Kano,01/07/2015,2015,July,148
Kano,01/08/2015,2015,August,157.2857143
Kano,01/09/2015,2015,September,162.6
Kano,01/10/2015,2015,October,168.875
Kano,01/11/2015,2015,November,172.5
Kano,01/12/2015,2015,December,154.25
Kano,01/01/2016,2016,January,153.6
Kano,01/02/2016,2016,February,144.5555556
Kano,01/03/2016,2016,March,149.5
Kano,01/04/2016,2016,April,147.8888889
Kano,01/05/2016,2016,May,155.1428571
Kano,01/06/2016,2016,June,186.6666667
Kano,01/07/2016,2016,July,202.5
Kano,01/08/2016,2016,August,202.5
Kano,01/09/2016,2016,September,198.3333333
Kano,01/10/2016,2016,October,191
Kano,01/11/2016,2016,November,200.5
Kano,01/12/2016,2016,December,207.5
Kano,01/01/2017,2017,January,201.25
Kano,01/02/2017,2017,February,255
Kano,01/03/2017,2017,March,247.5
Kano,01/04/2017,2017,April,233.125
Kano,01/05/2017,2017,May,224
Kano,01/06/2017,2017,June,218
Kano,01/07/2017,2017,July,220.89
Kano,01/08/2017,2017,August,200.375
Kano,01/09/2017,2017,September,189.2222222
Kano,01/10/2017,2017,October,216.6666667
Kano,01/11/2017,2017,November,208.62
Kano,01/12/2017,2017,December,213.3333333
Kano,01/01/2018,2018,January,225
Kano,01/02/2018,2018,February,214.6875
Kano,01/03/2018,2018,March,214.1666667
Kano,01/04/2018,2018,April,199.6875
Kano,01/05/2018,2018,May,205.4545455
Kano,01/06/2018,2018,June,201.1111111
Kano,01/07/2018,2018,July,205
Kano,01/08/2018,2018,August,207.8571429
Kano,01/09/2018,2018,September,216.3333333
Kano,01/10/2018,2018,October,221.1111111
Kano,01/11/2018,2018,November,231.2111111
Kano,01/12/2018,2018,December,210
Kano,01/01/2019,2019,January,220
Kano,01/02/2019,2019,February,225.7692308
Kano,01/03/2019,2019,March,224.7058824
Kano,01/04/2019,2019,April,226.1
Kano,01/05/2019,2019,May,224.1437783
Kano,01/06/2019,2019,June,235.3846154
Kano,01/07/2019,2019,July,235.3846154
Kano,01/08/2019,2019,August,231.6376697
Kano,01/09/2019,2019,September,226.3846154
Kano,01/10/2019,2019,October,225.8820191
Kano,01/11/2019,2019,November,221.1111111
Kano,01/12/2019,2019,December,230
Kano,01/01/2020,2020,January,238.0769231
Kano,01/02/2020,2020,February,225.7692308
Kano,01/03/2020,2020,March,214.1666667
Kano,01/04/2020,2020,April,214.1666667
Kano,01/05/2020,2020,May,226.7185562
Kano,01/06/2020,2020,June,226.6666667
Kano,01/07/2020,2020,July,221.9166667
Kano,01/08/2020,2020,August,215.5
Kano,01/09/2020,2020,September,215.5
Kano,01/10/2020,2020,October,224
Kano,01/11/2020,2020,November,234.2
Kano,01/12/2020,2020,December,240.5555556
Kano,01/01/2021,2021,January,252.125
Kano,01/02/2021,2021,February,240.5555556
Kano,01/03/2021,2021,March,230
Kano,01/04/2021,2021,April,237.7272727
Kano,01/05/2021,2021,May,232.0625
Kano,01/06/2021,2021,June,243.3333333
Kano,01/07/2021,2021,July,236.6428571
Kano,01/08/2021,2021,August,236.6428571
Kano,01/09/2021,2021,September,235.1044004
Kano,01/10/2021,2021,October,236.1818182
Kano,01/11/2021,2021,November,278.5
Kano,01/12/2021,2021,December,325
Kano,01/01/2022,2022,January,224.2857143
Kano,01/02/2022,2022,February,250.0625
Kano,01/03/2022,2022,March,620
Kano,01/04/2022,2022,April,674.1666667
Kano,01/05/2022,2022,May,690
Kano,01/06/2022,2022,June,725
Kano,01/07/2022,2022,July,730
Kano,01/08/2022,2022,August,804.5454545
Kano,01/09/2022,2022,September,835
Kano,01/10/2022,2022,October,838.8888889
Kano,01/11/2022,2022,November,849.0909091
Kano,01/12/2022,2022,December,848.5
Kano,01/12/2023,2023,December,1200
Kano,01/01/2023,2023,January,940.89
Kano,01/02/2023,2023,February,1111.43
Kano,01/03/2023,2023,March,1265.71
Kano,01/04/2023,2023,April,1258.57
Katsina,01/06/2015,2015,June,130.625
Katsina,01/07/2015,2015,July,133.125
Katsina,01/08/2015,2015,August,143.125
Katsina,01/09/2015,2015,September,155
Katsina,01/10/2015,2015,October,142.1428571
Katsina,01/11/2015,2015,November,152.7777778
Katsina,01/12/2015,2015,December,143.8888889
Katsina,01/01/2016,2016,January,145.5
Katsina,01/02/2016,2016,February,143.125
Katsina,01/03/2016,2016,March,135
Katsina,01/04/2016,2016,April,150.5
Katsina,01/05/2016,2016,May,140
Katsina,01/06/2016,2016,June,194
Katsina,01/07/2016,2016,July,211.1111111
Katsina,01/08/2016,2016,August,195.2222222
Katsina,01/09/2016,2016,September,184.875
Katsina,01/10/2016,2016,October,191.5
Katsina,01/11/2016,2016,November,195.5
Katsina,01/12/2016,2016,December,202.2222222
Katsina,01/01/2017,2017,January,252.1875
Katsina,01/02/2017,2017,February,237
Katsina,01/03/2017,2017,March,236.25
Katsina,01/04/2017,2017,April,230.4166667
Katsina,01/05/2017,2017,May,226
Katsina,01/06/2017,2017,June,211.1818182
Katsina,01/07/2017,2017,July,207.2222222
Katsina,01/08/2017,2017,August,187.2222222
Katsina,01/09/2017,2017,September,178.3333333
Katsina,01/10/2017,2017,October,193.4375
Katsina,01/11/2017,2017,November,201.66
Katsina,01/12/2017,2017,December,218
Katsina,01/01/2018,2018,January,230
Katsina,01/02/2018,2018,February,219.5
Katsina,01/03/2018,2018,March,224.5
Katsina,01/04/2018,2018,April,214.5833333
Katsina,01/05/2018,2018,May,223.1818182
Katsina,01/06/2018,2018,June,221.6666667
Katsina,01/07/2018,2018,July,217
Katsina,01/08/2018,2018,August,209.4166667
Katsina,01/09/2018,2018,September,195.625
Katsina,01/10/2018,2018,October,221.6666667
Katsina,01/11/2018,2018,November,221.7666667
Katsina,01/12/2018,2018,December,233.5
Katsina,01/01/2019,2019,January,233.5
Katsina,01/02/2019,2019,February,211.5
Katsina,01/03/2019,2019,March,222
Katsina,01/04/2019,2019,April,221.65
Katsina,01/05/2019,2019,May,233.5714286
Katsina,01/06/2019,2019,June,233.5714286
Katsina,01/07/2019,2019,July,233.5714286
Katsina,01/08/2019,2019,August,233.57
Katsina,01/09/2019,2019,September,228.6363636
Katsina,01/10/2019,2019,October,233.5714286
Katsina,01/11/2019,2019,November,221.6666667
Katsina,01/12/2019,2019,December,233.5
Katsina,01/01/2020,2020,January,233.5
Katsina,01/02/2020,2020,February,211.5
Katsina,01/03/2020,2020,March,224.5
Katsina,01/04/2020,2020,April,224.5
Katsina,01/05/2020,2020,May,228.7028296
Katsina,01/06/2020,2020,June,226.5
Katsina,01/07/2020,2020,July,227.7175821
Katsina,01/08/2020,2020,August,236
Katsina,01/09/2020,2020,September,227.9537986
Katsina,01/10/2020,2020,October,249.2857143
Katsina,01/11/2020,2020,November,228.6129423
Katsina,01/12/2020,2020,December,249.2857143
Katsina,01/01/2021,2021,January,229.5
Katsina,01/02/2021,2021,February,239.2857143
Katsina,01/03/2021,2021,March,236.875
Katsina,01/04/2021,2021,April,238.125
Katsina,01/05/2021,2021,May,227.5
Katsina,01/06/2021,2021,June,226.5
Katsina,01/07/2021,2021,July,252.5714286
Katsina,01/08/2021,2021,August,252.5714286
Katsina,01/09/2021,2021,September,225
Katsina,01/10/2021,2021,October,235.7142857
Katsina,01/11/2021,2021,November,224.375
Katsina,01/12/2021,2021,December,225
Katsina,01/01/2022,2022,January,293
Katsina,01/02/2022,2022,February,314.125
Katsina,01/03/2022,2022,March,585
Katsina,01/04/2022,2022,April,700
Katsina,01/05/2022,2022,May,673.8461538
Katsina,01/06/2022,2022,June,786.3636364
Katsina,01/07/2022,2022,July,695
Katsina,01/08/2022,2022,August,702.2222222
Katsina,01/09/2022,2022,September,710
Katsina,01/10/2022,2022,October,792.7272727
Katsina,01/11/2022,2022,November,803.75
Katsina,01/12/2022,2022,December,791.25
Katsina,01/12/2023,2023,December,1165.625
Katsina,01/01/2023,2023,January,1066.67
Katsina,01/02/2023,2023,February,1125
Katsina,01/03/2023,2023,March,1336.36
Katsina,01/04/2023,2023,April,1305.56
Kebbi,01/06/2015,2015,June,172.6923077
Kebbi,01/07/2015,2015,July,191.25
Kebbi,01/08/2015,2015,August,165
Kebbi,01/09/2015,2015,September,161.875
Kebbi,01/10/2015,2015,October,209.375
Kebbi,01/11/2015,2015,November,215
Kebbi,01/12/2015,2015,December,210.7692308
Kebbi,01/01/2016,2016,January,200.7692308
Kebbi,01/02/2016,2016,February,155.5
Kebbi,01/03/2016,2016,March,212.7777778
Kebbi,01/04/2016,2016,April,192.2727273
Kebbi,01/05/2016,2016,May,187.7777778
Kebbi,01/06/2016,2016,June,200
Kebbi,01/07/2016,2016,July,229.0909091
Kebbi,01/08/2016,2016,August,194.5454545
Kebbi,01/09/2016,2016,September,199.375
Kebbi,01/10/2016,2016,October,192
Kebbi,01/11/2016,2016,November,208.6363636
Kebbi,01/12/2016,2016,December,210.4166667
Kebbi,01/01/2017,2017,January,235.8333333
Kebbi,01/02/2017,2017,February,240.7142857
Kebbi,01/03/2017,2017,March,230
Kebbi,01/04/2017,2017,April,223.5
Kebbi,01/05/2017,2017,May,219.1666667
Kebbi,01/06/2017,2017,June,224.0909091
Kebbi,01/07/2017,2017,July,220
Kebbi,01/08/2017,2017,August,216
Kebbi,01/09/2017,2017,September,179
Kebbi,01/10/2017,2017,October,216.875
Kebbi,01/11/2017,2017,November,219.37
Kebbi,01/12/2017,2017,December,221.4285714
Kebbi,01/01/2018,2018,January,255.4545455
Kebbi,01/02/2018,2018,February,229.5
Kebbi,01/03/2018,2018,March,230.8333333
Kebbi,01/04/2018,2018,April,221.25
Kebbi,01/05/2018,2018,May,224.5
Kebbi,01/06/2018,2018,June,227.5
Kebbi,01/07/2018,2018,July,224
Kebbi,01/08/2018,2018,August,222
Kebbi,01/09/2018,2018,September,227.5
Kebbi,01/10/2018,2018,October,227.5
Kebbi,01/11/2018,2018,November,227.9
Kebbi,01/12/2018,2018,December,232.7777778
Kebbi,01/01/2019,2019,January,231.1111111
Kebbi,01/02/2019,2019,February,225.7142857
Kebbi,01/03/2019,2019,March,227.5
Kebbi,01/04/2019,2019,April,230.2
Kebbi,01/05/2019,2019,May,231.1111111
Kebbi,01/06/2019,2019,June,231.1111111
Kebbi,01/07/2019,2019,July,231.1111111
Kebbi,01/08/2019,2019,August,225
Kebbi,01/09/2019,2019,September,239.5
Kebbi,01/10/2019,2019,October,225
Kebbi,01/11/2019,2019,November,227.5
Kebbi,01/12/2019,2019,December,232.7777778
Kebbi,01/01/2020,2020,January,240.75
Kebbi,01/02/2020,2020,February,230.5538264
Kebbi,01/03/2020,2020,March,230.8333333
Kebbi,01/04/2020,2020,April,230.8333333
Kebbi,01/05/2020,2020,May,205.8333333
Kebbi,01/06/2020,2020,June,239.5
Kebbi,01/07/2020,2020,July,235
Kebbi,01/08/2020,2020,August,240.2
Kebbi,01/09/2020,2020,September,240.2
Kebbi,01/10/2020,2020,October,247.1428571
Kebbi,01/11/2020,2020,November,258.5714286
Kebbi,01/12/2020,2020,December,256.6666667
Kebbi,01/01/2021,2021,January,257.5
Kebbi,01/02/2021,2021,February,257.5
Kebbi,01/03/2021,2021,March,222.7777778
Kebbi,01/04/2021,2021,April,224.625
Kebbi,01/05/2021,2021,May,225
Kebbi,01/06/2021,2021,June,241.7076336
Kebbi,01/07/2021,2021,July,236.6666667
Kebbi,01/08/2021,2021,August,214.1666667
Kebbi,01/09/2021,2021,September,230
Kebbi,01/10/2021,2021,October,214.1666667
Kebbi,01/11/2021,2021,November,214.1666667
Kebbi,01/12/2021,2021,December,232.3560287
Kebbi,01/01/2022,2022,January,230
Kebbi,01/02/2022,2022,February,231.6666667
Kebbi,01/03/2022,2022,March,450
Kebbi,01/04/2022,2022,April,700
Kebbi,01/05/2022,2022,May,700
Kebbi,01/06/2022,2022,June,750
Kebbi,01/07/2022,2022,July,780
Kebbi,01/08/2022,2022,August,777.1428571
Kebbi,01/09/2022,2022,September,783
Kebbi,01/10/2022,2022,October,787.7777778
Kebbi,01/11/2022,2022,November,789
Kebbi,01/12/2022,2022,December,800
Kebbi,01/12/2023,2023,December,1250
Kebbi,01/01/2023,2023,January,1433.33
Kebbi,01/02/2023,2023,February,1400
Kebbi,01/03/2023,2023,March,1370
Kebbi,01/04/2023,2023,April,1380
Kogi,01/06/2015,2015,June,152.5
Kogi,01/07/2015,2015,July,151.25
Kogi,01/08/2015,2015,August,148.8
Kogi,01/09/2015,2015,September,151.6
Kogi,01/10/2015,2015,October,155
Kogi,01/11/2015,2015,November,162.1428571
Kogi,01/12/2015,2015,December,166.25
Kogi,01/01/2016,2016,January,166.3333333
Kogi,01/02/2016,2016,February,152.1428571
Kogi,01/03/2016,2016,March,152
Kogi,01/04/2016,2016,April,135
Kogi,01/05/2016,2016,May,152.5
Kogi,01/06/2016,2016,June,180
Kogi,01/07/2016,2016,July,201.25
Kogi,01/08/2016,2016,August,190
Kogi,01/09/2016,2016,September,196.6666667
Kogi,01/10/2016,2016,October,181.8181818
Kogi,01/11/2016,2016,November,186.25
Kogi,01/12/2016,2016,December,186
Kogi,01/01/2017,2017,January,235.3846154
Kogi,01/02/2017,2017,February,250
Kogi,01/03/2017,2017,March,260
Kogi,01/04/2017,2017,April,249
Kogi,01/05/2017,2017,May,229.5
Kogi,01/06/2017,2017,June,217.5
Kogi,01/07/2017,2017,July,210.8333333
Kogi,01/08/2017,2017,August,204.4444444
Kogi,01/09/2017,2017,September,175
Kogi,01/10/2017,2017,October,191.1538462
Kogi,01/11/2017,2017,November,214.44
Kogi,01/12/2017,2017,December,207
Kogi,01/01/2018,2018,January,211.25
Kogi,01/02/2018,2018,February,198
Kogi,01/03/2018,2018,March,205
Kogi,01/04/2018,2018,April,201.4285714
Kogi,01/05/2018,2018,May,210.625
Kogi,01/06/2018,2018,June,217.7777778
Kogi,01/07/2018,2018,July,210
Kogi,01/08/2018,2018,August,204.9090909
Kogi,01/09/2018,2018,September,201.25
Kogi,01/10/2018,2018,October,213.75
Kogi,01/11/2018,2018,November,203.8888889
Kogi,01/12/2018,2018,December,215.5555556
Kogi,01/01/2019,2019,January,216.6666667
Kogi,01/02/2019,2019,February,217.5
Kogi,01/03/2019,2019,March,220.3333333
Kogi,01/04/2019,2019,April,220.95
Kogi,01/05/2019,2019,May,232.5
Kogi,01/06/2019,2019,June,205.75
Kogi,01/07/2019,2019,July,218.5714286
Kogi,01/08/2019,2019,August,228.57
Kogi,01/09/2019,2019,September,228.5714286
Kogi,01/10/2019,2019,October,237.1428571
Kogi,01/11/2019,2019,November,229.375
Kogi,01/12/2019,2019,December,227.5
Kogi,01/01/2020,2020,January,232.1428571
Kogi,01/02/2020,2020,February,217.5
Kogi,01/03/2020,2020,March,237.1428571
Kogi,01/04/2020,2020,April,237.1428571
Kogi,01/05/2020,2020,May,227.4734938
Kogi,01/06/2020,2020,June,209
Kogi,01/07/2020,2020,July,212.5
Kogi,01/08/2020,2020,August,206.625
Kogi,01/09/2020,2020,September,200.8333333
Kogi,01/10/2020,2020,October,216
Kogi,01/11/2020,2020,November,228.3333333
Kogi,01/12/2020,2020,December,230.3846154
Kogi,01/01/2021,2021,January,212.5
Kogi,01/02/2021,2021,February,217.1428571
Kogi,01/03/2021,2021,March,228.5714286
Kogi,01/04/2021,2021,April,215
Kogi,01/05/2021,2021,May,239
Kogi,01/06/2021,2021,June,237
Kogi,01/07/2021,2021,July,234.1666667
Kogi,01/08/2021,2021,August,213.3333333
Kogi,01/09/2021,2021,September,273.75
Kogi,01/10/2021,2021,October,257.5
Kogi,01/11/2021,2021,November,272.1428571
Kogi,01/12/2021,2021,December,264.1666667
Kogi,01/01/2022,2022,January,290
Kogi,01/02/2022,2022,February,312
Kogi,01/03/2022,2022,March,540
Kogi,01/04/2022,2022,April,550
Kogi,01/05/2022,2022,May,653.5714286
Kogi,01/06/2022,2022,June,678
Kogi,01/07/2022,2022,July,763.3333333
Kogi,01/08/2022,2022,August,804.5454545
Kogi,01/09/2022,2022,September,814.4444444
Kogi,01/10/2022,2022,October,811.1111111
Kogi,01/11/2022,2022,November,813.3333333
Kogi,01/12/2022,2022,December,827.7777778
Kogi,01/12/2023,2023,December,1011.666667
Kogi,01/01/2023,2023,January,1300
Kogi,01/02/2023,2023,February,1280.56
Kogi,01/03/2023,2023,March,1234.42
Kogi,01/04/2023,2023,April,1152.5
Kwara,01/06/2015,2015,June,146
Kwara,01/07/2015,2015,July,160.3333333
Kwara,01/08/2015,2015,August,154
Kwara,01/09/2015,2015,September,179.2
Kwara,01/10/2015,2015,October,143.3333333
Kwara,01/11/2015,2015,November,168
Kwara,01/12/2015,2015,December,163.2
Kwara,01/01/2016,2016,January,160.3333333
Kwara,01/02/2016,2016,February,142.6666667
Kwara,01/03/2016,2016,March,153.5714286
Kwara,01/04/2016,2016,April,135
Kwara,01/05/2016,2016,May,146
Kwara,01/06/2016,2016,June,185.21064
Kwara,01/07/2016,2016,July,223.3333333
Kwara,01/08/2016,2016,August,202
Kwara,01/09/2016,2016,September,198.8888889
Kwara,01/10/2016,2016,October,193.3417987
Kwara,01/11/2016,2016,November,187.8571429
Kwara,01/12/2016,2016,December,191.6666667
Kwara,01/01/2017,2017,January,228.3333333
Kwara,01/02/2017,2017,February,253.3333333
Kwara,01/03/2017,2017,March,263.5714286
Kwara,01/04/2017,2017,April,220
Kwara,01/05/2017,2017,May,219.375
Kwara,01/06/2017,2017,June,235.5555556
Kwara,01/07/2017,2017,July,202
Kwara,01/08/2017,2017,August,203.3333333
Kwara,01/09/2017,2017,September,170
Kwara,01/10/2017,2017,October,191.5384615
Kwara,01/11/2017,2017,November,201
Kwara,01/12/2017,2017,December,198
Kwara,01/01/2018,2018,January,202.5
Kwara,01/02/2018,2018,February,201
Kwara,01/03/2018,2018,March,200
Kwara,01/04/2018,2018,April,203.75
Kwara,01/05/2018,2018,May,205
Kwara,01/06/2018,2018,June,208.115
Kwara,01/07/2018,2018,July,208
Kwara,01/08/2018,2018,August,210
Kwara,01/09/2018,2018,September,203.3333333
Kwara,01/10/2018,2018,October,226
Kwara,01/11/2018,2018,November,200
Kwara,01/12/2018,2018,December,231
Kwara,01/01/2019,2019,January,249
Kwara,01/02/2019,2019,February,235
Kwara,01/03/2019,2019,March,234
Kwara,01/04/2019,2019,April,235.6
Kwara,01/05/2019,2019,May,228
Kwara,01/06/2019,2019,June,238
Kwara,01/07/2019,2019,July,243
Kwara,01/08/2019,2019,August,243
Kwara,01/09/2019,2019,September,243
Kwara,01/10/2019,2019,October,228
Kwara,01/11/2019,2019,November,241.6666667
Kwara,01/12/2019,2019,December,235
Kwara,01/01/2020,2020,January,239.25
Kwara,01/02/2020,2020,February,235
Kwara,01/03/2020,2020,March,231.6666667
Kwara,01/04/2020,2020,April,232
Kwara,01/05/2020,2020,May,216.6666667
Kwara,01/06/2020,2020,June,235.4000534
Kwara,01/07/2020,2020,July,232
Kwara,01/08/2020,2020,August,226.6666667
Kwara,01/09/2020,2020,September,191
Kwara,01/10/2020,2020,October,173.25
Kwara,01/11/2020,2020,November,182.5
Kwara,01/12/2020,2020,December,195
Kwara,01/01/2021,2021,January,211.25
Kwara,01/02/2021,2021,February,226.86
Kwara,01/03/2021,2021,March,249.395
Kwara,01/04/2021,2021,April,246
Kwara,01/05/2021,2021,May,241.25
Kwara,01/06/2021,2021,June,261
Kwara,01/07/2021,2021,July,268.5714286
Kwara,01/08/2021,2021,August,281.25
Kwara,01/09/2021,2021,September,245
Kwara,01/10/2021,2021,October,229.296736
Kwara,01/11/2021,2021,November,318
Kwara,01/12/2021,2021,December,322.5
Kwara,01/01/2022,2022,January,319
Kwara,01/02/2022,2022,February,330
Kwara,01/03/2022,2022,March,512
Kwara,01/04/2022,2022,April,693.3333333
Kwara,01/05/2022,2022,May,658.3333333
Kwara,01/06/2022,2022,June,800
Kwara,01/07/2022,2022,July,792.5
Kwara,01/08/2022,2022,August,816.6666667
Kwara,01/09/2022,2022,September,817.1428571
Kwara,01/10/2022,2022,October,831.4285714
Kwara,01/11/2022,2022,November,836.4285714
Kwara,01/12/2022,2022,December,828.3333333
Kwara,01/12/2023,2023,December,1153.333333
Kwara,01/01/2023,2023,January,1134.71
Kwara,01/02/2023,2023,February,1444
Kwara,01/03/2023,2023,March,1307.5
Kwara,01/04/2023,2023,April,1345.71
Lagos,01/06/2015,2015,June,131.4705882
Lagos,01/07/2015,2015,July,125.75
Lagos,01/08/2015,2015,August,131.25
Lagos,01/09/2015,2015,September,140.5555556
Lagos,01/10/2015,2015,October,133.3333333
Lagos,01/11/2015,2015,November,153.6842105
Lagos,01/12/2015,2015,December,148.4210526
Lagos,01/01/2016,2016,January,149.375
Lagos,01/02/2016,2016,February,155.25
Lagos,01/03/2016,2016,March,143.4375
Lagos,01/04/2016,2016,April,147.3684211
Lagos,01/05/2016,2016,May,143.25
Lagos,01/06/2016,2016,June,175.5555556
Lagos,01/07/2016,2016,July,202.1428571
Lagos,01/08/2016,2016,August,194.4705882
Lagos,01/09/2016,2016,September,188.1111111
Lagos,01/10/2016,2016,October,187
Lagos,01/11/2016,2016,November,195.5882353
Lagos,01/12/2016,2016,December,196.5789474
Lagos,01/01/2017,2017,January,230
Lagos,01/02/2017,2017,February,252.1875
Lagos,01/03/2017,2017,March,242.6190476
Lagos,01/04/2017,2017,April,236.9444444
Lagos,01/05/2017,2017,May,230
Lagos,01/06/2017,2017,June,205.952381
Lagos,01/07/2017,2017,July,187.1875
Lagos,01/08/2017,2017,August,179.8235294
Lagos,01/09/2017,2017,September,185.2941176
Lagos,01/10/2017,2017,October,191.4705882
Lagos,01/11/2017,2017,November,206.33
Lagos,01/12/2017,2017,December,216.5384615
Lagos,01/01/2018,2018,January,212.3809524
Lagos,01/02/2018,2018,February,203.5294118
Lagos,01/03/2018,2018,March,201.3636364
Lagos,01/04/2018,2018,April,202.5
Lagos,01/05/2018,2018,May,210.25
Lagos,01/06/2018,2018,June,219.7826087
Lagos,01/07/2018,2018,July,217.1153846
Lagos,01/08/2018,2018,August,220.5263158
Lagos,01/09/2018,2018,September,227.3333333
Lagos,01/10/2018,2018,October,238.5454545
Lagos,01/11/2018,2018,November,236.6666667
Lagos,01/12/2018,2018,December,223.4210526
Lagos,01/01/2019,2019,January,230.7894737
Lagos,01/02/2019,2019,February,233.0555556
Lagos,01/03/2019,2019,March,233.6363636
Lagos,01/04/2019,2019,April,238.24
Lagos,01/05/2019,2019,May,233.9303482
Lagos,01/06/2019,2019,June,221.0526316
Lagos,01/07/2019,2019,July,223.0588235
Lagos,01/08/2019,2019,August,219.62
Lagos,01/09/2019,2019,September,220.7894737
Lagos,01/10/2019,2019,October,222.4074074
Lagos,01/11/2019,2019,November,230.2777778
Lagos,01/12/2019,2019,December,239.4736842
Lagos,01/01/2020,2020,January,227.8571429
Lagos,01/02/2020,2020,February,225
Lagos,01/03/2020,2020,March,225
Lagos,01/04/2020,2020,April,225
Lagos,01/05/2020,2020,May,215
Lagos,01/06/2020,2020,June,215.2222222
Lagos,01/07/2020,2020,July,226.3157895
Lagos,01/08/2020,2020,August,221.9444444
Lagos,01/09/2020,2020,September,210.35
Lagos,01/10/2020,2020,October,213.7222222
Lagos,01/11/2020,2020,November,214.6842105
Lagos,01/12/2020,2020,December,221.375
Lagos,01/01/2021,2021,January,220.7894737
Lagos,01/02/2021,2021,February,228.4375
Lagos,01/03/2021,2021,March,240.4545455
Lagos,01/04/2021,2021,April,247.3684211
Lagos,01/05/2021,2021,May,245
Lagos,01/06/2021,2021,June,238.25
Lagos,01/07/2021,2021,July,245
Lagos,01/08/2021,2021,August,244.0625
Lagos,01/09/2021,2021,September,247.6470588
Lagos,01/10/2021,2021,October,258.75
Lagos,01/11/2021,2021,November,294.7368421
Lagos,01/12/2021,2021,December,243.6532114
Lagos,01/01/2022,2022,January,303.2631579
Lagos,01/02/2022,2022,February,335.9375
Lagos,01/03/2022,2022,March,668.75
Lagos,01/04/2022,2022,April,660.6666667
Lagos,01/05/2022,2022,May,703.5555556
Lagos,01/06/2022,2022,June,727
Lagos,01/07/2022,2022,July,773.2352941
Lagos,01/08/2022,2022,August,769
Lagos,01/09/2022,2022,September,742.1428571
Lagos,01/10/2022,2022,October,778.2352941
Lagos,01/11/2022,2022,November,783.5406667
Lagos,01/12/2022,2022,December,835.2941176
Lagos,01/12/2023,2023,December,1157.8125
Lagos,01/01/2023,2023,January,1199.79
Lagos,01/02/2023,2023,February,1161.67
Lagos,01/03/2023,2023,March,1231.25
Lagos,01/04/2023,2023,April,1276.47
Nasarawa,01/06/2015,2015,June,167.6923077
Nasarawa,01/07/2015,2015,July,169.1428571
Nasarawa,01/08/2015,2015,August,193.125
Nasarawa,01/09/2015,2015,September,166
Nasarawa,01/10/2015,2015,October,154
Nasarawa,01/11/2015,2015,November,182.1428571
Nasarawa,01/12/2015,2015,December,170
Nasarawa,01/01/2016,2016,January,162.5
Nasarawa,01/02/2016,2016,February,161.5
Nasarawa,01/03/2016,2016,March,161.1111111
Nasarawa,01/04/2016,2016,April,152.7777778
Nasarawa,01/05/2016,2016,May,167.6923077
Nasarawa,01/06/2016,2016,June,183.6363636
Nasarawa,01/07/2016,2016,July,205
Nasarawa,01/08/2016,2016,August,208.8888889
Nasarawa,01/09/2016,2016,September,196.5714286
Nasarawa,01/10/2016,2016,October,183
Nasarawa,01/11/2016,2016,November,195
Nasarawa,01/12/2016,2016,December,196.4285714
Nasarawa,01/01/2017,2017,January,227.7777778
Nasarawa,01/02/2017,2017,February,251.25
Nasarawa,01/03/2017,2017,March,250.5
Nasarawa,01/04/2017,2017,April,246.9090909
Nasarawa,01/05/2017,2017,May,227.0833333
Nasarawa,01/06/2017,2017,June,221.8181818
Nasarawa,01/07/2017,2017,July,185
Nasarawa,01/08/2017,2017,August,176.25
Nasarawa,01/09/2017,2017,September,180
Nasarawa,01/10/2017,2017,October,194.7222222
Nasarawa,01/11/2017,2017,November,183.75
Nasarawa,01/12/2017,2017,December,278.8636364
Nasarawa,01/01/2018,2018,January,223
Nasarawa,01/02/2018,2018,February,200
Nasarawa,01/03/2018,2018,March,197
Nasarawa,01/04/2018,2018,April,203.1578947
Nasarawa,01/05/2018,2018,May,162.2727273
Nasarawa,01/06/2018,2018,June,175.4117647
Nasarawa,01/07/2018,2018,July,175.8333333
Nasarawa,01/08/2018,2018,August,180
Nasarawa,01/09/2018,2018,September,210
Nasarawa,01/10/2018,2018,October,237.7777778
Nasarawa,01/11/2018,2018,November,217.7777778
Nasarawa,01/12/2018,2018,December,211.6666667
Nasarawa,01/01/2019,2019,January,213.125
Nasarawa,01/02/2019,2019,February,217.25
Nasarawa,01/03/2019,2019,March,218.5
Nasarawa,01/04/2019,2019,April,219.21
Nasarawa,01/05/2019,2019,May,206.9285714
Nasarawa,01/06/2019,2019,June,196.9090909
Nasarawa,01/07/2019,2019,July,206.6
Nasarawa,01/08/2019,2019,August,225.6
Nasarawa,01/09/2019,2019,September,252.6
Nasarawa,01/10/2019,2019,October,225.6923077
Nasarawa,01/11/2019,2019,November,214.1428571
Nasarawa,01/12/2019,2019,December,217.3520412
Nasarawa,01/01/2020,2020,January,231
Nasarawa,01/02/2020,2020,February,218.9129158
Nasarawa,01/03/2020,2020,March,207.7777778
Nasarawa,01/04/2020,2020,April,217.8181818
Nasarawa,01/05/2020,2020,May,218.0197333
Nasarawa,01/06/2020,2020,June,218.9704023
Nasarawa,01/07/2020,2020,July,220.916788
Nasarawa,01/08/2020,2020,August,215.625
Nasarawa,01/09/2020,2020,September,221.8181818
Nasarawa,01/10/2020,2020,October,209.2857143
Nasarawa,01/11/2020,2020,November,196.3333333
Nasarawa,01/12/2020,2020,December,218.8
Nasarawa,01/01/2021,2021,January,213.8888889
Nasarawa,01/02/2021,2021,February,224.5454545
Nasarawa,01/03/2021,2021,March,226.1
Nasarawa,01/04/2021,2021,April,237.6666667
Nasarawa,01/05/2021,2021,May,213.8888889
Nasarawa,01/06/2021,2021,June,244.8333333
Nasarawa,01/07/2021,2021,July,262.8
Nasarawa,01/08/2021,2021,August,244.4166667
Nasarawa,01/09/2021,2021,September,241.2222222
Nasarawa,01/10/2021,2021,October,254.1
Nasarawa,01/11/2021,2021,November,293.8888889
Nasarawa,01/12/2021,2021,December,315
Nasarawa,01/01/2022,2022,January,287.5
Nasarawa,01/02/2022,2022,February,315
Nasarawa,01/03/2022,2022,March,450
Nasarawa,01/04/2022,2022,April,701
Nasarawa,01/05/2022,2022,May,683.75
Nasarawa,01/06/2022,2022,June,715
Nasarawa,01/07/2022,2022,July,768.8888889
Nasarawa,01/08/2022,2022,August,797.2727273
Nasarawa,01/09/2022,2022,September,806.9230769
Nasarawa,01/10/2022,2022,October,845.3846154
Nasarawa,01/11/2022,2022,November,858.8888889
Nasarawa,01/12/2022,2022,December,850.8888889
Nasarawa,01/12/2023,2023,December,1200
Nasarawa,01/01/2023,2023,January,1146
Nasarawa,01/02/2023,2023,February,1275
Nasarawa,01/03/2023,2023,March,1285
Nasarawa,01/04/2023,2023,April,1520
Niger,01/06/2015,2015,June,179.375
Niger,01/07/2015,2015,July,162.1428571
Niger,01/08/2015,2015,August,175
Niger,01/09/2015,2015,September,162
Niger,01/10/2015,2015,October,186.6666667
Niger,01/11/2015,2015,November,177.1428571
Niger,01/12/2015,2015,December,172.5
Niger,01/01/2016,2016,January,187
Niger,01/02/2016,2016,February,164.1666667
Niger,01/03/2016,2016,March,151
Niger,01/04/2016,2016,April,169
Niger,01/05/2016,2016,May,179.375
Niger,01/06/2016,2016,June,188.3333333
Niger,01/07/2016,2016,July,204.2857143
Niger,01/08/2016,2016,August,197.1428571
Niger,01/09/2016,2016,September,198
Niger,01/10/2016,2016,October,183.8888889
Niger,01/11/2016,2016,November,188
Niger,01/12/2016,2016,December,190
Niger,01/01/2017,2017,January,223.3333333
Niger,01/02/2017,2017,February,248.5714286
Niger,01/03/2017,2017,March,226.4285714
Niger,01/04/2017,2017,April,237.5
Niger,01/05/2017,2017,May,236.4285714
Niger,01/06/2017,2017,June,230
Niger,01/07/2017,2017,July,220
Niger,01/08/2017,2017,August,224.2307692
Niger,01/09/2017,2017,September,181.4285714
Niger,01/10/2017,2017,October,206.25
Niger,01/11/2017,2017,November,200.28
Niger,01/12/2017,2017,December,203.75
Niger,01/01/2018,2018,January,221.4285714
Niger,01/02/2018,2018,February,202.1
Niger,01/03/2018,2018,March,199
Niger,01/04/2018,2018,April,201.8181818
Niger,01/05/2018,2018,May,218.5714286
Niger,01/06/2018,2018,June,200.5
Niger,01/07/2018,2018,July,200.5555556
Niger,01/08/2018,2018,August,211.8461538
Niger,01/09/2018,2018,September,203.3333333
Niger,01/10/2018,2018,October,219.0666667
Niger,01/11/2018,2018,November,201.25
Niger,01/12/2018,2018,December,211.6666667
Niger,01/01/2019,2019,January,218
Niger,01/02/2019,2019,February,221.4285714
Niger,01/03/2019,2019,March,241.875
Niger,01/04/2019,2019,April,241.9
Niger,01/05/2019,2019,May,220.625
Niger,01/06/2019,2019,June,231.6666667
Niger,01/07/2019,2019,July,243.75
Niger,01/08/2019,2019,August,257.14
Niger,01/09/2019,2019,September,253.75
Niger,01/10/2019,2019,October,230
Niger,01/11/2019,2019,November,221.25
Niger,01/12/2019,2019,December,221.4285714
Niger,01/01/2020,2020,January,228.5714286
Niger,01/02/2020,2020,February,221.4285714
Niger,01/03/2020,2020,March,238.75
Niger,01/04/2020,2020,April,222.2222222
Niger,01/05/2020,2020,May,218.3333333
Niger,01/06/2020,2020,June,240
Niger,01/07/2020,2020,July,233.75
Niger,01/08/2020,2020,August,235
Niger,01/09/2020,2020,September,247.7777778
Niger,01/10/2020,2020,October,242.5
Niger,01/11/2020,2020,November,250
Niger,01/12/2020,2020,December,235
Niger,01/01/2021,2021,January,251.25
Niger,01/02/2021,2021,February,243.1818182
Niger,01/03/2021,2021,March,238.3333333
Niger,01/04/2021,2021,April,250
Niger,01/05/2021,2021,May,248.75
Niger,01/06/2021,2021,June,260
Niger,01/07/2021,2021,July,252.8571429
Niger,01/08/2021,2021,August,255.7142857
Niger,01/09/2021,2021,September,264
Niger,01/10/2021,2021,October,260
Niger,01/11/2021,2021,November,246
Niger,01/12/2021,2021,December,276
Niger,01/01/2022,2022,January,291.25
Niger,01/02/2022,2022,February,312.1428571
Niger,01/03/2022,2022,March,515
Niger,01/04/2022,2022,April,615
Niger,01/05/2022,2022,May,673.5
Niger,01/06/2022,2022,June,746.25
Niger,01/07/2022,2022,July,783.3333333
Niger,01/08/2022,2022,August,821.6666667
Niger,01/09/2022,2022,September,841.6666667
Niger,01/10/2022,2022,October,816.6666667
Niger,01/11/2022,2022,November,822.5
Niger,01/12/2022,2022,December,826.2222222
Niger,01/12/2023,2023,December,1062.5
Niger,01/01/2023,2023,January,1217.79
Niger,01/02/2023,2023,February,1180
Niger,01/03/2023,2023,March,1140
Niger,01/04/2023,2023,April,1023
Ogun,01/06/2015,2015,June,129.6428571
Ogun,01/07/2015,2015,July,128.5416667
Ogun,01/08/2015,2015,August,133.8461538
Ogun,01/09/2015,2015,September,141.25
Ogun,01/10/2015,2015,October,132.7272727
Ogun,01/11/2015,2015,November,151.5384615
Ogun,01/12/2015,2015,December,149.4
Ogun,01/01/2016,2016,January,146.7857143
Ogun,01/02/2016,2016,February,140.3846154
Ogun,01/03/2016,2016,March,135
Ogun,01/04/2016,2016,April,129.6153846
Ogun,01/05/2016,2016,May,132.5
Ogun,01/06/2016,2016,June,172.8571429
Ogun,01/07/2016,2016,July,207.1538462
Ogun,01/08/2016,2016,August,198.4615385
Ogun,01/09/2016,2016,September,183.4615385
Ogun,01/10/2016,2016,October,186.6923077
Ogun,01/11/2016,2016,November,199.8666667
Ogun,01/12/2016,2016,December,204.0909091
Ogun,01/01/2017,2017,January,198.3333333
Ogun,01/02/2017,2017,February,245.3846154
Ogun,01/03/2017,2017,March,238
Ogun,01/04/2017,2017,April,220.3846154
Ogun,01/05/2017,2017,May,210.5
Ogun,01/06/2017,2017,June,220.4545455
Ogun,01/07/2017,2017,July,180.0769231
Ogun,01/08/2017,2017,August,177.7272727
Ogun,01/09/2017,2017,September,184
Ogun,01/10/2017,2017,October,195
Ogun,01/11/2017,2017,November,192.3
Ogun,01/12/2017,2017,December,199.5
Ogun,01/01/2018,2018,January,192.3076923
Ogun,01/02/2018,2018,February,190.625
Ogun,01/03/2018,2018,March,190.7142857
Ogun,01/04/2018,2018,April,193.5714286
Ogun,01/05/2018,2018,May,197.5333333
Ogun,01/06/2018,2018,June,200.3333333
Ogun,01/07/2018,2018,July,200.875
Ogun,01/08/2018,2018,August,216.6
Ogun,01/09/2018,2018,September,215.7777778
Ogun,01/10/2018,2018,October,208.75
Ogun,01/11/2018,2018,November,215.2727273
Ogun,01/12/2018,2018,December,214.7857143
Ogun,01/01/2019,2019,January,222.4666667
Ogun,01/02/2019,2019,February,221.4375
Ogun,01/03/2019,2019,March,225.8333333
Ogun,01/04/2019,2019,April,226.45
Ogun,01/05/2019,2019,May,215.3125
Ogun,01/06/2019,2019,June,217
Ogun,01/07/2019,2019,July,216.2857143
Ogun,01/08/2019,2019,August,226.07
Ogun,01/09/2019,2019,September,225.0625
Ogun,01/10/2019,2019,October,223.8888889
Ogun,01/11/2019,2019,November,233.7272727
Ogun,01/12/2019,2019,December,216.3571429
Ogun,01/01/2020,2020,January,218
Ogun,01/02/2020,2020,February,222.6666667
Ogun,01/03/2020,2020,March,221.9090909
Ogun,01/04/2020,2020,April,215.5
Ogun,01/05/2020,2020,May,211.1111111
Ogun,01/06/2020,2020,June,220.5545379
Ogun,01/07/2020,2020,July,219.0909091
Ogun,01/08/2020,2020,August,209.9
Ogun,01/09/2020,2020,September,200.4
Ogun,01/10/2020,2020,October,199.9
Ogun,01/11/2020,2020,November,205
Ogun,01/12/2020,2020,December,211.9230769
Ogun,01/01/2021,2021,January,210.7142857
Ogun,01/02/2021,2021,February,215.2352941
Ogun,01/03/2021,2021,March,227.9166667
Ogun,01/04/2021,2021,April,228.4285714
Ogun,01/05/2021,2021,May,233.8666667
Ogun,01/06/2021,2021,June,245.7142857
Ogun,01/07/2021,2021,July,246.2222222
Ogun,01/08/2021,2021,August,261.6666667
Ogun,01/09/2021,2021,September,266.5333333
Ogun,01/10/2021,2021,October,275.3571429
Ogun,01/11/2021,2021,November,285.5
Ogun,01/12/2021,2021,December,299.1538462
Ogun,01/01/2022,2022,January,304.2142857
Ogun,01/02/2022,2022,February,345
Ogun,01/03/2022,2022,March,512
Ogun,01/04/2022,2022,April,683.125
Ogun,01/05/2022,2022,May,687.8571429
Ogun,01/06/2022,2022,June,705.8333333
Ogun,01/07/2022,2022,July,773.5714286
Ogun,01/08/2022,2022,August,828.3333333
Ogun,01/09/2022,2022,September,829.6666667
Ogun,01/10/2022,2022,October,811.3333333
Ogun,01/11/2022,2022,November,828.1818182
Ogun,01/12/2022,2022,December,842.5
Ogun,01/12/2023,2023,December,1118
Ogun,01/01/2023,2023,January,1182.31
Ogun,01/02/2023,2023,February,1157.14
Ogun,01/03/2023,2023,March,1422.5
Ogun,01/04/2023,2023,April,1457
Ondo,01/06/2015,2015,June,155.3125
Ondo,01/07/2015,2015,July,143.4375
Ondo,01/08/2015,2015,August,153.1578947
Ondo,01/09/2015,2015,September,155.375
Ondo,01/10/2015,2015,October,154.6666667
Ondo,01/11/2015,2015,November,156.6666667
Ondo,01/12/2015,2015,December,152.1875
Ondo,01/01/2016,2016,January,156
Ondo,01/02/2016,2016,February,145.5555556
Ondo,01/03/2016,2016,March,138.5714286
Ondo,01/04/2016,2016,April,142.3684211
Ondo,01/05/2016,2016,May,150.3333333
Ondo,01/06/2016,2016,June,177.5
Ondo,01/07/2016,2016,July,206.25
Ondo,01/08/2016,2016,August,191.5789474
Ondo,01/09/2016,2016,September,185.6666667
Ondo,01/10/2016,2016,October,181.125
Ondo,01/11/2016,2016,November,201.5
Ondo,01/12/2016,2016,December,206.6666667
Ondo,01/01/2017,2017,January,223
Ondo,01/02/2017,2017,February,248.3333333
Ondo,01/03/2017,2017,March,254.375
Ondo,01/04/2017,2017,April,251.25
Ondo,01/05/2017,2017,May,228.4615385
Ondo,01/06/2017,2017,June,212.8125
Ondo,01/07/2017,2017,July,183.3333333
Ondo,01/08/2017,2017,August,182.8571429
Ondo,01/09/2017,2017,September,180
Ondo,01/10/2017,2017,October,206
Ondo,01/11/2017,2017,November,190.42
Ondo,01/12/2017,2017,December,199.55
Ondo,01/01/2018,2018,January,183.75
Ondo,01/02/2018,2018,February,190
Ondo,01/03/2018,2018,March,202.3333333
Ondo,01/04/2018,2018,April,194.2857143
Ondo,01/05/2018,2018,May,190.15
Ondo,01/06/2018,2018,June,194.0625
Ondo,01/07/2018,2018,July,195.3846154
Ondo,01/08/2018,2018,August,200.2777778
Ondo,01/09/2018,2018,September,217.3529412
Ondo,01/10/2018,2018,October,237.6923077
Ondo,01/11/2018,2018,November,214
Ondo,01/12/2018,2018,December,228.75
Ondo,01/01/2019,2019,January,224.375
Ondo,01/02/2019,2019,February,233
Ondo,01/03/2019,2019,March,234.5
Ondo,01/04/2019,2019,April,235.11
Ondo,01/05/2019,2019,May,227.5
Ondo,01/06/2019,2019,June,232.6923077
Ondo,01/07/2019,2019,July,225
Ondo,01/08/2019,2019,August,230.38
Ondo,01/09/2019,2019,September,224.1666667
Ondo,01/10/2019,2019,October,221.7857143
Ondo,01/11/2019,2019,November,218.6363636
Ondo,01/12/2019,2019,December,239.2307692
Ondo,01/01/2020,2020,January,230
Ondo,01/02/2020,2020,February,230
Ondo,01/03/2020,2020,March,240
Ondo,01/04/2020,2020,April,220.5555556
Ondo,01/05/2020,2020,May,213.5
Ondo,01/06/2020,2020,June,227.0316188
Ondo,01/07/2020,2020,July,222.0833333
Ondo,01/08/2020,2020,August,213.3333333
Ondo,01/09/2020,2020,September,218.6363636
Ondo,01/10/2020,2020,October,220.5
Ondo,01/11/2020,2020,November,220.5
Ondo,01/12/2020,2020,December,215.8
Ondo,01/01/2021,2021,January,223.8461538
Ondo,01/02/2021,2021,February,209.6923077
Ondo,01/03/2021,2021,March,221.9230769
Ondo,01/04/2021,2021,April,231.0714286
Ondo,01/05/2021,2021,May,245.7692308
Ondo,01/06/2021,2021,June,258.75
Ondo,01/07/2021,2021,July,248.0769231
Ondo,01/08/2021,2021,August,246.6666667
Ondo,01/09/2021,2021,September,249.5833333
Ondo,01/10/2021,2021,October,268.8888889
Ondo,01/11/2021,2021,November,271.6666667
Ondo,01/12/2021,2021,December,262.8461538
Ondo,01/01/2022,2022,January,313.9285714
Ondo,01/02/2022,2022,February,333.3333333
Ondo,01/03/2022,2022,March,622
Ondo,01/04/2022,2022,April,678.2142857
Ondo,01/05/2022,2022,May,702.7272727
Ondo,01/06/2022,2022,June,702
Ondo,01/07/2022,2022,July,842.1428571
Ondo,01/08/2022,2022,August,850
Ondo,01/09/2022,2022,September,859.2307692
Ondo,01/10/2022,2022,October,828.5714286
Ondo,01/11/2022,2022,November,834.1666667
Ondo,01/12/2022,2022,December,856.3636364
Ondo,01/12/2023,2023,December,1083.333333
Ondo,01/01/2023,2023,January,1172.51
Ondo,01/02/2023,2023,February,1173.08
Ondo,01/03/2023,2023,March,1271.11
Ondo,01/04/2023,2023,April,1383.33
Osun,01/06/2015,2015,June,127.1428571
Osun,01/07/2015,2015,July,145.3846154
Osun,01/08/2015,2015,August,129.5833333
Osun,01/09/2015,2015,September,134.3333333
Osun,01/10/2015,2015,October,137.4666667
Osun,01/11/2015,2015,November,158.0555556
Osun,01/12/2015,2015,December,154.1666667
Osun,01/01/2016,2016,January,150
Osun,01/02/2016,2016,February,141.1764706
Osun,01/03/2016,2016,March,132.6923077
Osun,01/04/2016,2016,April,126
Osun,01/05/2016,2016,May,129.1666667
Osun,01/06/2016,2016,June,181
Osun,01/07/2016,2016,July,206
Osun,01/08/2016,2016,August,203.5333333
Osun,01/09/2016,2016,September,192
Osun,01/10/2016,2016,October,191.35
Osun,01/11/2016,2016,November,197.9411765
Osun,01/12/2016,2016,December,203.5714286
Osun,01/01/2017,2017,January,255
Osun,01/02/2017,2017,February,220
Osun,01/03/2017,2017,March,242.5294118
Osun,01/04/2017,2017,April,218
Osun,01/05/2017,2017,May,206.4285714
Osun,01/06/2017,2017,June,192.5
Osun,01/07/2017,2017,July,185.7692308
Osun,01/08/2017,2017,August,170.3571429
Osun,01/09/2017,2017,September,183.4615385
Osun,01/10/2017,2017,October,217.5
Osun,01/11/2017,2017,November,200
Osun,01/12/2017,2017,December,198.5
Osun,01/01/2018,2018,January,199.6666667
Osun,01/02/2018,2018,February,199.2857143
Osun,01/03/2018,2018,March,198.3333333
Osun,01/04/2018,2018,April,196
Osun,01/05/2018,2018,May,215.8333333
Osun,01/06/2018,2018,June,212.2222222
Osun,01/07/2018,2018,July,207.7777778
Osun,01/08/2018,2018,August,209.8235294
Osun,01/09/2018,2018,September,220.1538462
Osun,01/10/2018,2018,October,230.5555556
Osun,01/11/2018,2018,November,240.6153846
Osun,01/12/2018,2018,December,225
Osun,01/01/2019,2019,January,230.625
Osun,01/02/2019,2019,February,237.1428571
Osun,01/03/2019,2019,March,240.2777778
Osun,01/04/2019,2019,April,245.55
Osun,01/05/2019,2019,May,230.2941176
Osun,01/06/2019,2019,June,231
Osun,01/07/2019,2019,July,237.6923077
Osun,01/08/2019,2019,August,226.9
Osun,01/09/2019,2019,September,232.0833333
Osun,01/10/2019,2019,October,231.6666667
Osun,01/11/2019,2019,November,221.4285714
Osun,01/12/2019,2019,December,227.5
Osun,01/01/2020,2020,January,229.6428571
Osun,01/02/2020,2020,February,233.6363636
Osun,01/03/2020,2020,March,220.4545455
Osun,01/04/2020,2020,April,229.2307692
Osun,01/05/2020,2020,May,220
Osun,01/06/2020,2020,June,228.375415
Osun,01/07/2020,2020,July,228.1580504
Osun,01/08/2020,2020,August,224.0909091
Osun,01/09/2020,2020,September,212.3636364
Osun,01/10/2020,2020,October,210.5454545
Osun,01/11/2020,2020,November,192.6666667
Osun,01/12/2020,2020,December,201.0909091
Osun,01/01/2021,2021,January,194.6
Osun,01/02/2021,2021,February,206.5
Osun,01/03/2021,2021,March,224
Osun,01/04/2021,2021,April,240.6153846
Osun,01/05/2021,2021,May,239.0909091
Osun,01/06/2021,2021,June,240.9090909
Osun,01/07/2021,2021,July,249.5833333
Osun,01/08/2021,2021,August,258.3333333
Osun,01/09/2021,2021,September,255.2727273
Osun,01/10/2021,2021,October,260.2222222
Osun,01/11/2021,2021,November,318.3076923
Osun,01/12/2021,2021,December,306.3
Osun,01/01/2022,2022,January,328.8888889
Osun,01/02/2022,2022,February,337
Osun,01/03/2022,2022,March,607.7777778
Osun,01/04/2022,2022,April,707
Osun,01/05/2022,2022,May,716
Osun,01/06/2022,2022,June,740
Osun,01/07/2022,2022,July,816.6666667
Osun,01/08/2022,2022,August,823.5714286
Osun,01/09/2022,2022,September,835.4545455
Osun,01/10/2022,2022,October,828
Osun,01/11/2022,2022,November,830.0091667
Osun,01/12/2022,2022,December,842.5
Osun,01/12/2023,2023,December,1136.363636
Osun,01/01/2023,2023,January,1174.94
Osun,01/02/2023,2023,February,1164.29
Osun,01/03/2023,2023,March,1291.67
Osun,01/04/2023,2023,April,1375
Oyo,01/06/2015,2015,June,130.9444444
Oyo,01/07/2015,2015,July,129.5294118
Oyo,01/08/2015,2015,August,132.1052632
Oyo,01/09/2015,2015,September,141.0526316
Oyo,01/10/2015,2015,October,142.5
Oyo,01/11/2015,2015,November,156.6428571
Oyo,01/12/2015,2015,December,228.3333333
Oyo,01/01/2016,2016,January,148.4375
Oyo,01/02/2016,2016,February,139.8333333
Oyo,01/03/2016,2016,March,134.5
Oyo,01/04/2016,2016,April,130.6666667
Oyo,01/05/2016,2016,May,140
Oyo,01/06/2016,2016,June,181.0526316
Oyo,01/07/2016,2016,July,207.5
Oyo,01/08/2016,2016,August,197.8947368
Oyo,01/09/2016,2016,September,194.4444444
Oyo,01/10/2016,2016,October,188.0625
Oyo,01/11/2016,2016,November,197.3888889
Oyo,01/12/2016,2016,December,203.5294118
Oyo,01/01/2017,2017,January,220
Oyo,01/02/2017,2017,February,226.6666667
Oyo,01/03/2017,2017,March,242.1875
Oyo,01/04/2017,2017,April,230.7619048
Oyo,01/05/2017,2017,May,207.1428571
Oyo,01/06/2017,2017,June,202.1052632
Oyo,01/07/2017,2017,July,168.6666667
Oyo,01/08/2017,2017,August,178.2
Oyo,01/09/2017,2017,September,187.9411765
Oyo,01/10/2017,2017,October,212.5
Oyo,01/11/2017,2017,November,192.14
Oyo,01/12/2017,2017,December,194.21875
Oyo,01/01/2018,2018,January,205.3333333
Oyo,01/02/2018,2018,February,197.75
Oyo,01/03/2018,2018,March,207.9411765
Oyo,01/04/2018,2018,April,191.2777778
Oyo,01/05/2018,2018,May,202.3333333
Oyo,01/06/2018,2018,June,200.7272727
Oyo,01/07/2018,2018,July,200.5882353
Oyo,01/08/2018,2018,August,205.25
Oyo,01/09/2018,2018,September,220
Oyo,01/10/2018,2018,October,231.3157895
Oyo,01/11/2018,2018,November,231.1666667
Oyo,01/12/2018,2018,December,226.5
Oyo,01/01/2019,2019,January,232.1428571
Oyo,01/02/2019,2019,February,231.75
Oyo,01/03/2019,2019,March,228.8235294
Oyo,01/04/2019,2019,April,229.78
Oyo,01/05/2019,2019,May,228.8095238
Oyo,01/06/2019,2019,June,226.6666667
Oyo,01/07/2019,2019,July,227.1052632
Oyo,01/08/2019,2019,August,221
Oyo,01/09/2019,2019,September,223.8
Oyo,01/10/2019,2019,October,215.7391304
Oyo,01/11/2019,2019,November,222
Oyo,01/12/2019,2019,December,220
Oyo,01/01/2020,2020,January,230.5
Oyo,01/02/2020,2020,February,223.4090909
Oyo,01/03/2020,2020,March,225.4
Oyo,01/04/2020,2020,April,213
Oyo,01/05/2020,2020,May,215.5263158
Oyo,01/06/2020,2020,June,221.9549229
Oyo,01/07/2020,2020,July,217.8125
Oyo,01/08/2020,2020,August,221.2756571
Oyo,01/09/2020,2020,September,219.1219278
Oyo,01/10/2020,2020,October,198.5333333
Oyo,01/11/2020,2020,November,197.5714286
Oyo,01/12/2020,2020,December,202.1875
Oyo,01/01/2021,2021,January,208.2941176
Oyo,01/02/2021,2021,February,220
Oyo,01/03/2021,2021,March,239.0625
Oyo,01/04/2021,2021,April,244.2857143
Oyo,01/05/2021,2021,May,243.8888889
Oyo,01/06/2021,2021,June,254.7058824
Oyo,01/07/2021,2021,July,264.7222222
Oyo,01/08/2021,2021,August,284.5882353
Oyo,01/09/2021,2021,September,267.5625
Oyo,01/10/2021,2021,October,273.1333333
Oyo,01/11/2021,2021,November,293.3333333
Oyo,01/12/2021,2021,December,326.25
Oyo,01/01/2022,2022,January,328.75
Oyo,01/02/2022,2022,February,372.3846154
Oyo,01/03/2022,2022,March,632
Oyo,01/04/2022,2022,April,704
Oyo,01/05/2022,2022,May,707.3333333
Oyo,01/06/2022,2022,June,726
Oyo,01/07/2022,2022,July,860
Oyo,01/08/2022,2022,August,835.8823529
Oyo,01/09/2022,2022,September,813.5294118
Oyo,01/10/2022,2022,October,838.75
Oyo,01/11/2022,2022,November,843.8461538
Oyo,01/12/2022,2022,December,837.6190476
Oyo,01/12/2023,2023,December,1102.5
Oyo,01/01/2023,2023,January,1173.62
Oyo,01/02/2023,2023,February,1153.13
Oyo,01/03/2023,2023,March,1253.24
Oyo,01/04/2023,2023,April,1405
Plateau,01/06/2015,2015,June,150
Plateau,01/07/2015,2015,July,140
Plateau,01/08/2015,2015,August,142
Plateau,01/09/2015,2015,September,138.5714286
Plateau,01/10/2015,2015,October,146.25
Plateau,01/11/2015,2015,November,149.2
Plateau,01/12/2015,2015,December,141.25
Plateau,01/01/2016,2016,January,152.5
Plateau,01/02/2016,2016,February,138
Plateau,01/03/2016,2016,March,134
Plateau,01/04/2016,2016,April,175.8
Plateau,01/05/2016,2016,May,150
Plateau,01/06/2016,2016,June,181.875
Plateau,01/07/2016,2016,July,201.25
Plateau,01/08/2016,2016,August,197.7142857
Plateau,01/09/2016,2016,September,203.3333333
Plateau,01/10/2016,2016,October,178.125
Plateau,01/11/2016,2016,November,190
Plateau,01/12/2016,2016,December,182.5
Plateau,01/01/2017,2017,January,219
Plateau,01/02/2017,2017,February,245
Plateau,01/03/2017,2017,March,209.1666667
Plateau,01/04/2017,2017,April,228.75
Plateau,01/05/2017,2017,May,223.125
Plateau,01/06/2017,2017,June,202.5
Plateau,01/07/2017,2017,July,206.1111111
Plateau,01/08/2017,2017,August,206.5
Plateau,01/09/2017,2017,September,176.6666667
Plateau,01/10/2017,2017,October,195
Plateau,01/11/2017,2017,November,202.72
Plateau,01/12/2017,2017,December,184.375
Plateau,01/01/2018,2018,January,200.5555556
Plateau,01/02/2018,2018,February,204.5555556
Plateau,01/03/2018,2018,March,200
Plateau,01/04/2018,2018,April,202.7777778
Plateau,01/05/2018,2018,May,215
Plateau,01/06/2018,2018,June,204.4444444
Plateau,01/07/2018,2018,July,200
Plateau,01/08/2018,2018,August,207.5454545
Plateau,01/09/2018,2018,September,203.3333333
Plateau,01/10/2018,2018,October,203.9285714
Plateau,01/11/2018,2018,November,207.2222222
Plateau,01/12/2018,2018,December,209
Plateau,01/01/2019,2019,January,219.3333333
Plateau,01/02/2019,2019,February,207.5
Plateau,01/03/2019,2019,March,217
Plateau,01/04/2019,2019,April,219.11
Plateau,01/05/2019,2019,May,217.5
Plateau,01/06/2019,2019,June,183.3333333
Plateau,01/07/2019,2019,July,202
Plateau,01/08/2019,2019,August,220
Plateau,01/09/2019,2019,September,229
Plateau,01/10/2019,2019,October,218
Plateau,01/11/2019,2019,November,225
Plateau,01/12/2019,2019,December,237.5
Plateau,01/01/2020,2020,January,230
Plateau,01/02/2020,2020,February,207.5
Plateau,01/03/2020,2020,March,228.5714286
Plateau,01/04/2020,2020,April,235
Plateau,01/05/2020,2020,May,213.5
Plateau,01/06/2020,2020,June,214.2857143
Plateau,01/07/2020,2020,July,212.5
Plateau,01/08/2020,2020,August,205.8333333
Plateau,01/09/2020,2020,September,220
Plateau,01/10/2020,2020,October,201.8333333
Plateau,01/11/2020,2020,November,235
Plateau,01/12/2020,2020,December,233.75
Plateau,01/01/2021,2021,January,227.1428571
Plateau,01/02/2021,2021,February,208.5714286
Plateau,01/03/2021,2021,March,207.5
Plateau,01/04/2021,2021,April,226
Plateau,01/05/2021,2021,May,238.3333333
Plateau,01/06/2021,2021,June,218.9007983
Plateau,01/07/2021,2021,July,230
Plateau,01/08/2021,2021,August,258
Plateau,01/09/2021,2021,September,250
Plateau,01/10/2021,2021,October,247.3444596
Plateau,01/11/2021,2021,November,272.5
Plateau,01/12/2021,2021,December,296
Plateau,01/01/2022,2022,January,321.25
Plateau,01/02/2022,2022,February,355.4
Plateau,01/03/2022,2022,March,500
Plateau,01/04/2022,2022,April,687.5
Plateau,01/05/2022,2022,May,690
Plateau,01/06/2022,2022,June,736
Plateau,01/07/2022,2022,July,866
Plateau,01/08/2022,2022,August,827.5
Plateau,01/09/2022,2022,September,832.5
Plateau,01/10/2022,2022,October,856.25
Plateau,01/11/2022,2022,November,865
Plateau,01/12/2022,2022,December,841.6666667
Plateau,01/12/2023,2023,December,1068.571429
Plateau,01/01/2023,2023,January,1226.69
Plateau,01/02/2023,2023,February,1162
Plateau,01/03/2023,2023,March,1067.25
Plateau,01/04/2023,2023,April,1293
Rivers,01/06/2015,2015,June,165.5555556
Rivers,01/07/2015,2015,July,150
Rivers,01/08/2015,2015,August,158.3333333
Rivers,01/09/2015,2015,September,150
Rivers,01/10/2015,2015,October,178.75
Rivers,01/11/2015,2015,November,164.5388967
Rivers,01/12/2015,2015,December,158.1818182
Rivers,01/01/2016,2016,January,155.1428571
Rivers,01/02/2016,2016,February,160
Rivers,01/03/2016,2016,March,153.3333333
Rivers,01/04/2016,2016,April,161.6666667
Rivers,01/05/2016,2016,May,160
Rivers,01/06/2016,2016,June,191.1111111
Rivers,01/07/2016,2016,July,200
Rivers,01/08/2016,2016,August,194.4
Rivers,01/09/2016,2016,September,186.6666667
Rivers,01/10/2016,2016,October,183.8125
Rivers,01/11/2016,2016,November,220
Rivers,01/12/2016,2016,December,210
Rivers,01/01/2017,2017,January,241.7058824
Rivers,01/02/2017,2017,February,250
Rivers,01/03/2017,2017,March,212.1428571
Rivers,01/04/2017,2017,April,210
Rivers,01/05/2017,2017,May,210.7142857
Rivers,01/06/2017,2017,June,211.1538462
Rivers,01/07/2017,2017,July,213.0555556
Rivers,01/08/2017,2017,August,193.2142857
Rivers,01/09/2017,2017,September,190
Rivers,01/10/2017,2017,October,195.6666667
Rivers,01/11/2017,2017,November,200.9
Rivers,01/12/2017,2017,December,195
Rivers,01/01/2018,2018,January,212.1428571
Rivers,01/02/2018,2018,February,217.1875
Rivers,01/03/2018,2018,March,203
Rivers,01/04/2018,2018,April,204.2307692
Rivers,01/05/2018,2018,May,199.3333333
Rivers,01/06/2018,2018,June,198.5294118
Rivers,01/07/2018,2018,July,194.8125
Rivers,01/08/2018,2018,August,200.0625
Rivers,01/09/2018,2018,September,190
Rivers,01/10/2018,2018,October,206.25
Rivers,01/11/2018,2018,November,212.6666667
Rivers,01/12/2018,2018,December,219.7058824
Rivers,01/01/2019,2019,January,201.8571429
Rivers,01/02/2019,2019,February,211.1764706
Rivers,01/03/2019,2019,March,218
Rivers,01/04/2019,2019,April,218
Rivers,01/05/2019,2019,May,212.5625
Rivers,01/06/2019,2019,June,218
Rivers,01/07/2019,2019,July,204.0625
Rivers,01/08/2019,2019,August,214.28
Rivers,01/09/2019,2019,September,208
Rivers,01/10/2019,2019,October,214.4444444
Rivers,01/11/2019,2019,November,208.8125
Rivers,01/12/2019,2019,December,203.8125
Rivers,01/01/2020,2020,January,205.3125
Rivers,01/02/2020,2020,February,201.8214286
Rivers,01/03/2020,2020,March,206.7647059
Rivers,01/04/2020,2020,April,209.5868754
Rivers,01/05/2020,2020,May,208.9006135
Rivers,01/06/2020,2020,June,208.598319
Rivers,01/07/2020,2020,July,204.0625
Rivers,01/08/2020,2020,August,197.0666667
Rivers,01/09/2020,2020,September,203.5882353
Rivers,01/10/2020,2020,October,205.3125
Rivers,01/11/2020,2020,November,215.4117647
Rivers,01/12/2020,2020,December,205.4666667
Rivers,01/01/2021,2021,January,209.7058824
Rivers,01/02/2021,2021,February,211.3684211
Rivers,01/03/2021,2021,March,211.25
Rivers,01/04/2021,2021,April,220.1428571
Rivers,01/05/2021,2021,May,223.2352941
Rivers,01/06/2021,2021,June,228.5294118
Rivers,01/07/2021,2021,July,237.4117647
Rivers,01/08/2021,2021,August,247.625
Rivers,01/09/2021,2021,September,246
Rivers,01/10/2021,2021,October,259.25
Rivers,01/11/2021,2021,November,282.7619048
Rivers,01/12/2021,2021,December,301.5333333
Rivers,01/01/2022,2022,January,306.4375
Rivers,01/02/2022,2022,February,328.4
Rivers,01/03/2022,2022,March,615
Rivers,01/04/2022,2022,April,685.7142857
Rivers,01/05/2022,2022,May,699.75
Rivers,01/06/2022,2022,June,726.6666667
Rivers,01/07/2022,2022,July,748
Rivers,01/08/2022,2022,August,733.3333333
Rivers,01/09/2022,2022,September,780.6666667
Rivers,01/10/2022,2022,October,775.8235294
Rivers,01/11/2022,2022,November,781.25
Rivers,01/12/2022,2022,December,810
Rivers,01/12/2023,2023,December,897.8571429
Rivers,01/01/2023,2023,January,1008.89
Rivers,01/02/2023,2023,February,1250
Rivers,01/03/2023,2023,March,1221.86
Rivers,01/04/2023,2023,April,1344.44
Sokoto,01/06/2015,2015,June,145
Sokoto,01/07/2015,2015,July,147.3041892
Sokoto,01/08/2015,2015,August,139
Sokoto,01/09/2015,2015,September,157.5
Sokoto,01/10/2015,2015,October,148.3333333
Sokoto,01/11/2015,2015,November,153.75
Sokoto,01/12/2015,2015,December,158.3333333
Sokoto,01/01/2016,2016,January,223.125
Sokoto,01/02/2016,2016,February,132.5
Sokoto,01/03/2016,2016,March,146
Sokoto,01/04/2016,2016,April,150
Sokoto,01/05/2016,2016,May,143.3333333
Sokoto,01/06/2016,2016,June,180
Sokoto,01/07/2016,2016,July,203
Sokoto,01/08/2016,2016,August,188.6666667
Sokoto,01/09/2016,2016,September,180.5555556
Sokoto,01/10/2016,2016,October,187.1428571
Sokoto,01/11/2016,2016,November,195
Sokoto,01/12/2016,2016,December,187.5
Sokoto,01/01/2017,2017,January,239.1666667
Sokoto,01/02/2017,2017,February,248.3333333
Sokoto,01/03/2017,2017,March,248.3333333
Sokoto,01/04/2017,2017,April,250
Sokoto,01/05/2017,2017,May,255.7142857
Sokoto,01/06/2017,2017,June,227.1428571
Sokoto,01/07/2017,2017,July,222.8571429
Sokoto,01/08/2017,2017,August,227.8571429
Sokoto,01/09/2017,2017,September,180
Sokoto,01/10/2017,2017,October,190.7142857
Sokoto,01/11/2017,2017,November,216.66
Sokoto,01/12/2017,2017,December,222
Sokoto,01/01/2018,2018,January,256
Sokoto,01/02/2018,2018,February,264
Sokoto,01/03/2018,2018,March,249.2857143
Sokoto,01/04/2018,2018,April,224
Sokoto,01/05/2018,2018,May,222.8571429
Sokoto,01/06/2018,2018,June,226.25
Sokoto,01/07/2018,2018,July,222
Sokoto,01/08/2018,2018,August,228.3333333
Sokoto,01/09/2018,2018,September,228.3333333
Sokoto,01/10/2018,2018,October,251.25
Sokoto,01/11/2018,2018,November,236.25
Sokoto,01/12/2018,2018,December,236
Sokoto,01/01/2019,2019,January,236
Sokoto,01/02/2019,2019,February,233.125
Sokoto,01/03/2019,2019,March,230
Sokoto,01/04/2019,2019,April,231.55
Sokoto,01/05/2019,2019,May,235.7142857
Sokoto,01/06/2019,2019,June,235.7142857
Sokoto,01/07/2019,2019,July,235.7142857
Sokoto,01/08/2019,2019,August,235.71
Sokoto,01/09/2019,2019,September,232.875
Sokoto,01/10/2019,2019,October,235.7142857
Sokoto,01/11/2019,2019,November,236.25
Sokoto,01/12/2019,2019,December,236
Sokoto,01/01/2020,2020,January,235
Sokoto,01/02/2020,2020,February,234.4389695
Sokoto,01/03/2020,2020,March,239.2857143
Sokoto,01/04/2020,2020,April,249.2857143
Sokoto,01/05/2020,2020,May,239.1666667
Sokoto,01/06/2020,2020,June,235
Sokoto,01/07/2020,2020,July,235.3
Sokoto,01/08/2020,2020,August,236.8711744
Sokoto,01/09/2020,2020,September,237.0648997
Sokoto,01/10/2020,2020,October,232.5
Sokoto,01/11/2020,2020,November,228.75
Sokoto,01/12/2020,2020,December,233.3333333
Sokoto,01/01/2021,2021,January,220
Sokoto,01/02/2021,2021,February,210
Sokoto,01/03/2021,2021,March,235
Sokoto,01/04/2021,2021,April,247.5
Sokoto,01/05/2021,2021,May,259.2857143
Sokoto,01/06/2021,2021,June,241.4285714
Sokoto,01/07/2021,2021,July,250
Sokoto,01/08/2021,2021,August,266.25
Sokoto,01/09/2021,2021,September,231.1818182
Sokoto,01/10/2021,2021,October,235.3
Sokoto,01/11/2021,2021,November,235.3
Sokoto,01/12/2021,2021,December,235.3
Sokoto,01/01/2022,2022,January,225.7272727
Sokoto,01/02/2022,2022,February,250.7272727
Sokoto,01/03/2022,2022,March,450
Sokoto,01/04/2022,2022,April,700
Sokoto,01/05/2022,2022,May,701
Sokoto,01/06/2022,2022,June,760
Sokoto,01/07/2022,2022,July,791.6666667
Sokoto,01/08/2022,2022,August,790.6666667
Sokoto,01/09/2022,2022,September,775
Sokoto,01/10/2022,2022,October,795
Sokoto,01/11/2022,2022,November,802
Sokoto,01/12/2022,2022,December,803
Sokoto,01/12/2023,2023,December,1300
Sokoto,01/01/2023,2023,January,1125
Sokoto,01/02/2023,2023,February,1383.33
Sokoto,01/03/2023,2023,March,1200
Sokoto,01/04/2023,2023,April,1400
Taraba,01/06/2015,2015,June,191.6666667
Taraba,01/07/2015,2015,July,160
Taraba,01/08/2015,2015,August,188.75
Taraba,01/09/2015,2015,September,154
Taraba,01/10/2015,2015,October,182
Taraba,01/11/2015,2015,November,198
Taraba,01/12/2015,2015,December,252.5
Taraba,01/01/2016,2016,January,175
Taraba,01/02/2016,2016,February,160
Taraba,01/03/2016,2016,March,138.3333333
Taraba,01/04/2016,2016,April,165
Taraba,01/05/2016,2016,May,145
Taraba,01/06/2016,2016,June,200
Taraba,01/07/2016,2016,July,249
Taraba,01/08/2016,2016,August,191.2
Taraba,01/09/2016,2016,September,188.3333333
Taraba,01/10/2016,2016,October,180
Taraba,01/11/2016,2016,November,188
Taraba,01/12/2016,2016,December,185
Taraba,01/01/2017,2017,January,200
Taraba,01/02/2017,2017,February,255.1833333
Taraba,01/03/2017,2017,March,216.6666667
Taraba,01/04/2017,2017,April,234.2857143
Taraba,01/05/2017,2017,May,218.5714286
Taraba,01/06/2017,2017,June,221.6666667
Taraba,01/07/2017,2017,July,228.5714286
Taraba,01/08/2017,2017,August,221.4285714
Taraba,01/09/2017,2017,September,198
Taraba,01/10/2017,2017,October,198.5
Taraba,01/11/2017,2017,November,217.5
Taraba,01/12/2017,2017,December,252.5
Taraba,01/01/2018,2018,January,250.25
Taraba,01/02/2018,2018,February,232
Taraba,01/03/2018,2018,March,254.2857143
Taraba,01/04/2018,2018,April,250
Taraba,01/05/2018,2018,May,253.3333333
Taraba,01/06/2018,2018,June,255.12
Taraba,01/07/2018,2018,July,231.25
Taraba,01/08/2018,2018,August,231.6666667
Taraba,01/09/2018,2018,September,235
Taraba,01/10/2018,2018,October,223.3333333
Taraba,01/11/2018,2018,November,238
Taraba,01/12/2018,2018,December,227.5
Taraba,01/01/2019,2019,January,226
Taraba,01/02/2019,2019,February,236.25
Taraba,01/03/2019,2019,March,237.1428571
Taraba,01/04/2019,2019,April,238.24
Taraba,01/05/2019,2019,May,227.1428571
Taraba,01/06/2019,2019,June,250
Taraba,01/07/2019,2019,July,233.75
Taraba,01/08/2019,2019,August,250.75
Taraba,01/09/2019,2019,September,234.375
Taraba,01/10/2019,2019,October,212
Taraba,01/11/2019,2019,November,224.0427425
Taraba,01/12/2019,2019,December,246.6666667
Taraba,01/01/2020,2020,January,254.2857143
Taraba,01/02/2020,2020,February,252.8571429
Taraba,01/03/2020,2020,March,243.3333333
Taraba,01/04/2020,2020,April,243.3333333
Taraba,01/05/2020,2020,May,239.0342017
Taraba,01/06/2020,2020,June,233.75
Taraba,01/07/2020,2020,July,238.7120962
Taraba,01/08/2020,2020,August,245.6666667
Taraba,01/09/2020,2020,September,239.1217523
Taraba,01/10/2020,2020,October,239.1217523
Taraba,01/11/2020,2020,November,251.6666667
Taraba,01/12/2020,2020,December,266
Taraba,01/01/2021,2021,January,251.6666667
Taraba,01/02/2021,2021,February,254.1666667
Taraba,01/03/2021,2021,March,256
Taraba,01/04/2021,2021,April,246.3562818
Taraba,01/05/2021,2021,May,248
Taraba,01/06/2021,2021,June,247.3677696
Taraba,01/07/2021,2021,July,273
Taraba,01/08/2021,2021,August,276
Taraba,01/09/2021,2021,September,265.8333333
Taraba,01/10/2021,2021,October,280
Taraba,01/11/2021,2021,November,285.8333333
Taraba,01/12/2021,2021,December,298
Taraba,01/01/2022,2022,January,297.5
Taraba,01/02/2022,2022,February,319.1666667
Taraba,01/03/2022,2022,March,450
Taraba,01/04/2022,2022,April,590
Taraba,01/05/2022,2022,May,650
Taraba,01/06/2022,2022,June,722.5
Taraba,01/07/2022,2022,July,764.1666667
Taraba,01/08/2022,2022,August,766.6666667
Taraba,01/09/2022,2022,September,787.5
Taraba,01/10/2022,2022,October,780
Taraba,01/11/2022,2022,November,782
Taraba,01/12/2022,2022,December,795
Taraba,01/12/2023,2023,December,1050
Taraba,01/01/2023,2023,January,988.33
Taraba,01/02/2023,2023,February,1133.33
Taraba,01/03/2023,2023,March,1325.83
Taraba,01/04/2023,2023,April,1742.46
Yobe,01/06/2015,2015,June,150.8333333
Yobe,01/07/2015,2015,July,150
Yobe,01/08/2015,2015,August,180
Yobe,01/09/2015,2015,September,150
Yobe,01/10/2015,2015,October,190
Yobe,01/11/2015,2015,November,154.3333333
Yobe,01/12/2015,2015,December,160
Yobe,01/01/2016,2016,January,133.3333333
Yobe,01/02/2016,2016,February,140
Yobe,01/03/2016,2016,March,110
Yobe,01/04/2016,2016,April,155
Yobe,01/05/2016,2016,May,155
Yobe,01/06/2016,2016,June,183.3333333
Yobe,01/07/2016,2016,July,205
Yobe,01/08/2016,2016,August,189.6
Yobe,01/09/2016,2016,September,175
Yobe,01/10/2016,2016,October,191.6666667
Yobe,01/11/2016,2016,November,200
Yobe,01/12/2016,2016,December,180
Yobe,01/01/2017,2017,January,226.875
Yobe,01/02/2017,2017,February,250
Yobe,01/03/2017,2017,March,220
Yobe,01/04/2017,2017,April,210
Yobe,01/05/2017,2017,May,200
Yobe,01/06/2017,2017,June,203.89
Yobe,01/07/2017,2017,July,190.34
Yobe,01/08/2017,2017,August,188.93
Yobe,01/09/2017,2017,September,180
Yobe,01/10/2017,2017,October,192.2222222
Yobe,01/11/2017,2017,November,190.66
Yobe,01/12/2017,2017,December,200
Yobe,01/01/2018,2018,January,223.3333333
Yobe,01/02/2018,2018,February,238
Yobe,01/03/2018,2018,March,224.2857143
Yobe,01/04/2018,2018,April,200
Yobe,01/05/2018,2018,May,214.5
Yobe,01/06/2018,2018,June,205
Yobe,01/07/2018,2018,July,200
Yobe,01/08/2018,2018,August,200
Yobe,01/09/2018,2018,September,200
Yobe,01/10/2018,2018,October,228.75
Yobe,01/11/2018,2018,November,215
Yobe,01/12/2018,2018,December,215
Yobe,01/01/2019,2019,January,225
Yobe,01/02/2019,2019,February,235
Yobe,01/03/2019,2019,March,239
Yobe,01/04/2019,2019,April,239.22
Yobe,01/05/2019,2019,May,227.6
Yobe,01/06/2019,2019,June,207.6
Yobe,01/07/2019,2019,July,214
Yobe,01/08/2019,2019,August,205
Yobe,01/09/2019,2019,September,216.5
Yobe,01/10/2019,2019,October,210.625
Yobe,01/11/2019,2019,November,220.4980801
Yobe,01/12/2019,2019,December,235
Yobe,01/01/2020,2020,January,230
Yobe,01/02/2020,2020,February,220
Yobe,01/03/2020,2020,March,212.5
Yobe,01/04/2020,2020,April,215
Yobe,01/05/2020,2020,May,217.6855679
Yobe,01/06/2020,2020,June,220
Yobe,01/07/2020,2020,July,227.5
Yobe,01/08/2020,2020,August,221.6666667
Yobe,01/09/2020,2020,September,213.3333333
Yobe,01/10/2020,2020,October,235
Yobe,01/11/2020,2020,November,223.3333333
Yobe,01/12/2020,2020,December,231.25
Yobe,01/01/2021,2021,January,215
Yobe,01/02/2021,2021,February,225.7142857
Yobe,01/03/2021,2021,March,230
Yobe,01/04/2021,2021,April,231.25
Yobe,01/05/2021,2021,May,238
Yobe,01/06/2021,2021,June,225.8850727
Yobe,01/07/2021,2021,July,235
Yobe,01/08/2021,2021,August,208.3333333
Yobe,01/09/2021,2021,September,233.75
Yobe,01/10/2021,2021,October,227
Yobe,01/11/2021,2021,November,220
Yobe,01/12/2021,2021,December,226.6113587
Yobe,01/01/2022,2022,January,216.6666667
Yobe,01/02/2022,2022,February,240
Yobe,01/03/2022,2022,March,412
Yobe,01/04/2022,2022,April,535
Yobe,01/05/2022,2022,May,560
Yobe,01/06/2022,2022,June,675
Yobe,01/07/2022,2022,July,686.6666667
Yobe,01/08/2022,2022,August,705
Yobe,01/09/2022,2022,September,725
Yobe,01/10/2022,2022,October,782
Yobe,01/11/2022,2022,November,782.8571429
Yobe,01/12/2022,2022,December,790
Yobe,01/12/2023,2023,December,1250
Yobe,01/01/2023,2023,January,1178.57
Yobe,01/02/2023,2023,February,1255
Yobe,01/03/2023,2023,March,1510
Yobe,01/04/2023,2023,April,1637.25
Zamfara,01/06/2015,2015,June,150.2857143
Zamfara,01/07/2015,2015,July,155.5555556
Zamfara,01/08/2015,2015,August,149
Zamfara,01/09/2015,2015,September,165
Zamfara,01/10/2015,2015,October,149
Zamfara,01/11/2015,2015,November,149.1666667
Zamfara,01/12/2015,2015,December,147.6666667
Zamfara,01/01/2016,2016,January,153.75
Zamfara,01/02/2016,2016,February,152.5
Zamfara,01/03/2016,2016,March,154
Zamfara,01/04/2016,2016,April,153.0769231
Zamfara,01/05/2016,2016,May,149.375
Zamfara,01/06/2016,2016,June,179.3333333
Zamfara,01/07/2016,2016,July,206.5384615
Zamfara,01/08/2016,2016,August,206.8181818
Zamfara,01/09/2016,2016,September,209.0909091
Zamfara,01/10/2016,2016,October,186.9230769
Zamfara,01/11/2016,2016,November,205.625
Zamfara,01/12/2016,2016,December,211.4285714
Zamfara,01/01/2017,2017,January,213.75
Zamfara,01/02/2017,2017,February,237.8571429
Zamfara,01/03/2017,2017,March,217.6923077
Zamfara,01/04/2017,2017,April,228.75
Zamfara,01/05/2017,2017,May,230
Zamfara,01/06/2017,2017,June,204.2857143
Zamfara,01/07/2017,2017,July,189.3636364
Zamfara,01/08/2017,2017,August,216.25
Zamfara,01/09/2017,2017,September,197.9090909
Zamfara,01/10/2017,2017,October,218.75
Zamfara,01/11/2017,2017,November,207.07
Zamfara,01/12/2017,2017,December,190
Zamfara,01/01/2018,2018,January,211.6666667
Zamfara,01/02/2018,2018,February,205
Zamfara,01/03/2018,2018,March,213.75
Zamfara,01/04/2018,2018,April,217
Zamfara,01/05/2018,2018,May,190
Zamfara,01/06/2018,2018,June,200.7142857
Zamfara,01/07/2018,2018,July,199.5
Zamfara,01/08/2018,2018,August,202
Zamfara,01/09/2018,2018,September,213.2142857
Zamfara,01/10/2018,2018,October,200.7142857
Zamfara,01/11/2018,2018,November,210.5414286
Zamfara,01/12/2018,2018,December,210
Zamfara,01/01/2019,2019,January,218.3333333
Zamfara,01/02/2019,2019,February,227.2727273
Zamfara,01/03/2019,2019,March,224.4
Zamfara,01/04/2019,2019,April,225
Zamfara,01/05/2019,2019,May,223.7515152
Zamfara,01/06/2019,2019,June,210
Zamfara,01/07/2019,2019,July,210
Zamfara,01/08/2019,2019,August,214.5838384
Zamfara,01/09/2019,2019,September,213.6363636
Zamfara,01/10/2019,2019,October,215.5462081
Zamfara,01/11/2019,2019,November,210.7142857
Zamfara,01/12/2019,2019,December,230
Zamfara,01/01/2020,2020,January,220.9166667
Zamfara,01/02/2020,2020,February,227.2727273
Zamfara,01/03/2020,2020,March,233.75
Zamfara,01/04/2020,2020,April,233.75
Zamfara,01/05/2020,2020,May,220.1539595
Zamfara,01/06/2020,2020,June,219.8567871
Zamfara,01/07/2020,2020,July,220.6987765
Zamfara,01/08/2020,2020,August,214.6428571
Zamfara,01/09/2020,2020,September,204.6428571
Zamfara,01/10/2020,2020,October,220.8267675
Zamfara,01/11/2020,2020,November,248
Zamfara,01/12/2020,2020,December,257.5
Zamfara,01/01/2021,2021,January,262.7777778
Zamfara,01/02/2021,2021,February,268.7777778
Zamfara,01/03/2021,2021,March,232.9496701
Zamfara,01/04/2021,2021,April,225
Zamfara,01/05/2021,2021,May,225
Zamfara,01/06/2021,2021,June,221.6666667
Zamfara,01/07/2021,2021,July,243.5714286
Zamfara,01/08/2021,2021,August,267.5
Zamfara,01/09/2021,2021,September,216.25
Zamfara,01/10/2021,2021,October,223.3333333
Zamfara,01/11/2021,2021,November,250
Zamfara,01/12/2021,2021,December,250
Zamfara,01/01/2022,2022,January,235
Zamfara,01/02/2022,2022,February,260
Zamfara,01/03/2022,2022,March,546
Zamfara,01/04/2022,2022,April,700
Zamfara,01/05/2022,2022,May,704
Zamfara,01/06/2022,2022,June,750
Zamfara,01/07/2022,2022,July,750
Zamfara,01/08/2022,2022,August,768.3333333
Zamfara,01/09/2022,2022,September,778
Zamfara,01/10/2022,2022,October,785
Zamfara,01/11/2022,2022,November,788
Zamfara,01/12/2022,2022,December,795
Zamfara,01/12/2023,2023,December,1225
Zamfara,01/01/2023,2023,January,1182.6
Zamfara,01/02/2023,2023,February,1225
Zamfara,01/03/2023,2023,March,1362.11
Zamfara,01/04/2023,2023,April,1315.71
,,,,
,,,,
,,,,
,,,,
,,,,
,,,,
,,,,
,,,,
,,,,
,,,,
,,,,
,,,,
,,,,
,,,,
,,,,
,,,,
,,,,
,,,,
,,,,
,,,,
,,,,
,,,,
,,,,
,,,,
,,,,
,,,,
,,,,
,,,,
,,,,
,,,,
,,,,
,,,,
,,,,
,,,,
,,,,
,,,,
,,,,
,,,,
,,,,
,,,,
,,,,
,,,,
,,,,
,,,,
,,,,
,,,,
,,,,
,,,,
,,,,
,,,,
,,,,
,,,,
,,,,
,,,,
,,,,
,,,,
,,,,
,,,,
,,,,
,,,,
,,,,
,,,,
,,,,
,,,,
,,,,
,,,,
,,,,
,,,,
,,,,
,,,,
,,,,
,,,,
,,,,
,,,,
,,,,
,,,,
,,,,
,,,,
,,,,
,,,,
,,,,
,,,,
,,,,
,,,,
,,,,
,,,,
,,,,
,,,,
,,,,
,,,,
,,,,
,,,,
,,,,
,,,,
,,,,
,,,,
,,,,
,,,,
,,,,
,,,,
,,,,
,,,,
,,,,
,,,,
,,,,
,,,,
,,,,
,,,,
,,,,
,,,,
,,,,
,,,,
,,,,
,,,,
,,,,
,,,,
,,,,
,,,,
,,,,
,,,,
,,,,
,,,,
,,,,
,,,,
,,,,
,,,,
,,,,
,,,,
,,,,
,,,,
,,,,
,,,,
,,,,
,,,,
,,,,
,,,,
,,,,
,,,,
,,,,
,,,,
,,,,
,,,,
,,,,
,,,,
,,,,
,,,,
,,,,
,,,,
,,,,
,,,,
,,,,
,,,,
,,,,
,,,,
,,,,
,,,,
,,,,
,,,,
,,,,
,,,,
,,,,
,,,,
,,,,
,,,,
,,,,
,,,,
,,,,
,,,,
,,,,
,,,,
,,,,
,,,,
,,,,
,,,,
,,,,
,,,,
,,,,
,,,,
,,,,
,,,,
,,,,
,,,,
,,,,
,,,,
,,,,
,,,,
,,,,
,,,,
,,,,
,,,,
,,,,
