EDGAR Country Code,Country,Year,GHG
ABW,Aruba,1970,0.045175752
ABW,Aruba,1971,0.050062904
ABW,Aruba,1972,0.060857417
ABW,Aruba,1973,0.065847311
ABW,Aruba,1974,0.065107874
ABW,Aruba,1975,0.079127648
ABW,Aruba,1976,0.078179274
ABW,Aruba,1977,0.088895859
ABW,Aruba,1978,0.093714705
ABW,Aruba,1979,0.097665785
ABW,Aruba,1980,0.101651922
ABW,Aruba,1981,0.104907288
ABW,Aruba,1982,0.104413873
ABW,Aruba,1983,0.106993982
ABW,Aruba,1984,0.12165228
ABW,Aruba,1985,0.127340981
ABW,Aruba,1986,0.13703446
ABW,Aruba,1987,0.15183371
ABW,Aruba,1988,0.165910583
ABW,Aruba,1989,0.221021187
ABW,Aruba,1990,0.21437893
ABW,Aruba,1991,0.241864952
ABW,Aruba,1992,0.266760398
ABW,Aruba,1993,0.270405812
ABW,Aruba,1994,0.297539463
ABW,Aruba,1995,0.327189316
ABW,Aruba,1996,0.225761005
ABW,Aruba,1997,0.353293131
ABW,Aruba,1998,0.361870046
ABW,Aruba,1999,0.352332055
ABW,Aruba,2000,0.335765357
ABW,Aruba,2001,0.344135269
ABW,Aruba,2002,0.363221989
ABW,Aruba,2003,0.412245779
ABW,Aruba,2004,0.430187145
ABW,Aruba,2005,0.462647522
ABW,Aruba,2006,0.46057352
ABW,Aruba,2007,0.500896333
ABW,Aruba,2008,0.493070782
ABW,Aruba,2009,0.526922596
ABW,Aruba,2010,0.507506962
ABW,Aruba,2011,0.337124798
ABW,Aruba,2012,0.409986185
ABW,Aruba,2013,0.463848197
ABW,Aruba,2014,0.475080546
ABW,Aruba,2015,0.476461184
ABW,Aruba,2016,0.494114022
ABW,Aruba,2017,0.467188552
ABW,Aruba,2018,0.502076806
ABW,Aruba,2019,0.575822321
ABW,Aruba,2020,0.494730747
ABW,Aruba,2021,0.479191757
ABW,Aruba,2022,0.496682755
AFG,Afghanistan,1970,17.33619212
AFG,Afghanistan,1971,17.29279326
AFG,Afghanistan,1972,15.34225073
AFG,Afghanistan,1973,15.9660602
AFG,Afghanistan,1974,17.27844284
AFG,Afghanistan,1975,17.98425331
AFG,Afghanistan,1976,17.98910685
AFG,Afghanistan,1977,18.15341388
AFG,Afghanistan,1978,17.70045932
AFG,Afghanistan,1979,17.49476257
AFG,Afghanistan,1980,17.52177991
AFG,Afghanistan,1981,17.61438835
AFG,Afghanistan,1982,17.55756614
AFG,Afghanistan,1983,17.49282266
AFG,Afghanistan,1984,16.43593559
AFG,Afghanistan,1985,16.36949694
AFG,Afghanistan,1986,14.64739149
AFG,Afghanistan,1987,14.23515675
AFG,Afghanistan,1988,14.39958716
AFG,Afghanistan,1989,13.67069846
AFG,Afghanistan,1990,13.77560449
AFG,Afghanistan,1991,13.85465351
AFG,Afghanistan,1992,12.90364914
AFG,Afghanistan,1993,13.07113038
AFG,Afghanistan,1994,13.228593
AFG,Afghanistan,1995,13.6246765
AFG,Afghanistan,1996,14.96940783
AFG,Afghanistan,1997,16.06067866
AFG,Afghanistan,1998,16.9107136
AFG,Afghanistan,1999,17.93944796
AFG,Afghanistan,2000,16.04541997
AFG,Afghanistan,2001,14.38789463
AFG,Afghanistan,2002,17.04471035
AFG,Afghanistan,2003,17.73231774
AFG,Afghanistan,2004,17.78945145
AFG,Afghanistan,2005,18.19132436
AFG,Afghanistan,2006,18.46103626
AFG,Afghanistan,2007,19.61755452
AFG,Afghanistan,2008,23.08980825
AFG,Afghanistan,2009,26.31346123
AFG,Afghanistan,2010,30.19093931
AFG,Afghanistan,2011,34.47027741
AFG,Afghanistan,2012,32.464602
AFG,Afghanistan,2013,30.89995414
AFG,Afghanistan,2014,31.21444607
AFG,Afghanistan,2015,31.20849536
AFG,Afghanistan,2016,30.56723038
AFG,Afghanistan,2017,31.77300686
AFG,Afghanistan,2018,31.43983977
AFG,Afghanistan,2019,30.32285095
AFG,Afghanistan,2020,28.15067419
AFG,Afghanistan,2021,28.95369671
AFG,Afghanistan,2022,29.11787902
AGO,Angola,1970,20.13836441
AGO,Angola,1971,20.01841579
AGO,Angola,1972,22.72100118
AGO,Angola,1973,24.37591125
AGO,Angola,1974,25.08320773
AGO,Angola,1975,23.88992383
AGO,Angola,1976,19.96041938
AGO,Angola,1977,24.62094511
AGO,Angola,1978,26.75341317
AGO,Angola,1979,27.34733335
AGO,Angola,1980,27.85470381
AGO,Angola,1981,26.40785364
AGO,Angola,1982,26.69060729
AGO,Angola,1983,28.58006488
AGO,Angola,1984,29.5379862
AGO,Angola,1985,31.31576771
AGO,Angola,1986,32.91526044
AGO,Angola,1987,35.07107874
AGO,Angola,1988,37.65047224
AGO,Angola,1989,38.06027914
AGO,Angola,1990,34.95703644
AGO,Angola,1991,34.82594233
AGO,Angola,1992,33.94866933
AGO,Angola,1993,37.77623242
AGO,Angola,1994,48.92596789
AGO,Angola,1995,56.341505
AGO,Angola,1996,67.36821204
AGO,Angola,1997,70.2139149
AGO,Angola,1998,75.47142156
AGO,Angola,1999,76.24046543
AGO,Angola,2000,71.46133796
AGO,Angola,2001,69.30238859
AGO,Angola,2002,68.05225714
AGO,Angola,2003,68.30398978
AGO,Angola,2004,74.42710729
AGO,Angola,2005,73.53389986
AGO,Angola,2006,66.56064261
AGO,Angola,2007,65.71769834
AGO,Angola,2008,70.04277201
AGO,Angola,2009,71.17342634
AGO,Angola,2010,78.13086853
AGO,Angola,2011,76.69170976
AGO,Angola,2012,78.41303282
AGO,Angola,2013,82.98549282
AGO,Angola,2014,85.18664518
AGO,Angola,2015,90.11060398
AGO,Angola,2016,87.09603742
AGO,Angola,2017,81.88804529
AGO,Angola,2018,78.21574867
AGO,Angola,2019,77.43541071
AGO,Angola,2020,71.68251324
AGO,Angola,2021,69.61389818
AGO,Angola,2022,66.48005759
AIA,Anguilla,1970,0.004256361
AIA,Anguilla,1971,0.004257561
AIA,Anguilla,1972,0.004358065
AIA,Anguilla,1973,0.004201417
AIA,Anguilla,1974,0.004450573
AIA,Anguilla,1975,0.004692411
AIA,Anguilla,1976,0.004526209
AIA,Anguilla,1977,0.004627492
AIA,Anguilla,1978,0.004994749
AIA,Anguilla,1979,0.005300006
AIA,Anguilla,1980,0.00653065
AIA,Anguilla,1981,0.008828532
AIA,Anguilla,1982,0.009285104
AIA,Anguilla,1983,0.008319102
AIA,Anguilla,1984,0.008021566
AIA,Anguilla,1985,0.005827917
AIA,Anguilla,1986,0.0053768
AIA,Anguilla,1987,0.00853137
AIA,Anguilla,1988,0.008310968
AIA,Anguilla,1989,0.008776587
AIA,Anguilla,1990,0.008846353
AIA,Anguilla,1991,0.01046251
AIA,Anguilla,1992,0.010894672
AIA,Anguilla,1993,0.013085332
AIA,Anguilla,1994,0.016453182
AIA,Anguilla,1995,0.019952484
AIA,Anguilla,1996,0.019860245
AIA,Anguilla,1997,0.017210092
AIA,Anguilla,1998,0.016131932
AIA,Anguilla,1999,0.015510534
AIA,Anguilla,2000,0.019387952
AIA,Anguilla,2001,0.019961284
AIA,Anguilla,2002,0.014844671
AIA,Anguilla,2003,0.018271592
AIA,Anguilla,2004,0.017723431
AIA,Anguilla,2005,0.018016773
AIA,Anguilla,2006,0.017228831
AIA,Anguilla,2007,0.016801137
AIA,Anguilla,2008,0.020271888
AIA,Anguilla,2009,0.024959934
AIA,Anguilla,2010,0.028984432
AIA,Anguilla,2011,0.031086624
AIA,Anguilla,2012,0.031155293
AIA,Anguilla,2013,0.033171173
AIA,Anguilla,2014,0.033173596
AIA,Anguilla,2015,0.033318122
AIA,Anguilla,2016,0.033730984
AIA,Anguilla,2017,0.034494365
AIA,Anguilla,2018,0.033630961
AIA,Anguilla,2019,0.033000431
AIA,Anguilla,2020,0.028106836
AIA,Anguilla,2021,0.027267451
AIA,Anguilla,2022,0.028098791
AIR,International Aviation,1970,171.1604553
AIR,International Aviation,1971,171.1479822
AIR,International Aviation,1972,181.492019
AIR,International Aviation,1973,189.2612131
AIR,International Aviation,1974,182.1232457
AIR,International Aviation,1975,176.1076377
AIR,International Aviation,1976,176.4120121
AIR,International Aviation,1977,192.354128
AIR,International Aviation,1978,199.2457495
AIR,International Aviation,1979,206.0781308
AIR,International Aviation,1980,204.8473006
AIR,International Aviation,1981,204.2167775
AIR,International Aviation,1982,211.4994124
AIR,International Aviation,1983,213.3814394
AIR,International Aviation,1984,221.3801272
AIR,International Aviation,1985,227.5572244
AIR,International Aviation,1986,250.0542195
AIR,International Aviation,1987,264.2340485
AIR,International Aviation,1988,279.148129
AIR,International Aviation,1989,293.2882121
AIR,International Aviation,1990,261.8044852
AIR,International Aviation,1991,254.5891211
AIR,International Aviation,1992,262.9476936
AIR,International Aviation,1993,268.013454
AIR,International Aviation,1994,281.5592752
AIR,International Aviation,1995,292.1862584
AIR,International Aviation,1996,304.0434992
AIR,International Aviation,1997,318.8752731
AIR,International Aviation,1998,329.3838026
AIR,International Aviation,1999,343.3805259
AIR,International Aviation,2000,355.8928385
AIR,International Aviation,2001,350.0055918
AIR,International Aviation,2002,370.7289209
AIR,International Aviation,2003,368.6743986
AIR,International Aviation,2004,398.1645939
AIR,International Aviation,2005,423.3091
AIR,International Aviation,2006,438.9779929
AIR,International Aviation,2007,452.8070247
AIR,International Aviation,2008,460.4864269
AIR,International Aviation,2009,439.0135158
AIR,International Aviation,2010,464.9141785
AIR,International Aviation,2011,479.8313053
AIR,International Aviation,2012,479.9963236
AIR,International Aviation,2013,488.0254648
AIR,International Aviation,2014,503.952576
AIR,International Aviation,2015,532.8782841
AIR,International Aviation,2016,555.7852197
AIR,International Aviation,2017,591.0793137
AIR,International Aviation,2018,617.4303557
AIR,International Aviation,2019,627.4783015
AIR,International Aviation,2020,299.325868
AIR,International Aviation,2021,345.3760015
AIR,International Aviation,2022,425.9637352
ALB,Albania,1970,8.261250224
ALB,Albania,1971,8.20586179
ALB,Albania,1972,9.1409237
ALB,Albania,1973,8.633941456
ALB,Albania,1974,8.906908393
ALB,Albania,1975,9.113706541
ALB,Albania,1976,9.738074162
ALB,Albania,1977,10.29317741
ALB,Albania,1978,11.3132067
ALB,Albania,1979,12.47560744
ALB,Albania,1980,12.67935865
ALB,Albania,1981,11.70469401
ALB,Albania,1982,12.34812885
ALB,Albania,1983,13.19872313
ALB,Albania,1984,13.5122899
ALB,Albania,1985,13.07727384
ALB,Albania,1986,13.3029529
ALB,Albania,1987,13.59236496
ALB,Albania,1988,13.49809841
ALB,Albania,1989,13.38946596
ALB,Albania,1990,11.56814995
ALB,Albania,1991,9.084328854
ALB,Albania,1992,6.194991712
ALB,Albania,1993,6.231224543
ALB,Albania,1994,6.925476723
ALB,Albania,1995,6.567055841
ALB,Albania,1996,6.306009794
ALB,Albania,1997,5.560192961
ALB,Albania,1998,5.828660737
ALB,Albania,1999,7.040419898
ALB,Albania,2000,7.251388866
ALB,Albania,2001,7.445691948
ALB,Albania,2002,8.073175451
ALB,Albania,2003,8.265510937
ALB,Albania,2004,8.476583244
ALB,Albania,2005,8.07008509
ALB,Albania,2006,8.115437573
ALB,Albania,2007,8.07162697
ALB,Albania,2008,7.855476541
ALB,Albania,2009,7.833121252
ALB,Albania,2010,8.141796911
ALB,Albania,2011,8.543462931
ALB,Albania,2012,8.253650324
ALB,Albania,2013,8.51493426
ALB,Albania,2014,9.006528782
ALB,Albania,2015,8.845874441
ALB,Albania,2016,8.461623399
ALB,Albania,2017,9.281256843
ALB,Albania,2018,9.229380238
ALB,Albania,2019,8.744489777
ALB,Albania,2020,7.863103832
ALB,Albania,2021,7.898121484
ALB,Albania,2022,7.983378894
ANT,Curaçao,1970,15.07858349
ANT,Curaçao,1971,15.07980471
ANT,Curaçao,1972,14.65598305
ANT,Curaçao,1973,16.20712118
ANT,Curaçao,1974,14.67343461
ANT,Curaçao,1975,10.58878218
ANT,Curaçao,1976,11.26290673
ANT,Curaçao,1977,11.39949129
ANT,Curaçao,1978,9.686506377
ANT,Curaçao,1979,9.58167991
ANT,Curaçao,1980,9.090548666
ANT,Curaçao,1981,8.426142063
ANT,Curaçao,1982,7.649168279
ANT,Curaçao,1983,7.184108433
ANT,Curaçao,1984,7.009089259
ANT,Curaçao,1985,4.69757839
ANT,Curaçao,1986,4.486635542
ANT,Curaçao,1987,4.165605597
ANT,Curaçao,1988,3.657966363
ANT,Curaçao,1989,3.145533863
ANT,Curaçao,1990,2.855946953
ANT,Curaçao,1991,2.958818553
ANT,Curaçao,1992,3.092856517
ANT,Curaçao,1993,2.570472639
ANT,Curaçao,1994,2.87906847
ANT,Curaçao,1995,2.885991753
ANT,Curaçao,1996,2.9159003
ANT,Curaçao,1997,5.540251767
ANT,Curaçao,1998,5.725633572
ANT,Curaçao,1999,5.676725974
ANT,Curaçao,2000,5.898725057
ANT,Curaçao,2001,5.897282277
ANT,Curaçao,2002,5.639973496
ANT,Curaçao,2003,5.640477138
ANT,Curaçao,2004,5.862127419
ANT,Curaçao,2005,6.146153839
ANT,Curaçao,2006,6.004520292
ANT,Curaçao,2007,6.49241533
ANT,Curaçao,2008,6.433938286
ANT,Curaçao,2009,6.094006828
ANT,Curaçao,2010,4.450420774
ANT,Curaçao,2011,5.720967896
ANT,Curaçao,2012,5.814634004
ANT,Curaçao,2013,5.345672905
ANT,Curaçao,2014,5.884328338
ANT,Curaçao,2015,5.946691894
ANT,Curaçao,2016,5.169312815
ANT,Curaçao,2017,4.171541364
ANT,Curaçao,2018,3.379340738
ANT,Curaçao,2019,2.620709698
ANT,Curaçao,2020,2.15837096
ANT,Curaçao,2021,2.081487002
ANT,Curaçao,2022,2.154473486
ARE,United Arab Emirates,1970,29.37488844
ARE,United Arab Emirates,1971,35.42662861
ARE,United Arab Emirates,1972,38.99314048
ARE,United Arab Emirates,1973,50.04015323
ARE,United Arab Emirates,1974,51.45660822
ARE,United Arab Emirates,1975,52.46737608
ARE,United Arab Emirates,1976,63.65367035
ARE,United Arab Emirates,1977,65.29113811
ARE,United Arab Emirates,1978,71.50907875
ARE,United Arab Emirates,1979,57.1198563
ARE,United Arab Emirates,1980,60.09886547
ARE,United Arab Emirates,1981,55.78007299
ARE,United Arab Emirates,1982,54.16552733
ARE,United Arab Emirates,1983,51.7668828
ARE,United Arab Emirates,1984,65.87377601
ARE,United Arab Emirates,1985,68.76284388
ARE,United Arab Emirates,1986,69.28835944
ARE,United Arab Emirates,1987,73.3406455
ARE,United Arab Emirates,1988,72.86099803
ARE,United Arab Emirates,1989,82.60929479
ARE,United Arab Emirates,1990,84.78691653
ARE,United Arab Emirates,1991,94.15597637
ARE,United Arab Emirates,1992,93.09708731
ARE,United Arab Emirates,1993,100.0657971
ARE,United Arab Emirates,1994,106.1839632
ARE,United Arab Emirates,1995,112.663107
ARE,United Arab Emirates,1996,118.5535985
ARE,United Arab Emirates,1997,121.0829572
ARE,United Arab Emirates,1998,122.233273
ARE,United Arab Emirates,1999,125.5021669
ARE,United Arab Emirates,2000,127.7237373
ARE,United Arab Emirates,2001,142.1937143
ARE,United Arab Emirates,2002,143.8396437
ARE,United Arab Emirates,2003,152.1307309
ARE,United Arab Emirates,2004,159.2348821
ARE,United Arab Emirates,2005,169.6290698
ARE,United Arab Emirates,2006,176.7250603
ARE,United Arab Emirates,2007,187.3279072
ARE,United Arab Emirates,2008,214.9662977
ARE,United Arab Emirates,2009,215.9458178
ARE,United Arab Emirates,2010,224.9155445
ARE,United Arab Emirates,2011,232.8162105
ARE,United Arab Emirates,2012,243.6736086
ARE,United Arab Emirates,2013,255.4577658
ARE,United Arab Emirates,2014,258.7958281
ARE,United Arab Emirates,2015,272.7315588
ARE,United Arab Emirates,2016,281.1532245
ARE,United Arab Emirates,2017,270.9877693
ARE,United Arab Emirates,2018,253.467488
ARE,United Arab Emirates,2019,268.6961479
ARE,United Arab Emirates,2020,271.2823282
ARE,United Arab Emirates,2021,286.7592707
ARE,United Arab Emirates,2022,295.1102634
ARG,Argentina,1970,223.2109269
ARG,Argentina,1971,226.6139834
ARG,Argentina,1972,233.7824118
ARG,Argentina,1973,241.8043861
ARG,Argentina,1974,242.4992975
ARG,Argentina,1975,243.2420733
ARG,Argentina,1976,251.8553036
ARG,Argentina,1977,262.4027444
ARG,Argentina,1978,255.0680535
ARG,Argentina,1979,261.1222496
ARG,Argentina,1980,256.6668613
ARG,Argentina,1981,251.0513013
ARG,Argentina,1982,248.122556
ARG,Argentina,1983,254.9403404
ARG,Argentina,1984,256.6828021
ARG,Argentina,1985,248.5344323
ARG,Argentina,1986,254.786903
ARG,Argentina,1987,259.1631608
ARG,Argentina,1988,268.408684
ARG,Argentina,1989,268.0926051
ARG,Argentina,1990,262.6701562
ARG,Argentina,1991,266.6933539
ARG,Argentina,1992,268.7562259
ARG,Argentina,1993,271.4502092
ARG,Argentina,1994,277.2695156
ARG,Argentina,1995,280.3220107
ARG,Argentina,1996,288.0828735
ARG,Argentina,1997,293.1787991
ARG,Argentina,1998,298.0995626
ARG,Argentina,1999,305.6195918
ARG,Argentina,2000,303.6759323
ARG,Argentina,2001,299.484498
ARG,Argentina,2002,298.4005361
ARG,Argentina,2003,321.5879987
ARG,Argentina,2004,341.7660419
ARG,Argentina,2005,344.8271048
ARG,Argentina,2006,358.5809949
ARG,Argentina,2007,365.360942
ARG,Argentina,2008,366.066842
ARG,Argentina,2009,343.2477213
ARG,Argentina,2010,346.294663
ARG,Argentina,2011,353.7734396
ARG,Argentina,2012,358.8237163
ARG,Argentina,2013,368.29518
ARG,Argentina,2014,366.6445448
ARG,Argentina,2015,375.1249164
ARG,Argentina,2016,375.9012509
ARG,Argentina,2017,379.1693304
ARG,Argentina,2018,378.2916758
ARG,Argentina,2019,373.7472719
ARG,Argentina,2020,359.025664
ARG,Argentina,2021,378.4203527
ARG,Argentina,2022,382.9924781
ARM,Armenia,1970,15.3500713
ARM,Armenia,1971,15.84695211
ARM,Armenia,1972,16.67763352
ARM,Armenia,1973,17.55884807
ARM,Armenia,1974,18.4131199
ARM,Armenia,1975,19.5536357
ARM,Armenia,1976,20.02877513
ARM,Armenia,1977,20.50609483
ARM,Armenia,1978,21.25700173
ARM,Armenia,1979,21.79791897
ARM,Armenia,1980,22.74065926
ARM,Armenia,1981,22.61289225
ARM,Armenia,1982,22.97082033
ARM,Armenia,1983,22.85968253
ARM,Armenia,1984,22.93004954
ARM,Armenia,1985,23.04570587
ARM,Armenia,1986,23.44693042
ARM,Armenia,1987,24.10127179
ARM,Armenia,1988,24.37591639
ARM,Armenia,1989,24.34443904
ARM,Armenia,1990,24.37325578
ARM,Armenia,1991,24.93864938
ARM,Armenia,1992,14.04065979
ARM,Armenia,1993,7.73403089
ARM,Armenia,1994,5.395081205
ARM,Armenia,1995,6.073781358
ARM,Armenia,1996,5.12470626
ARM,Armenia,1997,5.834483842
ARM,Armenia,1998,5.874516035
ARM,Armenia,1999,5.508039184
ARM,Armenia,2000,6.033866777
ARM,Armenia,2001,6.178078102
ARM,Armenia,2002,5.743263472
ARM,Armenia,2003,6.201066956
ARM,Armenia,2004,6.678035222
ARM,Armenia,2005,7.429651813
ARM,Armenia,2006,7.401618668
ARM,Armenia,2007,8.167480476
ARM,Armenia,2008,8.642436936
ARM,Armenia,2009,7.350802554
ARM,Armenia,2010,7.09590721
ARM,Armenia,2011,7.723093328
ARM,Armenia,2012,8.594488588
ARM,Armenia,2013,8.604289279
ARM,Armenia,2014,8.682475861
ARM,Armenia,2015,8.618040933
ARM,Armenia,2016,8.428328277
ARM,Armenia,2017,8.623957359
ARM,Armenia,2018,8.785171681
ARM,Armenia,2019,9.267406741
ARM,Armenia,2020,9.802551076
ARM,Armenia,2021,10.00260527
ARM,Armenia,2022,9.377031338
ATG,Antigua and Barbuda,1970,0.170484165
ATG,Antigua and Barbuda,1971,0.177476319
ATG,Antigua and Barbuda,1972,0.198953699
ATG,Antigua and Barbuda,1973,0.200362286
ATG,Antigua and Barbuda,1974,0.186097854
ATG,Antigua and Barbuda,1975,0.211271927
ATG,Antigua and Barbuda,1976,0.198832258
ATG,Antigua and Barbuda,1977,0.213096994
ATG,Antigua and Barbuda,1978,0.217857955
ATG,Antigua and Barbuda,1979,0.223152218
ATG,Antigua and Barbuda,1980,0.226536808
ATG,Antigua and Barbuda,1981,0.209157408
ATG,Antigua and Barbuda,1982,0.243947194
ATG,Antigua and Barbuda,1983,0.178934798
ATG,Antigua and Barbuda,1984,0.198481032
ATG,Antigua and Barbuda,1985,0.202528127
ATG,Antigua and Barbuda,1986,0.207186607
ATG,Antigua and Barbuda,1987,0.242841364
ATG,Antigua and Barbuda,1988,0.254333698
ATG,Antigua and Barbuda,1989,0.253916374
ATG,Antigua and Barbuda,1990,0.246589836
ATG,Antigua and Barbuda,1991,0.249826747
ATG,Antigua and Barbuda,1992,0.251901018
ATG,Antigua and Barbuda,1993,0.250298424
ATG,Antigua and Barbuda,1994,0.261995194
ATG,Antigua and Barbuda,1995,0.271560052
ATG,Antigua and Barbuda,1996,0.271213484
ATG,Antigua and Barbuda,1997,0.280569089
ATG,Antigua and Barbuda,1998,0.286065642
ATG,Antigua and Barbuda,1999,0.281598456
ATG,Antigua and Barbuda,2000,0.226030555
ATG,Antigua and Barbuda,2001,0.226171963
ATG,Antigua and Barbuda,2002,0.240385446
ATG,Antigua and Barbuda,2003,0.255118515
ATG,Antigua and Barbuda,2004,0.260371794
ATG,Antigua and Barbuda,2005,0.265249156
ATG,Antigua and Barbuda,2006,0.283224065
ATG,Antigua and Barbuda,2007,0.304024198
ATG,Antigua and Barbuda,2008,0.32103256
ATG,Antigua and Barbuda,2009,0.351175335
ATG,Antigua and Barbuda,2010,0.341939249
ATG,Antigua and Barbuda,2011,0.280533516
ATG,Antigua and Barbuda,2012,0.302230531
ATG,Antigua and Barbuda,2013,0.347695228
ATG,Antigua and Barbuda,2014,0.357392473
ATG,Antigua and Barbuda,2015,0.356448736
ATG,Antigua and Barbuda,2016,0.377181213
ATG,Antigua and Barbuda,2017,0.335723562
ATG,Antigua and Barbuda,2018,0.375275149
ATG,Antigua and Barbuda,2019,0.408738859
ATG,Antigua and Barbuda,2020,0.358700543
ATG,Antigua and Barbuda,2021,0.348980861
ATG,Antigua and Barbuda,2022,0.359825403
AUS,Australia,1970,315.014313
AUS,Australia,1971,321.2737533
AUS,Australia,1972,333.3670527
AUS,Australia,1973,340.5712706
AUS,Australia,1974,355.3795269
AUS,Australia,1975,364.745192
AUS,Australia,1976,367.8719165
AUS,Australia,1977,374.5540951
AUS,Australia,1978,365.5537286
AUS,Australia,1979,369.7471054
AUS,Australia,1980,376.997659
AUS,Australia,1981,379.8932552
AUS,Australia,1982,387.227379
AUS,Australia,1983,373.9883467
AUS,Australia,1984,385.7228056
AUS,Australia,1985,401.6027659
AUS,Australia,1986,406.308058
AUS,Australia,1987,417.0141229
AUS,Australia,1988,425.5885041
AUS,Australia,1989,448.8158661
AUS,Australia,1990,457.2166203
AUS,Australia,1991,460.1053908
AUS,Australia,1992,461.7200781
AUS,Australia,1993,464.745902
AUS,Australia,1994,470.1945406
AUS,Australia,1995,477.8887538
AUS,Australia,1996,491.4381115
AUS,Australia,1997,504.3820682
AUS,Australia,1998,526.4948157
AUS,Australia,1999,533.7184883
AUS,Australia,2000,542.6008353
AUS,Australia,2001,552.4617806
AUS,Australia,2002,561.0545859
AUS,Australia,2003,552.0085832
AUS,Australia,2004,572.4742254
AUS,Australia,2005,576.5897885
AUS,Australia,2006,581.0204301
AUS,Australia,2007,589.5369847
AUS,Australia,2008,587.6602516
AUS,Australia,2009,596.658121
AUS,Australia,2010,601.8657319
AUS,Australia,2011,605.7947241
AUS,Australia,2012,608.2882166
AUS,Australia,2013,597.0736586
AUS,Australia,2014,585.4420386
AUS,Australia,2015,593.5614924
AUS,Australia,2016,594.0243561
AUS,Australia,2017,601.0651667
AUS,Australia,2018,597.7740968
AUS,Australia,2019,596.0316222
AUS,Australia,2020,572.8336503
AUS,Australia,2021,561.6546855
AUS,Australia,2022,571.3821126
AUT,Austria,1970,72.48602518
AUT,Austria,1971,75.34723245
AUT,Austria,1972,77.66532012
AUT,Austria,1973,81.40550196
AUT,Austria,1974,79.09436447
AUT,Austria,1975,76.66039801
AUT,Austria,1976,82.06178855
AUT,Austria,1977,79.53781777
AUT,Austria,1978,81.65870777
AUT,Austria,1979,84.43347375
AUT,Austria,1980,82.56175699
AUT,Austria,1981,79.07560475
AUT,Austria,1982,76.89629432
AUT,Austria,1983,76.76289062
AUT,Austria,1984,79.30757471
AUT,Austria,1985,80.64054092
AUT,Austria,1986,79.0726535
AUT,Austria,1987,79.24770591
AUT,Austria,1988,78.03433894
AUT,Austria,1989,77.33591721
AUT,Austria,1990,81.5080331
AUT,Austria,1991,85.6669767
AUT,Austria,1992,80.12201025
AUT,Austria,1993,80.09473944
AUT,Austria,1994,80.45419369
AUT,Austria,1995,83.30239207
AUT,Austria,1996,87.25541067
AUT,Austria,1997,86.47126661
AUT,Austria,1998,86.66179547
AUT,Austria,1999,84.61839126
AUT,Austria,2000,84.75556661
AUT,Austria,2001,89.65513071
AUT,Austria,2002,91.16828614
AUT,Austria,2003,96.9484345
AUT,Austria,2004,96.66451738
AUT,Austria,2005,96.87781537
AUT,Austria,2006,94.37830739
AUT,Austria,2007,91.2610279
AUT,Austria,2008,90.67401677
AUT,Austria,2009,83.63501824
AUT,Austria,2010,89.80709033
AUT,Austria,2011,88.00773068
AUT,Austria,2012,84.74270302
AUT,Austria,2013,85.41958856
AUT,Austria,2014,81.74592658
AUT,Austria,2015,82.72412597
AUT,Austria,2016,83.41982092
AUT,Austria,2017,85.87440514
AUT,Austria,2018,82.84745676
AUT,Austria,2019,84.39550825
AUT,Austria,2020,78.30591696
AUT,Austria,2021,81.21859428
AUT,Austria,2022,76.74330447
AZE,Azerbaijan,1970,46.2763291
AZE,Azerbaijan,1971,48.22144041
AZE,Azerbaijan,1972,50.68698227
AZE,Azerbaijan,1973,53.47628176
AZE,Azerbaijan,1974,56.10116348
AZE,Azerbaijan,1975,59.74919854
AZE,Azerbaijan,1976,61.53002978
AZE,Azerbaijan,1977,63.05454504
AZE,Azerbaijan,1978,65.59587246
AZE,Azerbaijan,1979,67.34507738
AZE,Azerbaijan,1980,69.75827466
AZE,Azerbaijan,1981,69.05098278
AZE,Azerbaijan,1982,68.68134754
AZE,Azerbaijan,1983,68.49882121
AZE,Azerbaijan,1984,68.75580568
AZE,Azerbaijan,1985,68.78745666
AZE,Azerbaijan,1986,69.84185336
AZE,Azerbaijan,1987,72.09334235
AZE,Azerbaijan,1988,72.56937435
AZE,Azerbaijan,1989,73.14163918
AZE,Azerbaijan,1990,69.80753516
AZE,Azerbaijan,1991,67.44666727
AZE,Azerbaijan,1992,56.68368645
AZE,Azerbaijan,1993,50.30482719
AZE,Azerbaijan,1994,45.29804829
AZE,Azerbaijan,1995,44.17297089
AZE,Azerbaijan,1996,38.9188519
AZE,Azerbaijan,1997,38.41559901
AZE,Azerbaijan,1998,38.83368072
AZE,Azerbaijan,1999,39.60285862
AZE,Azerbaijan,2000,41.43878878
AZE,Azerbaijan,2001,40.51910416
AZE,Azerbaijan,2002,40.2779066
AZE,Azerbaijan,2003,43.33438674
AZE,Azerbaijan,2004,43.33124644
AZE,Azerbaijan,2005,46.45860266
AZE,Azerbaijan,2006,48.07083198
AZE,Azerbaijan,2007,50.04565567
AZE,Azerbaijan,2008,55.92442831
AZE,Azerbaijan,2009,49.37553321
AZE,Azerbaijan,2010,48.6263053
AZE,Azerbaijan,2011,51.42807398
AZE,Azerbaijan,2012,54.96833468
AZE,Azerbaijan,2013,56.40177441
AZE,Azerbaijan,2014,58.44391696
AZE,Azerbaijan,2015,58.03202955
AZE,Azerbaijan,2016,58.13011745
AZE,Azerbaijan,2017,57.78562746
AZE,Azerbaijan,2018,59.19063001
AZE,Azerbaijan,2019,64.3138454
AZE,Azerbaijan,2020,63.53125494
AZE,Azerbaijan,2021,68.04093958
AZE,Azerbaijan,2022,68.87689667
BDI,Burundi,1970,2.284847021
BDI,Burundi,1971,2.281655111
BDI,Burundi,1972,2.377443057
BDI,Burundi,1973,2.434997927
BDI,Burundi,1974,2.46069333
BDI,Burundi,1975,2.546796367
BDI,Burundi,1976,2.565471614
BDI,Burundi,1977,2.58637945
BDI,Burundi,1978,2.626513925
BDI,Burundi,1979,2.705405477
BDI,Burundi,1980,2.476041544
BDI,Burundi,1981,2.286325936
BDI,Burundi,1982,2.318282959
BDI,Burundi,1983,2.374370791
BDI,Burundi,1984,2.458624507
BDI,Burundi,1985,2.422055087
BDI,Burundi,1986,2.629868076
BDI,Burundi,1987,2.683599285
BDI,Burundi,1988,2.818983505
BDI,Burundi,1989,2.877034673
BDI,Burundi,1990,3.059203441
BDI,Burundi,1991,3.198747624
BDI,Burundi,1992,3.153610612
BDI,Burundi,1993,3.186830821
BDI,Burundi,1994,3.141269822
BDI,Burundi,1995,3.238098819
BDI,Burundi,1996,3.311901572
BDI,Burundi,1997,3.366753448
BDI,Burundi,1998,3.326119133
BDI,Burundi,1999,3.248033905
BDI,Burundi,2000,3.332463496
BDI,Burundi,2001,3.354087874
BDI,Burundi,2002,3.336795785
BDI,Burundi,2003,3.404424066
BDI,Burundi,2004,3.598184269
BDI,Burundi,2005,3.731916109
BDI,Burundi,2006,3.96599547
BDI,Burundi,2007,4.272897153
BDI,Burundi,2008,4.329794989
BDI,Burundi,2009,4.55217675
BDI,Burundi,2010,4.94563646
BDI,Burundi,2011,5.274695134
BDI,Burundi,2012,5.341592673
BDI,Burundi,2013,6.070156267
BDI,Burundi,2014,6.075102907
BDI,Burundi,2015,6.140360486
BDI,Burundi,2016,6.512932756
BDI,Burundi,2017,7.223433791
BDI,Burundi,2018,7.519677829
BDI,Burundi,2019,7.177571265
BDI,Burundi,2020,7.140930559
BDI,Burundi,2021,7.332370662
BDI,Burundi,2022,7.479944227
BEL,Belgium,1970,170.2065479
BEL,Belgium,1971,160.3201392
BEL,Belgium,1972,171.8227455
BEL,Belgium,1973,177.6347548
BEL,Belgium,1974,177.8942795
BEL,Belgium,1975,158.1461805
BEL,Belgium,1976,167.5914514
BEL,Belgium,1977,166.2434757
BEL,Belgium,1978,170.5228587
BEL,Belgium,1979,179.8111736
BEL,Belgium,1980,169.2999693
BEL,Belgium,1981,157.5786007
BEL,Belgium,1982,149.2347039
BEL,Belgium,1983,139.9743848
BEL,Belgium,1984,144.0703829
BEL,Belgium,1985,141.5493086
BEL,Belgium,1986,141.0581892
BEL,Belgium,1987,140.1659121
BEL,Belgium,1988,140.5917339
BEL,Belgium,1989,141.3950565
BEL,Belgium,1990,142.8033598
BEL,Belgium,1991,146.7846939
BEL,Belgium,1992,144.6124895
BEL,Belgium,1993,142.6199885
BEL,Belgium,1994,150.236785
BEL,Belgium,1995,151.1272626
BEL,Belgium,1996,156.4009601
BEL,Belgium,1997,152.6937805
BEL,Belgium,1998,156.4178725
BEL,Belgium,1999,152.5357116
BEL,Belgium,2000,153.8040954
BEL,Belgium,2001,153.9958153
BEL,Belgium,2002,146.2222924
BEL,Belgium,2003,149.972758
BEL,Belgium,2004,148.8784292
BEL,Belgium,2005,145.8352953
BEL,Belgium,2006,142.2547099
BEL,Belgium,2007,139.5681224
BEL,Belgium,2008,141.178916
BEL,Belgium,2009,133.5564644
BEL,Belgium,2010,142.0887459
BEL,Belgium,2011,131.7628989
BEL,Belgium,2012,129.7652706
BEL,Belgium,2013,130.8708575
BEL,Belgium,2014,123.7191264
BEL,Belgium,2015,127.9969407
BEL,Belgium,2016,126.584552
BEL,Belgium,2017,124.1913905
BEL,Belgium,2018,124.9002796
BEL,Belgium,2019,124.5499598
BEL,Belgium,2020,116.7932574
BEL,Belgium,2021,121.8803942
BEL,Belgium,2022,114.0322032
BEN,Benin,1970,2.519078841
BEN,Benin,1971,2.613382168
BEN,Benin,1972,2.82670811
BEN,Benin,1973,2.974561318
BEN,Benin,1974,2.962125681
BEN,Benin,1975,3.160644187
BEN,Benin,1976,3.041618006
BEN,Benin,1977,3.163125072
BEN,Benin,1978,3.27203932
BEN,Benin,1979,3.396248445
BEN,Benin,1980,3.561707895
BEN,Benin,1981,3.776783098
BEN,Benin,1982,4.013186311
BEN,Benin,1983,3.941604982
BEN,Benin,1984,4.037312931
BEN,Benin,1985,4.283517298
BEN,Benin,1986,4.03910334
BEN,Benin,1987,4.023008256
BEN,Benin,1988,3.998548486
BEN,Benin,1989,4.00313163
BEN,Benin,1990,4.201586855
BEN,Benin,1991,4.309990554
BEN,Benin,1992,4.429595969
BEN,Benin,1993,4.469492488
BEN,Benin,1994,4.819300129
BEN,Benin,1995,4.61901035
BEN,Benin,1996,5.582689887
BEN,Benin,1997,5.888110094
BEN,Benin,1998,5.927905435
BEN,Benin,1999,6.293308593
BEN,Benin,2000,6.546058718
BEN,Benin,2001,7.099115447
BEN,Benin,2002,7.570745464
BEN,Benin,2003,7.946559213
BEN,Benin,2004,8.285764732
BEN,Benin,2005,8.7593636
BEN,Benin,2006,10.03727958
BEN,Benin,2007,10.77256541
BEN,Benin,2008,10.91635105
BEN,Benin,2009,11.47471791
BEN,Benin,2010,12.3775167
BEN,Benin,2011,12.50566435
BEN,Benin,2012,12.50270716
BEN,Benin,2013,13.32943815
BEN,Benin,2014,13.93211517
BEN,Benin,2015,14.50030186
BEN,Benin,2016,16.19111535
BEN,Benin,2017,16.60469408
BEN,Benin,2018,18.14000492
BEN,Benin,2019,18.26047751
BEN,Benin,2020,19.05826073
BEN,Benin,2021,20.09747708
BEN,Benin,2022,20.6851389
BFA,Burkina Faso,1970,6.801391596
BFA,Burkina Faso,1971,6.83491765
BFA,Burkina Faso,1972,6.514349345
BFA,Burkina Faso,1973,6.22644668
BFA,Burkina Faso,1974,6.341837309
BFA,Burkina Faso,1975,6.550113328
BFA,Burkina Faso,1976,6.734930627
BFA,Burkina Faso,1977,6.85378726
BFA,Burkina Faso,1978,7.11357553
BFA,Burkina Faso,1979,7.437298762
BFA,Burkina Faso,1980,7.646532035
BFA,Burkina Faso,1981,7.95399879
BFA,Burkina Faso,1982,8.294764112
BFA,Burkina Faso,1983,8.553381727
BFA,Burkina Faso,1984,8.772150502
BFA,Burkina Faso,1985,9.723118772
BFA,Burkina Faso,1986,10.08629716
BFA,Burkina Faso,1987,10.47059578
BFA,Burkina Faso,1988,10.77430844
BFA,Burkina Faso,1989,11.02197383
BFA,Burkina Faso,1990,11.28348123
BFA,Burkina Faso,1991,11.88635102
BFA,Burkina Faso,1992,12.01947357
BFA,Burkina Faso,1993,12.3012133
BFA,Burkina Faso,1994,12.67591741
BFA,Burkina Faso,1995,13.08561377
BFA,Burkina Faso,1996,13.46124972
BFA,Burkina Faso,1997,14.02030541
BFA,Burkina Faso,1998,14.43986936
BFA,Burkina Faso,1999,14.45335594
BFA,Burkina Faso,2000,14.8685338
BFA,Burkina Faso,2001,15.94544531
BFA,Burkina Faso,2002,16.37090519
BFA,Burkina Faso,2003,19.69828457
BFA,Burkina Faso,2004,20.06269541
BFA,Burkina Faso,2005,20.70136091
BFA,Burkina Faso,2006,21.18316085
BFA,Burkina Faso,2007,22.17785185
BFA,Burkina Faso,2008,23.22819371
BFA,Burkina Faso,2009,23.68992605
BFA,Burkina Faso,2010,24.55942381
BFA,Burkina Faso,2011,25.29910298
BFA,Burkina Faso,2012,26.25154569
BFA,Burkina Faso,2013,27.27979307
BFA,Burkina Faso,2014,27.6228262
BFA,Burkina Faso,2015,29.41694217
BFA,Burkina Faso,2016,30.14793448
BFA,Burkina Faso,2017,31.29659545
BFA,Burkina Faso,2018,32.54677187
BFA,Burkina Faso,2019,33.729529
BFA,Burkina Faso,2020,34.40499973
BFA,Burkina Faso,2021,35.5827156
BFA,Burkina Faso,2022,36.49707311
BGD,Bangladesh,1970,130.9926036
BGD,Bangladesh,1971,124.3601615
BGD,Bangladesh,1972,126.5104029
BGD,Bangladesh,1973,127.7901864
BGD,Bangladesh,1974,126.7060742
BGD,Bangladesh,1975,132.2000085
BGD,Bangladesh,1976,129.1016495
BGD,Bangladesh,1977,130.7204462
BGD,Bangladesh,1978,134.4057134
BGD,Bangladesh,1979,136.52423
BGD,Bangladesh,1980,129.8663124
BGD,Bangladesh,1981,130.6124453
BGD,Bangladesh,1982,132.6207588
BGD,Bangladesh,1983,126.8904772
BGD,Bangladesh,1984,129.8626135
BGD,Bangladesh,1985,132.5816662
BGD,Bangladesh,1986,135.496768
BGD,Bangladesh,1987,134.5715539
BGD,Bangladesh,1988,135.6516598
BGD,Bangladesh,1989,139.3932141
BGD,Bangladesh,1990,139.9127847
BGD,Bangladesh,1991,138.2599169
BGD,Bangladesh,1992,139.8898391
BGD,Bangladesh,1993,139.3755085
BGD,Bangladesh,1994,141.4909416
BGD,Bangladesh,1995,146.7616689
BGD,Bangladesh,1996,147.7617534
BGD,Bangladesh,1997,149.2136779
BGD,Bangladesh,1998,148.5577548
BGD,Bangladesh,1999,154.9462429
BGD,Bangladesh,2000,156.853515
BGD,Bangladesh,2001,163.779482
BGD,Bangladesh,2002,168.1355984
BGD,Bangladesh,2003,171.8033421
BGD,Bangladesh,2004,173.4201247
BGD,Bangladesh,2005,179.5550053
BGD,Bangladesh,2006,185.3687848
BGD,Bangladesh,2007,190.4652987
BGD,Bangladesh,2008,201.8681548
BGD,Bangladesh,2009,207.1850397
BGD,Bangladesh,2010,216.4392519
BGD,Bangladesh,2011,220.9545161
BGD,Bangladesh,2012,226.5301188
BGD,Bangladesh,2013,231.8280204
BGD,Bangladesh,2014,238.0819099
BGD,Bangladesh,2015,248.0883549
BGD,Bangladesh,2016,255.6827501
BGD,Bangladesh,2017,268.2027077
BGD,Bangladesh,2018,278.9059399
BGD,Bangladesh,2019,276.8542506
BGD,Bangladesh,2020,269.031096
BGD,Bangladesh,2021,276.7974271
BGD,Bangladesh,2022,281.0821099
BGR,Bulgaria,1970,91.66372041
BGR,Bulgaria,1971,92.38830136
BGR,Bulgaria,1972,95.3298175
BGR,Bulgaria,1973,96.50518075
BGR,Bulgaria,1974,97.4694579
BGR,Bulgaria,1975,104.0078019
BGR,Bulgaria,1976,104.9263568
BGR,Bulgaria,1977,107.9032158
BGR,Bulgaria,1978,114.1140518
BGR,Bulgaria,1979,118.1139236
BGR,Bulgaria,1980,121.6681858
BGR,Bulgaria,1981,118.0832326
BGR,Bulgaria,1982,120.1494192
BGR,Bulgaria,1983,119.0986137
BGR,Bulgaria,1984,117.1086033
BGR,Bulgaria,1985,118.608641
BGR,Bulgaria,1986,119.65184
BGR,Bulgaria,1987,119.7315908
BGR,Bulgaria,1988,119.0527785
BGR,Bulgaria,1989,117.1532446
BGR,Bulgaria,1990,104.9864512
BGR,Bulgaria,1991,90.79257642
BGR,Bulgaria,1992,85.9057253
BGR,Bulgaria,1993,85.13060451
BGR,Bulgaria,1994,79.37131178
BGR,Bulgaria,1995,77.53881087
BGR,Bulgaria,1996,78.01077859
BGR,Bulgaria,1997,75.16948653
BGR,Bulgaria,1998,72.18016685
BGR,Bulgaria,1999,64.9646414
BGR,Bulgaria,2000,63.13848464
BGR,Bulgaria,2001,64.94600429
BGR,Bulgaria,2002,61.56047527
BGR,Bulgaria,2003,67.60691473
BGR,Bulgaria,2004,65.90276233
BGR,Bulgaria,2005,66.75527549
BGR,Bulgaria,2006,68.13525291
BGR,Bulgaria,2007,71.87282507
BGR,Bulgaria,2008,68.6512363
BGR,Bulgaria,2009,60.41395907
BGR,Bulgaria,2010,63.18201608
BGR,Bulgaria,2011,68.82102054
BGR,Bulgaria,2012,63.50117902
BGR,Bulgaria,2013,58.10018187
BGR,Bulgaria,2014,60.59060171
BGR,Bulgaria,2015,64.90582447
BGR,Bulgaria,2016,62.59397877
BGR,Bulgaria,2017,65.31577632
BGR,Bulgaria,2018,62.09806907
BGR,Bulgaria,2019,60.70630043
BGR,Bulgaria,2020,56.07557291
BGR,Bulgaria,2021,63.36125449
BGR,Bulgaria,2022,68.41354507
BHR,Bahrain,1970,18.21307108
BHR,Bahrain,1971,18.37579901
BHR,Bahrain,1972,19.33294033
BHR,Bahrain,1973,20.73861231
BHR,Bahrain,1974,22.34971717
BHR,Bahrain,1975,20.18620257
BHR,Bahrain,1976,21.1559289
BHR,Bahrain,1977,24.09593136
BHR,Bahrain,1978,23.94623921
BHR,Bahrain,1979,24.82943986
BHR,Bahrain,1980,24.72650545
BHR,Bahrain,1981,24.92640164
BHR,Bahrain,1982,25.24791077
BHR,Bahrain,1983,25.03203945
BHR,Bahrain,1984,25.14815406
BHR,Bahrain,1985,26.38853651
BHR,Bahrain,1986,28.72246115
BHR,Bahrain,1987,28.05104263
BHR,Bahrain,1988,29.11628263
BHR,Bahrain,1989,29.41505851
BHR,Bahrain,1990,30.22408986
BHR,Bahrain,1991,29.66625206
BHR,Bahrain,1992,34.13513267
BHR,Bahrain,1993,36.37668673
BHR,Bahrain,1994,36.3848237
BHR,Bahrain,1995,36.27672937
BHR,Bahrain,1996,37.66525096
BHR,Bahrain,1997,35.24125526
BHR,Bahrain,1998,36.86679698
BHR,Bahrain,1999,39.01132084
BHR,Bahrain,2000,39.59983639
BHR,Bahrain,2001,40.74244944
BHR,Bahrain,2002,40.3330211
BHR,Bahrain,2003,40.03492961
BHR,Bahrain,2004,39.93851678
BHR,Bahrain,2005,43.73299253
BHR,Bahrain,2006,45.54981465
BHR,Bahrain,2007,46.79792665
BHR,Bahrain,2008,50.55266815
BHR,Bahrain,2009,51.17046389
BHR,Bahrain,2010,51.69874869
BHR,Bahrain,2011,52.06444655
BHR,Bahrain,2012,55.89536256
BHR,Bahrain,2013,60.72260409
BHR,Bahrain,2014,62.75977488
BHR,Bahrain,2015,62.93672522
BHR,Bahrain,2016,63.13046193
BHR,Bahrain,2017,62.9964515
BHR,Bahrain,2018,63.3052795
BHR,Bahrain,2019,67.43286649
BHR,Bahrain,2020,67.63467038
BHR,Bahrain,2021,69.43410461
BHR,Bahrain,2022,69.97621188
BHS,Bahamas,1970,1.586008891
BHS,Bahamas,1971,1.621951464
BHS,Bahamas,1972,1.88900881
BHS,Bahamas,1973,1.885433053
BHS,Bahamas,1974,1.668324395
BHS,Bahamas,1975,1.711046239
BHS,Bahamas,1976,1.534509185
BHS,Bahamas,1977,1.690359939
BHS,Bahamas,1978,1.714642188
BHS,Bahamas,1979,1.764684123
BHS,Bahamas,1980,1.744445495
BHS,Bahamas,1981,1.564632741
BHS,Bahamas,1982,1.329452431
BHS,Bahamas,1983,1.032672004
BHS,Bahamas,1984,1.024698691
BHS,Bahamas,1985,0.937251022
BHS,Bahamas,1986,0.977637071
BHS,Bahamas,1987,1.121087316
BHS,Bahamas,1988,1.146902505
BHS,Bahamas,1989,1.310441786
BHS,Bahamas,1990,1.289922422
BHS,Bahamas,1991,1.200879522
BHS,Bahamas,1992,1.075505966
BHS,Bahamas,1993,1.107952959
BHS,Bahamas,1994,1.17940546
BHS,Bahamas,1995,1.337697865
BHS,Bahamas,1996,1.473510866
BHS,Bahamas,1997,1.474165719
BHS,Bahamas,1998,1.662361871
BHS,Bahamas,1999,1.472006608
BHS,Bahamas,2000,1.23036136
BHS,Bahamas,2001,1.249626406
BHS,Bahamas,2002,1.327412561
BHS,Bahamas,2003,1.077172558
BHS,Bahamas,2004,1.157967467
BHS,Bahamas,2005,1.145066368
BHS,Bahamas,2006,1.351117166
BHS,Bahamas,2007,1.585458773
BHS,Bahamas,2008,1.642296906
BHS,Bahamas,2009,1.42138537
BHS,Bahamas,2010,1.576437284
BHS,Bahamas,2011,1.192122732
BHS,Bahamas,2012,1.387596922
BHS,Bahamas,2013,1.521780445
BHS,Bahamas,2014,1.521514201
BHS,Bahamas,2015,1.461410384
BHS,Bahamas,2016,1.574402451
BHS,Bahamas,2017,1.675113031
BHS,Bahamas,2018,1.950058479
BHS,Bahamas,2019,2.127109779
BHS,Bahamas,2020,1.870724127
BHS,Bahamas,2021,1.823093416
BHS,Bahamas,2022,1.881552497
BIH,Bosnia and Herzegovina,1970,16.43050843
BIH,Bosnia and Herzegovina,1971,16.77969804
BIH,Bosnia and Herzegovina,1972,16.3861716
BIH,Bosnia and Herzegovina,1973,17.62090495
BIH,Bosnia and Herzegovina,1974,19.06614819
BIH,Bosnia and Herzegovina,1975,19.62062721
BIH,Bosnia and Herzegovina,1976,19.56653912
BIH,Bosnia and Herzegovina,1977,20.16263406
BIH,Bosnia and Herzegovina,1978,20.95912736
BIH,Bosnia and Herzegovina,1979,21.676115
BIH,Bosnia and Herzegovina,1980,21.04072375
BIH,Bosnia and Herzegovina,1981,23.1179758
BIH,Bosnia and Herzegovina,1982,24.20224866
BIH,Bosnia and Herzegovina,1983,25.65488067
BIH,Bosnia and Herzegovina,1984,26.68808266
BIH,Bosnia and Herzegovina,1985,27.76290371
BIH,Bosnia and Herzegovina,1986,28.6184565
BIH,Bosnia and Herzegovina,1987,27.03818603
BIH,Bosnia and Herzegovina,1988,27.22739338
BIH,Bosnia and Herzegovina,1989,27.54840013
BIH,Bosnia and Herzegovina,1990,32.78992668
BIH,Bosnia and Herzegovina,1991,29.72790593
BIH,Bosnia and Herzegovina,1992,22.82799548
BIH,Bosnia and Herzegovina,1993,19.53386157
BIH,Bosnia and Herzegovina,1994,6.535369554
BIH,Bosnia and Herzegovina,1995,6.559898744
BIH,Bosnia and Herzegovina,1996,7.269294086
BIH,Bosnia and Herzegovina,1997,12.5815888
BIH,Bosnia and Herzegovina,1998,15.75237268
BIH,Bosnia and Herzegovina,1999,16.19060098
BIH,Bosnia and Herzegovina,2000,19.92340736
BIH,Bosnia and Herzegovina,2001,19.4618095
BIH,Bosnia and Herzegovina,2002,20.5645886
BIH,Bosnia and Herzegovina,2003,20.98718224
BIH,Bosnia and Herzegovina,2004,22.49991558
BIH,Bosnia and Herzegovina,2005,23.24797522
BIH,Bosnia and Herzegovina,2006,25.42486068
BIH,Bosnia and Herzegovina,2007,26.68203931
BIH,Bosnia and Herzegovina,2008,28.1480602
BIH,Bosnia and Herzegovina,2009,27.92994787
BIH,Bosnia and Herzegovina,2010,28.46071803
BIH,Bosnia and Herzegovina,2011,31.74834878
BIH,Bosnia and Herzegovina,2012,29.65530671
BIH,Bosnia and Herzegovina,2013,29.47388712
BIH,Bosnia and Herzegovina,2014,28.00785836
BIH,Bosnia and Herzegovina,2015,27.9624687
BIH,Bosnia and Herzegovina,2016,30.98512761
BIH,Bosnia and Herzegovina,2017,31.57439643
BIH,Bosnia and Herzegovina,2018,31.99978521
BIH,Bosnia and Herzegovina,2019,30.3237907
BIH,Bosnia and Herzegovina,2020,30.23216165
BIH,Bosnia and Herzegovina,2021,29.29410869
BIH,Bosnia and Herzegovina,2022,29.32400648
BLR,Belarus,1970,82.25701043
BLR,Belarus,1971,84.09258276
BLR,Belarus,1972,88.14608659
BLR,Belarus,1973,92.93914912
BLR,Belarus,1974,97.53998919
BLR,Belarus,1975,103.8183449
BLR,Belarus,1976,106.7439713
BLR,Belarus,1977,108.7141889
BLR,Belarus,1978,112.4466366
BLR,Belarus,1979,115.0608088
BLR,Belarus,1980,118.1752805
BLR,Belarus,1981,117.6365501
BLR,Belarus,1982,118.8103952
BLR,Belarus,1983,120.5126069
BLR,Belarus,1984,121.839536
BLR,Belarus,1985,123.3477397
BLR,Belarus,1986,126.2510741
BLR,Belarus,1987,129.5455637
BLR,Belarus,1988,129.9540237
BLR,Belarus,1989,131.0180127
BLR,Belarus,1990,137.5282153
BLR,Belarus,1991,132.7556416
BLR,Belarus,1992,121.2140544
BLR,Belarus,1993,106.9805923
BLR,Belarus,1994,93.3526109
BLR,Belarus,1995,84.68238496
BLR,Belarus,1996,84.95155436
BLR,Belarus,1997,85.01567398
BLR,Belarus,1998,83.45892108
BLR,Belarus,1999,81.01147419
BLR,Belarus,2000,78.02144738
BLR,Belarus,2001,76.6795893
BLR,Belarus,2002,76.62152694
BLR,Belarus,2003,77.21724856
BLR,Belarus,2004,81.23136948
BLR,Belarus,2005,81.38210764
BLR,Belarus,2006,84.29661985
BLR,Belarus,2007,82.91710489
BLR,Belarus,2008,90.6657334
BLR,Belarus,2009,88.00413316
BLR,Belarus,2010,93.21458407
BLR,Belarus,2011,103.2419324
BLR,Belarus,2012,105.0777135
BLR,Belarus,2013,105.6240962
BLR,Belarus,2014,105.0571931
BLR,Belarus,2015,100.5271781
BLR,Belarus,2016,99.71854677
BLR,Belarus,2017,101.400756
BLR,Belarus,2018,104.7188949
BLR,Belarus,2019,102.7208734
BLR,Belarus,2020,100.0606445
BLR,Belarus,2021,102.4866392
BLR,Belarus,2022,99.874152
BLZ,Belize,1970,0.293206437
BLZ,Belize,1971,0.314631403
BLZ,Belize,1972,0.333655192
BLZ,Belize,1973,0.339019223
BLZ,Belize,1974,0.34468372
BLZ,Belize,1975,0.364534851
BLZ,Belize,1976,0.357160903
BLZ,Belize,1977,0.369196141
BLZ,Belize,1978,0.370037885
BLZ,Belize,1979,0.371899356
BLZ,Belize,1980,0.377238291
BLZ,Belize,1981,0.37595717
BLZ,Belize,1982,0.374450424
BLZ,Belize,1983,0.39613809
BLZ,Belize,1984,0.388757603
BLZ,Belize,1985,0.38720791
BLZ,Belize,1986,0.411479875
BLZ,Belize,1987,0.400285256
BLZ,Belize,1988,0.392589905
BLZ,Belize,1989,0.44134655
BLZ,Belize,1990,0.495448512
BLZ,Belize,1991,0.514206142
BLZ,Belize,1992,0.510957485
BLZ,Belize,1993,0.495982156
BLZ,Belize,1994,0.496311434
BLZ,Belize,1995,0.480099586
BLZ,Belize,1996,0.466388706
BLZ,Belize,1997,0.556213175
BLZ,Belize,1998,0.574203455
BLZ,Belize,1999,0.61621423
BLZ,Belize,2000,0.528775755
BLZ,Belize,2001,0.554034569
BLZ,Belize,2002,0.566944757
BLZ,Belize,2003,0.597349684
BLZ,Belize,2004,0.576995054
BLZ,Belize,2005,0.601059184
BLZ,Belize,2006,0.689716929
BLZ,Belize,2007,0.723444755
BLZ,Belize,2008,0.735396019
BLZ,Belize,2009,0.795029297
BLZ,Belize,2010,0.835264013
BLZ,Belize,2011,0.815014257
BLZ,Belize,2012,0.792303639
BLZ,Belize,2013,0.868870155
BLZ,Belize,2014,0.816461249
BLZ,Belize,2015,0.859144224
BLZ,Belize,2016,0.881540822
BLZ,Belize,2017,0.924718402
BLZ,Belize,2018,0.90923053
BLZ,Belize,2019,0.93622973
BLZ,Belize,2020,0.908161731
BLZ,Belize,2021,0.949092572
BLZ,Belize,2022,0.976613129
BMU,Bermuda,1970,0.16420057
BMU,Bermuda,1971,0.165775913
BMU,Bermuda,1972,0.196685
BMU,Bermuda,1973,0.19885833
BMU,Bermuda,1974,0.180603524
BMU,Bermuda,1975,0.214121358
BMU,Bermuda,1976,0.196771766
BMU,Bermuda,1977,0.214717324
BMU,Bermuda,1978,0.214803734
BMU,Bermuda,1979,0.212875218
BMU,Bermuda,1980,0.211187632
BMU,Bermuda,1981,0.184260636
BMU,Bermuda,1982,0.18382796
BMU,Bermuda,1983,0.188934389
BMU,Bermuda,1984,0.202842332
BMU,Bermuda,1985,0.198720958
BMU,Bermuda,1986,0.195387515
BMU,Bermuda,1987,0.283098404
BMU,Bermuda,1988,0.327488412
BMU,Bermuda,1989,0.400303253
BMU,Bermuda,1990,0.273095471
BMU,Bermuda,1991,0.251759292
BMU,Bermuda,1992,0.20556548
BMU,Bermuda,1993,0.2272842
BMU,Bermuda,1994,0.220227816
BMU,Bermuda,1995,0.222219077
BMU,Bermuda,1996,0.226701679
BMU,Bermuda,1997,0.229972991
BMU,Bermuda,1998,0.235290477
BMU,Bermuda,1999,0.229482859
BMU,Bermuda,2000,0.17208789
BMU,Bermuda,2001,0.173982857
BMU,Bermuda,2002,0.187287725
BMU,Bermuda,2003,0.193846134
BMU,Bermuda,2004,0.197841892
BMU,Bermuda,2005,0.209327157
BMU,Bermuda,2006,0.248249462
BMU,Bermuda,2007,0.29585064
BMU,Bermuda,2008,0.29700442
BMU,Bermuda,2009,0.264857357
BMU,Bermuda,2010,0.328054606
BMU,Bermuda,2011,0.180135263
BMU,Bermuda,2012,0.209642357
BMU,Bermuda,2013,0.239188199
BMU,Bermuda,2014,0.306035025
BMU,Bermuda,2015,0.25404722
BMU,Bermuda,2016,0.329501526
BMU,Bermuda,2017,0.298023629
BMU,Bermuda,2018,0.34597992
BMU,Bermuda,2019,0.38057831
BMU,Bermuda,2020,0.353398425
BMU,Bermuda,2021,0.341853049
BMU,Bermuda,2022,0.353852553
BOL,Bolivia,1970,27.43320524
BOL,Bolivia,1971,28.46460811
BOL,Bolivia,1972,33.43989841
BOL,Bolivia,1973,35.19171462
BOL,Bolivia,1974,35.02655666
BOL,Bolivia,1975,33.85410417
BOL,Bolivia,1976,35.23089783
BOL,Bolivia,1977,33.00917172
BOL,Bolivia,1978,34.12611038
BOL,Bolivia,1979,32.14568117
BOL,Bolivia,1980,31.53696189
BOL,Bolivia,1981,29.4447752
BOL,Bolivia,1982,30.76248579
BOL,Bolivia,1983,31.65264059
BOL,Bolivia,1984,30.11881214
BOL,Bolivia,1985,30.36804078
BOL,Bolivia,1986,28.03971516
BOL,Bolivia,1987,29.1482595
BOL,Bolivia,1988,29.94166094
BOL,Bolivia,1989,31.6103811
BOL,Bolivia,1990,31.2785015
BOL,Bolivia,1991,33.07589334
BOL,Bolivia,1992,34.45567119
BOL,Bolivia,1993,36.63912072
BOL,Bolivia,1994,38.77460004
BOL,Bolivia,1995,31.16741467
BOL,Bolivia,1996,30.98648198
BOL,Bolivia,1997,34.46327794
BOL,Bolivia,1998,31.22285696
BOL,Bolivia,1999,31.23348327
BOL,Bolivia,2000,31.2113799
BOL,Bolivia,2001,30.16060276
BOL,Bolivia,2002,31.73327891
BOL,Bolivia,2003,33.00094039
BOL,Bolivia,2004,35.2378826
BOL,Bolivia,2005,36.46790487
BOL,Bolivia,2006,37.77259648
BOL,Bolivia,2007,40.07917891
BOL,Bolivia,2008,41.40767554
BOL,Bolivia,2009,42.27038154
BOL,Bolivia,2010,46.25870111
BOL,Bolivia,2011,47.41810841
BOL,Bolivia,2012,49.86078188
BOL,Bolivia,2013,52.36933818
BOL,Bolivia,2014,53.64718339
BOL,Bolivia,2015,54.5915628
BOL,Bolivia,2016,56.13813633
BOL,Bolivia,2017,56.60938659
BOL,Bolivia,2018,56.89689483
BOL,Bolivia,2019,57.14387963
BOL,Bolivia,2020,53.9488678
BOL,Bolivia,2021,58.29220664
BOL,Bolivia,2022,58.46296964
BRA,Brazil,1970,365.261124
BRA,Brazil,1971,373.6960276
BRA,Brazil,1972,394.4433392
BRA,Brazil,1973,422.0544852
BRA,Brazil,1974,449.7442899
BRA,Brazil,1975,471.8703626
BRA,Brazil,1976,508.8324626
BRA,Brazil,1977,525.4086909
BRA,Brazil,1978,540.6241598
BRA,Brazil,1979,563.8921205
BRA,Brazil,1980,592.1855087
BRA,Brazil,1981,581.7771679
BRA,Brazil,1982,590.8567952
BRA,Brazil,1983,586.6056283
BRA,Brazil,1984,607.023406
BRA,Brazil,1985,622.1426266
BRA,Brazil,1986,657.4657763
BRA,Brazil,1987,675.2555394
BRA,Brazil,1988,689.5729638
BRA,Brazil,1989,700.0025598
BRA,Brazil,1990,695.6381043
BRA,Brazil,1991,721.9207939
BRA,Brazil,1992,744.737912
BRA,Brazil,1993,771.01069
BRA,Brazil,1994,799.1750875
BRA,Brazil,1995,837.0766401
BRA,Brazil,1996,844.6529181
BRA,Brazil,1997,872.3311308
BRA,Brazil,1998,890.2686397
BRA,Brazil,1999,907.7263909
BRA,Brazil,2000,934.7084538
BRA,Brazil,2001,950.3396881
BRA,Brazil,2002,975.5654574
BRA,Brazil,2003,1008.248597
BRA,Brazil,2004,1058.979205
BRA,Brazil,2005,1067.458884
BRA,Brazil,2006,1075.505013
BRA,Brazil,2007,1092.268157
BRA,Brazil,2008,1122.384631
BRA,Brazil,2009,1098.262109
BRA,Brazil,2010,1177.712032
BRA,Brazil,2011,1212.922502
BRA,Brazil,2012,1250.575468
BRA,Brazil,2013,1288.064712
BRA,Brazil,2014,1323.608801
BRA,Brazil,2015,1307.968907
BRA,Brazil,2016,1285.089956
BRA,Brazil,2017,1298.021616
BRA,Brazil,2018,1274.947671
BRA,Brazil,2019,1281.461866
BRA,Brazil,2020,1277.689379
BRA,Brazil,2021,1343.141116
BRA,Brazil,2022,1310.498944
BRB,Barbados,1970,0.544465263
BRB,Barbados,1971,0.553913701
BRB,Barbados,1972,0.607883937
BRB,Barbados,1973,0.617116121
BRB,Barbados,1974,0.573048094
BRB,Barbados,1975,0.621921545
BRB,Barbados,1976,0.597034859
BRB,Barbados,1977,0.651235776
BRB,Barbados,1978,0.657450986
BRB,Barbados,1979,0.662634768
BRB,Barbados,1980,0.675748428
BRB,Barbados,1981,0.65990697
BRB,Barbados,1982,0.644393001
BRB,Barbados,1983,0.655220624
BRB,Barbados,1984,0.755353084
BRB,Barbados,1985,0.819701669
BRB,Barbados,1986,0.846641255
BRB,Barbados,1987,0.80250352
BRB,Barbados,1988,0.813988056
BRB,Barbados,1989,0.896994293
BRB,Barbados,1990,0.85891196
BRB,Barbados,1991,0.834696099
BRB,Barbados,1992,0.819913012
BRB,Barbados,1993,0.784077068
BRB,Barbados,1994,0.763953234
BRB,Barbados,1995,0.777070866
BRB,Barbados,1996,0.775460006
BRB,Barbados,1997,0.864258013
BRB,Barbados,1998,0.925882936
BRB,Barbados,1999,0.935594411
BRB,Barbados,2000,0.855839296
BRB,Barbados,2001,0.826312927
BRB,Barbados,2002,0.844674357
BRB,Barbados,2003,0.87587496
BRB,Barbados,2004,0.87633137
BRB,Barbados,2005,0.887292272
BRB,Barbados,2006,0.912329281
BRB,Barbados,2007,0.88883418
BRB,Barbados,2008,1.020532682
BRB,Barbados,2009,1.010351301
BRB,Barbados,2010,1.031622326
BRB,Barbados,2011,0.906967207
BRB,Barbados,2012,0.886324373
BRB,Barbados,2013,0.999722332
BRB,Barbados,2014,0.911138832
BRB,Barbados,2015,0.935653988
BRB,Barbados,2016,0.981768143
BRB,Barbados,2017,0.856223632
BRB,Barbados,2018,0.95954609
BRB,Barbados,2019,1.029146004
BRB,Barbados,2020,0.919582806
BRB,Barbados,2021,0.904176221
BRB,Barbados,2022,0.927976587
BRN,Brunei,1970,3.207664267
BRN,Brunei,1971,3.048733193
BRN,Brunei,1972,3.787223641
BRN,Brunei,1973,5.13869819
BRN,Brunei,1974,5.792742207
BRN,Brunei,1975,6.273123336
BRN,Brunei,1976,7.655146635
BRN,Brunei,1977,8.071024432
BRN,Brunei,1978,8.037379352
BRN,Brunei,1979,7.95906148
BRN,Brunei,1980,9.311503683
BRN,Brunei,1981,7.771919939
BRN,Brunei,1982,8.015170177
BRN,Brunei,1983,8.341624538
BRN,Brunei,1984,7.857435755
BRN,Brunei,1985,7.758941135
BRN,Brunei,1986,7.642516472
BRN,Brunei,1987,7.747340401
BRN,Brunei,1988,7.81104785
BRN,Brunei,1989,7.82860674
BRN,Brunei,1990,8.18258867
BRN,Brunei,1991,8.5539741
BRN,Brunei,1992,8.612743404
BRN,Brunei,1993,9.034476598
BRN,Brunei,1994,9.473192582
BRN,Brunei,1995,10.04997219
BRN,Brunei,1996,10.30210089
BRN,Brunei,1997,10.96833638
BRN,Brunei,1998,10.17455668
BRN,Brunei,1999,10.51664359
BRN,Brunei,2000,11.2694891
BRN,Brunei,2001,11.75456292
BRN,Brunei,2002,11.18091015
BRN,Brunei,2003,12.49197229
BRN,Brunei,2004,11.67961459
BRN,Brunei,2005,11.46526743
BRN,Brunei,2006,15.01392203
BRN,Brunei,2007,14.36184272
BRN,Brunei,2008,16.63665969
BRN,Brunei,2009,15.2301994
BRN,Brunei,2010,14.10171862
BRN,Brunei,2011,14.62745116
BRN,Brunei,2012,14.4271771
BRN,Brunei,2013,13.92489045
BRN,Brunei,2014,13.51824935
BRN,Brunei,2015,12.69305184
BRN,Brunei,2016,12.96579684
BRN,Brunei,2017,13.6538841
BRN,Brunei,2018,14.25395986
BRN,Brunei,2019,13.43040332
BRN,Brunei,2020,15.47547686
BRN,Brunei,2021,15.34484613
BRN,Brunei,2022,14.82940539
BTN,Bhutan,1970,0.730190832
BTN,Bhutan,1971,0.741820765
BTN,Bhutan,1972,0.756852662
BTN,Bhutan,1973,0.770544405
BTN,Bhutan,1974,0.785123146
BTN,Bhutan,1975,0.796072181
BTN,Bhutan,1976,0.814217431
BTN,Bhutan,1977,0.8314758
BTN,Bhutan,1978,0.85610052
BTN,Bhutan,1979,0.874343364
BTN,Bhutan,1980,0.892825895
BTN,Bhutan,1981,0.929542307
BTN,Bhutan,1982,0.959364399
BTN,Bhutan,1983,0.991237293
BTN,Bhutan,1984,1.010154465
BTN,Bhutan,1985,1.055699023
BTN,Bhutan,1986,1.083053547
BTN,Bhutan,1987,1.160528124
BTN,Bhutan,1988,1.083356079
BTN,Bhutan,1989,1.093256705
BTN,Bhutan,1990,1.16076894
BTN,Bhutan,1991,1.185651521
BTN,Bhutan,1992,1.138802691
BTN,Bhutan,1993,1.150274964
BTN,Bhutan,1994,1.197084903
BTN,Bhutan,1995,1.461494907
BTN,Bhutan,1996,1.529762173
BTN,Bhutan,1997,1.564143926
BTN,Bhutan,1998,1.59702347
BTN,Bhutan,1999,1.704230942
BTN,Bhutan,2000,1.618732841
BTN,Bhutan,2001,1.617054585
BTN,Bhutan,2002,1.651011203
BTN,Bhutan,2003,1.673516102
BTN,Bhutan,2004,1.685302666
BTN,Bhutan,2005,1.852523765
BTN,Bhutan,2006,1.862057271
BTN,Bhutan,2007,1.895619789
BTN,Bhutan,2008,1.8317854
BTN,Bhutan,2009,2.107797989
BTN,Bhutan,2010,2.216066168
BTN,Bhutan,2011,2.428471594
BTN,Bhutan,2012,2.376270574
BTN,Bhutan,2013,2.487613771
BTN,Bhutan,2014,2.492136412
BTN,Bhutan,2015,2.668954457
BTN,Bhutan,2016,2.818090959
BTN,Bhutan,2017,2.979278356
BTN,Bhutan,2018,3.207662128
BTN,Bhutan,2019,3.396240374
BTN,Bhutan,2020,3.409445811
BTN,Bhutan,2021,3.057119386
BTN,Bhutan,2022,3.070905258
BWA,Botswana,1970,3.456119009
BWA,Botswana,1971,3.585084796
BWA,Botswana,1972,4.160459815
BWA,Botswana,1973,4.392094499
BWA,Botswana,1974,4.989318138
BWA,Botswana,1975,5.558143277
BWA,Botswana,1976,6.386316731
BWA,Botswana,1977,6.939024659
BWA,Botswana,1978,6.697968072
BWA,Botswana,1979,6.785120736
BWA,Botswana,1980,6.99643723
BWA,Botswana,1981,7.24276061
BWA,Botswana,1982,7.445116651
BWA,Botswana,1983,7.161541182
BWA,Botswana,1984,6.914965984
BWA,Botswana,1985,6.628487675
BWA,Botswana,1986,6.806367296
BWA,Botswana,1987,6.921744416
BWA,Botswana,1988,7.882554183
BWA,Botswana,1989,8.329481615
BWA,Botswana,1990,9.333701917
BWA,Botswana,1991,8.363333757
BWA,Botswana,1992,8.621373835
BWA,Botswana,1993,8.369102362
BWA,Botswana,1994,8.501746489
BWA,Botswana,1995,9.534322307
BWA,Botswana,1996,8.618582042
BWA,Botswana,1997,8.889710864
BWA,Botswana,1998,9.744496483
BWA,Botswana,1999,10.3977857
BWA,Botswana,2000,10.76496582
BWA,Botswana,2001,10.18969823
BWA,Botswana,2002,9.757724573
BWA,Botswana,2003,9.530498858
BWA,Botswana,2004,9.476132423
BWA,Botswana,2005,10.13584494
BWA,Botswana,2006,10.01438095
BWA,Botswana,2007,10.19834216
BWA,Botswana,2008,10.47171586
BWA,Botswana,2009,10.42652254
BWA,Botswana,2010,10.21423562
BWA,Botswana,2011,10.6133419
BWA,Botswana,2012,9.675806314
BWA,Botswana,2013,11.49681555
BWA,Botswana,2014,12.35668618
BWA,Botswana,2015,12.794955
BWA,Botswana,2016,11.92910835
BWA,Botswana,2017,12.13152147
BWA,Botswana,2018,13.08455009
BWA,Botswana,2019,11.91497731
BWA,Botswana,2020,10.58685813
BWA,Botswana,2021,11.34119724
BWA,Botswana,2022,12.60706701
CAF,Central African Republic,1970,1.81038903
CAF,Central African Republic,1971,1.888638906
CAF,Central African Republic,1972,1.987209717
CAF,Central African Republic,1973,2.048082123
CAF,Central African Republic,1974,2.176429945
CAF,Central African Republic,1975,2.230045816
CAF,Central African Republic,1976,2.316380478
CAF,Central African Republic,1977,2.498632724
CAF,Central African Republic,1978,2.714707834
CAF,Central African Republic,1979,3.317683394
CAF,Central African Republic,1980,3.523546429
CAF,Central African Republic,1981,3.652191663
CAF,Central African Republic,1982,6.794155297
CAF,Central African Republic,1983,6.91493929
CAF,Central African Republic,1984,6.500897622
CAF,Central African Republic,1985,6.673677457
CAF,Central African Republic,1986,7.228350907
CAF,Central African Republic,1987,7.12080727
CAF,Central African Republic,1988,6.937872216
CAF,Central African Republic,1989,7.720318376
CAF,Central African Republic,1990,7.82363056
CAF,Central African Republic,1991,8.336275133
CAF,Central African Republic,1992,8.328362996
CAF,Central African Republic,1993,7.809388953
CAF,Central African Republic,1994,8.464406668
CAF,Central African Republic,1995,8.683756997
CAF,Central African Republic,1996,9.04414748
CAF,Central African Republic,1997,8.179494207
CAF,Central African Republic,1998,9.485070952
CAF,Central African Republic,1999,9.341387332
CAF,Central African Republic,2000,9.57185879
CAF,Central African Republic,2001,10.01395412
CAF,Central African Republic,2002,9.023488227
CAF,Central African Republic,2003,10.17128622
CAF,Central African Republic,2004,9.539626481
CAF,Central African Republic,2005,10.28897316
CAF,Central African Republic,2006,10.35189399
CAF,Central African Republic,2007,11.10324556
CAF,Central African Republic,2008,11.12983979
CAF,Central African Republic,2009,10.49169149
CAF,Central African Republic,2010,11.15860994
CAF,Central African Republic,2011,12.1109842
CAF,Central African Republic,2012,11.80429378
CAF,Central African Republic,2013,11.75146202
CAF,Central African Republic,2014,11.64566977
CAF,Central African Republic,2015,12.06958833
CAF,Central African Republic,2016,12.82090267
CAF,Central African Republic,2017,12.32559061
CAF,Central African Republic,2018,12.59149568
CAF,Central African Republic,2019,12.57922149
CAF,Central African Republic,2020,12.85819892
CAF,Central African Republic,2021,13.12926336
CAF,Central African Republic,2022,13.44819141
CAN,Canada,1970,464.1590477
CAN,Canada,1971,473.7849488
CAN,Canada,1972,497.3169485
CAN,Canada,1973,524.7517796
CAN,Canada,1974,533.764233
CAN,Canada,1975,518.8252887
CAN,Canada,1976,530.498409
CAN,Canada,1977,551.5861982
CAN,Canada,1978,558.4760942
CAN,Canada,1979,573.0378693
CAN,Canada,1980,578.4446768
CAN,Canada,1981,558.4992829
CAN,Canada,1982,539.4704898
CAN,Canada,1983,540.9337273
CAN,Canada,1984,562.1284718
CAN,Canada,1985,557.5975896
CAN,Canada,1986,544.0985876
CAN,Canada,1987,560.1563257
CAN,Canada,1988,594.2650835
CAN,Canada,1989,616.4184526
CAN,Canada,1990,582.1653543
CAN,Canada,1991,577.0779254
CAN,Canada,1992,593.1563188
CAN,Canada,1993,597.0650832
CAN,Canada,1994,622.580495
CAN,Canada,1995,637.4916667
CAN,Canada,1996,654.1133248
CAN,Canada,1997,666.6330409
CAN,Canada,1998,675.0356328
CAN,Canada,1999,686.0017066
CAN,Canada,2000,710.254944
CAN,Canada,2001,700.2891946
CAN,Canada,2002,723.2087286
CAN,Canada,2003,741.6931177
CAN,Canada,2004,737.7850977
CAN,Canada,2005,745.2121108
CAN,Canada,2006,742.8047912
CAN,Canada,2007,776.9717634
CAN,Canada,2008,750.0267038
CAN,Canada,2009,708.8917755
CAN,Canada,2010,726.1348844
CAN,Canada,2011,742.2145279
CAN,Canada,2012,744.5577055
CAN,Canada,2013,755.625534
CAN,Canada,2014,768.7587163
CAN,Canada,2015,764.534966
CAN,Canada,2016,758.5756656
CAN,Canada,2017,772.8968872
CAN,Canada,2018,787.6513038
CAN,Canada,2019,775.3764406
CAN,Canada,2020,711.4686388
CAN,Canada,2021,733.0817238
CAN,Canada,2022,756.8101111
CHE,Switzerland and Liechtenstein,1970,51.20259182
CHE,Switzerland and Liechtenstein,1971,53.15661495
CHE,Switzerland and Liechtenstein,1972,53.89656678
CHE,Switzerland and Liechtenstein,1973,57.8720761
CHE,Switzerland and Liechtenstein,1974,53.10772854
CHE,Switzerland and Liechtenstein,1975,50.56297238
CHE,Switzerland and Liechtenstein,1976,52.51109495
CHE,Switzerland and Liechtenstein,1977,53.09138627
CHE,Switzerland and Liechtenstein,1978,54.37419544
CHE,Switzerland and Liechtenstein,1979,53.21249177
CHE,Switzerland and Liechtenstein,1980,54.0664895
CHE,Switzerland and Liechtenstein,1981,51.45706755
CHE,Switzerland and Liechtenstein,1982,49.17308253
CHE,Switzerland and Liechtenstein,1983,53.35228642
CHE,Switzerland and Liechtenstein,1984,52.95012082
CHE,Switzerland and Liechtenstein,1985,56.11091517
CHE,Switzerland and Liechtenstein,1986,56.04973468
CHE,Switzerland and Liechtenstein,1987,54.29403085
CHE,Switzerland and Liechtenstein,1988,54.23169478
CHE,Switzerland and Liechtenstein,1989,54.0887675
CHE,Switzerland and Liechtenstein,1990,54.84346487
CHE,Switzerland and Liechtenstein,1991,57.11235421
CHE,Switzerland and Liechtenstein,1992,56.80979664
CHE,Switzerland and Liechtenstein,1993,54.13727899
CHE,Switzerland and Liechtenstein,1994,53.05457864
CHE,Switzerland and Liechtenstein,1995,53.86813872
CHE,Switzerland and Liechtenstein,1996,54.42447019
CHE,Switzerland and Liechtenstein,1997,53.00568958
CHE,Switzerland and Liechtenstein,1998,54.51753497
CHE,Switzerland and Liechtenstein,1999,54.65180824
CHE,Switzerland and Liechtenstein,2000,53.8769347
CHE,Switzerland and Liechtenstein,2001,55.41021873
CHE,Switzerland and Liechtenstein,2002,53.76993301
CHE,Switzerland and Liechtenstein,2003,54.9900786
CHE,Switzerland and Liechtenstein,2004,55.61627898
CHE,Switzerland and Liechtenstein,2005,56.33533366
CHE,Switzerland and Liechtenstein,2006,55.74373317
CHE,Switzerland and Liechtenstein,2007,53.76984913
CHE,Switzerland and Liechtenstein,2008,55.35432106
CHE,Switzerland and Liechtenstein,2009,53.48594901
CHE,Switzerland and Liechtenstein,2010,55.25020123
CHE,Switzerland and Liechtenstein,2011,51.2676762
CHE,Switzerland and Liechtenstein,2012,52.62905861
CHE,Switzerland and Liechtenstein,2013,53.87148332
CHE,Switzerland and Liechtenstein,2014,50.25014482
CHE,Switzerland and Liechtenstein,2015,49.60368872
CHE,Switzerland and Liechtenstein,2016,50.10414402
CHE,Switzerland and Liechtenstein,2017,49.21618268
CHE,Switzerland and Liechtenstein,2018,47.91047709
CHE,Switzerland and Liechtenstein,2019,47.74341712
CHE,Switzerland and Liechtenstein,2020,45.19787323
CHE,Switzerland and Liechtenstein,2021,45.97993201
CHE,Switzerland and Liechtenstein,2022,45.56381955
CHL,Chile,1970,51.53306146
CHL,Chile,1971,53.80947555
CHL,Chile,1972,56.27160228
CHL,Chile,1973,55.47172045
CHL,Chile,1974,53.79649687
CHL,Chile,1975,50.8631472
CHL,Chile,1976,51.13683562
CHL,Chile,1977,49.29788818
CHL,Chile,1978,49.80322066
CHL,Chile,1979,52.42793696
CHL,Chile,1980,55.02220213
CHL,Chile,1981,54.66216212
CHL,Chile,1982,51.14613564
CHL,Chile,1983,51.11282358
CHL,Chile,1984,52.27513697
CHL,Chile,1985,50.23394776
CHL,Chile,1986,50.0642129
CHL,Chile,1987,50.63746664
CHL,Chile,1988,55.07958228
CHL,Chile,1989,60.66709985
CHL,Chile,1990,60.74334033
CHL,Chile,1991,59.33494106
CHL,Chile,1992,61.7417978
CHL,Chile,1993,64.26073553
CHL,Chile,1994,68.07139783
CHL,Chile,1995,73.30499104
CHL,Chile,1996,80.59557137
CHL,Chile,1997,87.42717684
CHL,Chile,1998,87.99520314
CHL,Chile,1999,91.61236146
CHL,Chile,2000,88.19420125
CHL,Chile,2001,86.62393097
CHL,Chile,2002,87.06255855
CHL,Chile,2003,89.1669785
CHL,Chile,2004,94.79523895
CHL,Chile,2005,95.54749183
CHL,Chile,2006,96.89113497
CHL,Chile,2007,105.2483892
CHL,Chile,2008,110.3269876
CHL,Chile,2009,105.9061904
CHL,Chile,2010,107.445967
CHL,Chile,2011,117.8397483
CHL,Chile,2012,121.6724936
CHL,Chile,2013,123.4323968
CHL,Chile,2014,115.9080813
CHL,Chile,2015,121.1244745
CHL,Chile,2016,126.4080237
CHL,Chile,2017,128.4472829
CHL,Chile,2018,130.4635575
CHL,Chile,2019,136.5312646
CHL,Chile,2020,128.9649209
CHL,Chile,2021,140.6559706
CHL,Chile,2022,137.0112482
CHN,China,1970,2142.614158
CHN,China,1971,2196.116515
CHN,China,1972,2275.714615
CHN,China,1973,2320.113044
CHN,China,1974,2343.853035
CHN,China,1975,2537.685652
CHN,China,1976,2601.085674
CHN,China,1977,2780.142389
CHN,China,1978,2973.803391
CHN,China,1979,3018.083372
CHN,China,1980,2989.443276
CHN,China,1981,2957.977414
CHN,China,1982,3043.902639
CHN,China,1983,3159.286564
CHN,China,1984,3350.337416
CHN,China,1985,3359.331374
CHN,China,1986,3498.575859
CHN,China,1987,3685.864643
CHN,China,1988,3879.221341
CHN,China,1989,3999.953779
CHN,China,1990,4073.563006
CHN,China,1991,4208.607726
CHN,China,1992,4321.276275
CHN,China,1993,4525.359289
CHN,China,1994,4706.607186
CHN,China,1995,5134.076033
CHN,China,1996,5130.246368
CHN,China,1997,5168.317249
CHN,China,1998,5252.206156
CHN,China,1999,5199.820834
CHN,China,2000,5425.512569
CHN,China,2001,5624.567725
CHN,China,2002,5959.542982
CHN,China,2003,6677.89067
CHN,China,2004,7556.106084
CHN,China,2005,8431.922006
CHN,China,2006,9232.261373
CHN,China,2007,9845.302236
CHN,China,2008,10069.84569
CHN,China,2009,10696.09042
CHN,China,2010,11565.47001
CHN,China,2011,12572.88415
CHN,China,2012,12928.22914
CHN,China,2013,13485.4405
CHN,China,2014,13650.13343
CHN,China,2015,13479.88037
CHN,China,2016,13447.13642
CHN,China,2017,13710.10029
CHN,China,2018,14296.57117
CHN,China,2019,14606.12759
CHN,China,2020,14879.55651
CHN,China,2021,15632.89461
CHN,China,2022,15684.62676
CIV,Côte d’Ivoire,1970,6.679485193
CIV,Côte d’Ivoire,1971,6.804090977
CIV,Côte d’Ivoire,1972,7.235984768
CIV,Côte d’Ivoire,1973,7.449742154
CIV,Côte d’Ivoire,1974,7.697727359
CIV,Côte d’Ivoire,1975,8.246822421
CIV,Côte d’Ivoire,1976,8.945393708
CIV,Côte d’Ivoire,1977,9.161661492
CIV,Côte d’Ivoire,1978,9.976722184
CIV,Côte d’Ivoire,1979,9.876957474
CIV,Côte d’Ivoire,1980,9.783763763
CIV,Côte d’Ivoire,1981,9.878316723
CIV,Côte d’Ivoire,1982,10.28633983
CIV,Côte d’Ivoire,1983,11.80885514
CIV,Côte d’Ivoire,1984,11.72502264
CIV,Côte d’Ivoire,1985,11.70281455
CIV,Côte d’Ivoire,1986,11.70926187
CIV,Côte d’Ivoire,1987,11.67821819
CIV,Côte d’Ivoire,1988,11.64158452
CIV,Côte d’Ivoire,1989,11.2853737
CIV,Côte d’Ivoire,1990,11.27842942
CIV,Côte d’Ivoire,1991,11.66088529
CIV,Côte d’Ivoire,1992,11.86451614
CIV,Côte d’Ivoire,1993,12.06764701
CIV,Côte d’Ivoire,1994,13.03204686
CIV,Côte d’Ivoire,1995,13.71538337
CIV,Côte d’Ivoire,1996,15.23041158
CIV,Côte d’Ivoire,1997,16.67990405
CIV,Côte d’Ivoire,1998,16.51501783
CIV,Côte d’Ivoire,1999,18.69342132
CIV,Côte d’Ivoire,2000,18.65761391
CIV,Côte d’Ivoire,2001,18.91495298
CIV,Côte d’Ivoire,2002,19.77796599
CIV,Côte d’Ivoire,2003,18.32174719
CIV,Côte d’Ivoire,2004,19.18501096
CIV,Côte d’Ivoire,2005,20.28362922
CIV,Côte d’Ivoire,2006,20.5449767
CIV,Côte d’Ivoire,2007,20.65993318
CIV,Côte d’Ivoire,2008,21.41905645
CIV,Côte d’Ivoire,2009,20.85432141
CIV,Côte d’Ivoire,2010,22.29363581
CIV,Côte d’Ivoire,2011,22.95106694
CIV,Côte d’Ivoire,2012,25.64547393
CIV,Côte d’Ivoire,2013,27.08800502
CIV,Côte d’Ivoire,2014,28.06700525
CIV,Côte d’Ivoire,2015,29.23577429
CIV,Côte d’Ivoire,2016,30.40181593
CIV,Côte d’Ivoire,2017,31.45535464
CIV,Côte d’Ivoire,2018,31.67204645
CIV,Côte d’Ivoire,2019,33.34627573
CIV,Côte d’Ivoire,2020,33.63498475
CIV,Côte d’Ivoire,2021,35.29501661
CIV,Côte d’Ivoire,2022,36.17722416
CMR,Cameroon,1970,7.947895888
CMR,Cameroon,1971,8.29683753
CMR,Cameroon,1972,8.105007095
CMR,Cameroon,1973,8.161130927
CMR,Cameroon,1974,8.380261566
CMR,Cameroon,1975,9.081765845
CMR,Cameroon,1976,9.414477841
CMR,Cameroon,1977,10.41634439
CMR,Cameroon,1978,11.35145967
CMR,Cameroon,1979,13.69567793
CMR,Cameroon,1980,16.77338364
CMR,Cameroon,1981,19.69417761
CMR,Cameroon,1982,21.46779484
CMR,Cameroon,1983,24.03981569
CMR,Cameroon,1984,26.99027249
CMR,Cameroon,1985,31.21641676
CMR,Cameroon,1986,31.6766664
CMR,Cameroon,1987,31.58075504
CMR,Cameroon,1988,29.02532773
CMR,Cameroon,1989,31.64328132
CMR,Cameroon,1990,31.26631839
CMR,Cameroon,1991,30.53256571
CMR,Cameroon,1992,29.58394708
CMR,Cameroon,1993,28.87123828
CMR,Cameroon,1994,28.13697332
CMR,Cameroon,1995,28.7682824
CMR,Cameroon,1996,30.13715745
CMR,Cameroon,1997,29.77729391
CMR,Cameroon,1998,30.53399425
CMR,Cameroon,1999,31.27239639
CMR,Cameroon,2000,32.69613997
CMR,Cameroon,2001,32.79105051
CMR,Cameroon,2002,31.7154778
CMR,Cameroon,2003,32.44032244
CMR,Cameroon,2004,32.25134396
CMR,Cameroon,2005,32.46815156
CMR,Cameroon,2006,31.7798138
CMR,Cameroon,2007,32.63563842
CMR,Cameroon,2008,32.48484791
CMR,Cameroon,2009,33.26054851
CMR,Cameroon,2010,32.97335031
CMR,Cameroon,2011,32.62059216
CMR,Cameroon,2012,33.49981524
CMR,Cameroon,2013,35.73533651
CMR,Cameroon,2014,37.81093383
CMR,Cameroon,2015,41.03503934
CMR,Cameroon,2016,42.26201524
CMR,Cameroon,2017,40.73104387
CMR,Cameroon,2018,41.76596433
CMR,Cameroon,2019,42.63025491
CMR,Cameroon,2020,43.53423305
CMR,Cameroon,2021,43.66514213
CMR,Cameroon,2022,43.17131692
COD,Democratic Republic of the Congo,1970,13.00958585
COD,Democratic Republic of the Congo,1971,13.31989185
COD,Democratic Republic of the Congo,1972,13.64652778
COD,Democratic Republic of the Congo,1973,13.92048419
COD,Democratic Republic of the Congo,1974,14.3250344
COD,Democratic Republic of the Congo,1975,14.55799809
COD,Democratic Republic of the Congo,1976,19.32251466
COD,Democratic Republic of the Congo,1977,19.26056732
COD,Democratic Republic of the Congo,1978,18.6439416
COD,Democratic Republic of the Congo,1979,19.76402412
COD,Democratic Republic of the Congo,1980,19.54773126
COD,Democratic Republic of the Congo,1981,20.11463167
COD,Democratic Republic of the Congo,1982,23.07313002
COD,Democratic Republic of the Congo,1983,24.98003532
COD,Democratic Republic of the Congo,1984,27.54204522
COD,Democratic Republic of the Congo,1985,26.39031824
COD,Democratic Republic of the Congo,1986,27.1570883
COD,Democratic Republic of the Congo,1987,28.31118968
COD,Democratic Republic of the Congo,1988,29.18820122
COD,Democratic Republic of the Congo,1989,27.71676902
COD,Democratic Republic of the Congo,1990,28.57560861
COD,Democratic Republic of the Congo,1991,26.57311644
COD,Democratic Republic of the Congo,1992,27.20162208
COD,Democratic Republic of the Congo,1993,28.41107335
COD,Democratic Republic of the Congo,1994,27.74885604
COD,Democratic Republic of the Congo,1995,28.13548723
COD,Democratic Republic of the Congo,1996,29.13171159
COD,Democratic Republic of the Congo,1997,28.3972129
COD,Democratic Republic of the Congo,1998,28.93983887
COD,Democratic Republic of the Congo,1999,28.44033576
COD,Democratic Republic of the Congo,2000,31.08702501
COD,Democratic Republic of the Congo,2001,28.74650585
COD,Democratic Republic of the Congo,2002,28.22788526
COD,Democratic Republic of the Congo,2003,29.47073646
COD,Democratic Republic of the Congo,2004,30.11919966
COD,Democratic Republic of the Congo,2005,30.97125581
COD,Democratic Republic of the Congo,2006,31.64236129
COD,Democratic Republic of the Congo,2007,32.75016498
COD,Democratic Republic of the Congo,2008,33.53960856
COD,Democratic Republic of the Congo,2009,33.7854411
COD,Democratic Republic of the Congo,2010,37.07413095
COD,Democratic Republic of the Congo,2011,38.16181485
COD,Democratic Republic of the Congo,2012,45.04715053
COD,Democratic Republic of the Congo,2013,48.90641882
COD,Democratic Republic of the Congo,2014,52.97448437
COD,Democratic Republic of the Congo,2015,52.65647538
COD,Democratic Republic of the Congo,2016,53.37649059
COD,Democratic Republic of the Congo,2017,56.27878726
COD,Democratic Republic of the Congo,2018,55.86232739
COD,Democratic Republic of the Congo,2019,57.83037045
COD,Democratic Republic of the Congo,2020,58.96043691
COD,Democratic Republic of the Congo,2021,60.59325564
COD,Democratic Republic of the Congo,2022,61.63509437
COG,Congo,1970,2.539955633
COG,Congo,1971,2.825997861
COG,Congo,1972,3.061940236
COG,Congo,1973,11.65279289
COG,Congo,1974,15.99790914
COG,Congo,1975,10.49536233
COG,Congo,1976,10.5069595
COG,Congo,1977,5.041342442
COG,Congo,1978,4.680918004
COG,Congo,1979,4.850817102
COG,Congo,1980,5.814281927
COG,Congo,1981,6.900223429
COG,Congo,1982,7.743430193
COG,Congo,1983,7.920523457
COG,Congo,1984,9.452766204
COG,Congo,1985,9.275624279
COG,Congo,1986,9.201205811
COG,Congo,1987,9.850852623
COG,Congo,1988,10.76745459
COG,Congo,1989,11.46287286
COG,Congo,1990,11.46580615
COG,Congo,1991,11.35927801
COG,Congo,1992,11.47124027
COG,Congo,1993,11.86354245
COG,Congo,1994,10.46345762
COG,Congo,1995,12.81033142
COG,Congo,1996,16.40676538
COG,Congo,1997,17.12913659
COG,Congo,1998,20.43700428
COG,Congo,1999,20.86232866
COG,Congo,2000,22.60400861
COG,Congo,2001,21.1079015
COG,Congo,2002,14.1330305
COG,Congo,2003,15.83027784
COG,Congo,2004,17.0561268
COG,Congo,2005,20.7230577
COG,Congo,2006,22.80970134
COG,Congo,2007,19.64196763
COG,Congo,2008,19.50856199
COG,Congo,2009,21.28819227
COG,Congo,2010,23.20411386
COG,Congo,2011,22.32776648
COG,Congo,2012,21.51097568
COG,Congo,2013,20.88774327
COG,Congo,2014,21.35064685
COG,Congo,2015,21.23745401
COG,Congo,2016,20.95988424
COG,Congo,2017,22.75923229
COG,Congo,2018,26.57941257
COG,Congo,2019,27.8413614
COG,Congo,2020,26.66426791
COG,Congo,2021,25.10509568
COG,Congo,2022,25.96241427
COK,Cook Islands,1970,0.027747703
COK,Cook Islands,1971,0.027968007
COK,Cook Islands,1972,0.028399936
COK,Cook Islands,1973,0.033016751
COK,Cook Islands,1974,0.039389454
COK,Cook Islands,1975,0.034656962
COK,Cook Islands,1976,0.041316045
COK,Cook Islands,1977,0.042210169
COK,Cook Islands,1978,0.04211289
COK,Cook Islands,1979,0.042773801
COK,Cook Islands,1980,0.044412821
COK,Cook Islands,1981,0.072584183
COK,Cook Islands,1982,0.070815812
COK,Cook Islands,1983,0.069295127
COK,Cook Islands,1984,0.061963314
COK,Cook Islands,1985,0.066665021
COK,Cook Islands,1986,0.04645616
COK,Cook Islands,1987,0.051802591
COK,Cook Islands,1988,0.052448946
COK,Cook Islands,1989,0.050712513
COK,Cook Islands,1990,0.051150454
COK,Cook Islands,1991,0.038601329
COK,Cook Islands,1992,0.05213617
COK,Cook Islands,1993,0.052485973
COK,Cook Islands,1994,0.055590369
COK,Cook Islands,1995,0.054229906
COK,Cook Islands,1996,0.055678864
COK,Cook Islands,1997,0.058650976
COK,Cook Islands,1998,0.060956001
COK,Cook Islands,1999,0.058116942
COK,Cook Islands,2000,0.081349499
COK,Cook Islands,2001,0.079286838
COK,Cook Islands,2002,0.048550101
COK,Cook Islands,2003,0.045214955
COK,Cook Islands,2004,0.066011618
COK,Cook Islands,2005,0.100369398
COK,Cook Islands,2006,0.103110772
COK,Cook Islands,2007,0.08586275
COK,Cook Islands,2008,0.088170885
COK,Cook Islands,2009,0.081902728
COK,Cook Islands,2010,0.098095646
COK,Cook Islands,2011,0.109273831
COK,Cook Islands,2012,0.114143968
COK,Cook Islands,2013,0.11846408
COK,Cook Islands,2014,0.125661646
COK,Cook Islands,2015,0.11590856
COK,Cook Islands,2016,0.121410483
COK,Cook Islands,2017,0.130780684
COK,Cook Islands,2018,0.130736916
COK,Cook Islands,2019,0.137666528
COK,Cook Islands,2020,0.112423956
COK,Cook Islands,2021,0.116114181
COK,Cook Islands,2022,0.118235566
COL,Colombia,1970,87.11398814
COL,Colombia,1971,90.02830258
COL,Colombia,1972,92.20285404
COL,Colombia,1973,94.35954218
COL,Colombia,1974,97.47246756
COL,Colombia,1975,101.7937799
COL,Colombia,1976,105.8827299
COL,Colombia,1977,108.336798
COL,Colombia,1978,112.5821127
COL,Colombia,1979,113.2365833
COL,Colombia,1980,114.2292496
COL,Colombia,1981,116.0286316
COL,Colombia,1982,118.5384624
COL,Colombia,1983,119.6397132
COL,Colombia,1984,119.5095214
COL,Colombia,1985,121.7299831
COL,Colombia,1986,124.284431
COL,Colombia,1987,129.0274995
COL,Colombia,1988,131.3185012
COL,Colombia,1989,135.5866686
COL,Colombia,1990,139.1036497
COL,Colombia,1991,140.3621334
COL,Colombia,1992,144.3678576
COL,Colombia,1993,148.8167541
COL,Colombia,1994,150.1722941
COL,Colombia,1995,155.1770142
COL,Colombia,1996,155.2567592
COL,Colombia,1997,162.8780301
COL,Colombia,1998,165.6941798
COL,Colombia,1999,153.4226271
COL,Colombia,2000,159.1916194
COL,Colombia,2001,160.4314283
COL,Colombia,2002,159.2973472
COL,Colombia,2003,160.0898311
COL,Colombia,2004,160.9308829
COL,Colombia,2005,164.7798825
COL,Colombia,2006,165.3553238
COL,Colombia,2007,169.6609681
COL,Colombia,2008,171.2068776
COL,Colombia,2009,176.3308696
COL,Colombia,2010,181.3075187
COL,Colombia,2011,184.5283804
COL,Colombia,2012,182.3554414
COL,Colombia,2013,190.6444821
COL,Colombia,2014,191.6795049
COL,Colombia,2015,193.0103517
COL,Colombia,2016,197.1345221
COL,Colombia,2017,193.5814857
COL,Colombia,2018,201.8561968
COL,Colombia,2019,205.8305072
COL,Colombia,2020,206.0860171
COL,Colombia,2021,209.8531398
COL,Colombia,2022,215.5373799
COM,Comoros,1970,0.239884834
COM,Comoros,1971,0.24390034
COM,Comoros,1972,0.247041499
COM,Comoros,1973,0.252181947
COM,Comoros,1974,0.259524639
COM,Comoros,1975,0.264901628
COM,Comoros,1976,0.27452062
COM,Comoros,1977,0.280948501
COM,Comoros,1978,0.287687321
COM,Comoros,1979,0.297926104
COM,Comoros,1980,0.298400089
COM,Comoros,1981,0.297872058
COM,Comoros,1982,0.29553628
COM,Comoros,1983,0.296142107
COM,Comoros,1984,0.299868048
COM,Comoros,1985,0.296686826
COM,Comoros,1986,0.285106632
COM,Comoros,1987,0.318939368
COM,Comoros,1988,0.321280282
COM,Comoros,1989,0.326089993
COM,Comoros,1990,0.343072088
COM,Comoros,1991,0.355478022
COM,Comoros,1992,0.355208084
COM,Comoros,1993,0.361689547
COM,Comoros,1994,0.365641043
COM,Comoros,1995,0.374764943
COM,Comoros,1996,0.382981915
COM,Comoros,1997,0.38912882
COM,Comoros,1998,0.411071055
COM,Comoros,1999,0.425024739
COM,Comoros,2000,0.453511513
COM,Comoros,2001,0.472005073
COM,Comoros,2002,0.48473399
COM,Comoros,2003,0.509538614
COM,Comoros,2004,0.530404282
COM,Comoros,2005,0.535667047
COM,Comoros,2006,0.576654057
COM,Comoros,2007,0.516563183
COM,Comoros,2008,0.534531955
COM,Comoros,2009,0.568276677
COM,Comoros,2010,0.608688236
COM,Comoros,2011,0.607828748
COM,Comoros,2012,0.626247498
COM,Comoros,2013,0.664954331
COM,Comoros,2014,0.658012783
COM,Comoros,2015,0.682286915
COM,Comoros,2016,0.712271027
COM,Comoros,2017,0.77713373
COM,Comoros,2018,0.810198473
COM,Comoros,2019,0.852703163
COM,Comoros,2020,0.866655423
COM,Comoros,2021,0.907621383
COM,Comoros,2022,0.922145104
CPV,Cabo Verde,1970,0.249083486
CPV,Cabo Verde,1971,0.247836923
CPV,Cabo Verde,1972,0.251001463
CPV,Cabo Verde,1973,0.253162859
CPV,Cabo Verde,1974,0.261536407
CPV,Cabo Verde,1975,0.267651677
CPV,Cabo Verde,1976,0.276089501
CPV,Cabo Verde,1977,0.284704413
CPV,Cabo Verde,1978,0.2910688
CPV,Cabo Verde,1979,0.323031046
CPV,Cabo Verde,1980,0.323126345
CPV,Cabo Verde,1981,0.317285316
CPV,Cabo Verde,1982,0.201397067
CPV,Cabo Verde,1983,0.198805475
CPV,Cabo Verde,1984,0.21624956
CPV,Cabo Verde,1985,0.223391436
CPV,Cabo Verde,1986,0.15951725
CPV,Cabo Verde,1987,0.186681493
CPV,Cabo Verde,1988,0.212127464
CPV,Cabo Verde,1989,0.226713334
CPV,Cabo Verde,1990,0.229490351
CPV,Cabo Verde,1991,0.254538089
CPV,Cabo Verde,1992,0.283367989
CPV,Cabo Verde,1993,0.286200509
CPV,Cabo Verde,1994,0.282931522
CPV,Cabo Verde,1995,0.311129419
CPV,Cabo Verde,1996,0.299125342
CPV,Cabo Verde,1997,0.314915768
CPV,Cabo Verde,1998,0.335234378
CPV,Cabo Verde,1999,0.347010967
CPV,Cabo Verde,2000,0.542591039
CPV,Cabo Verde,2001,0.580324501
CPV,Cabo Verde,2002,0.618183604
CPV,Cabo Verde,2003,0.59283045
CPV,Cabo Verde,2004,0.635177024
CPV,Cabo Verde,2005,0.858946138
CPV,Cabo Verde,2006,0.915816518
CPV,Cabo Verde,2007,1.001861115
CPV,Cabo Verde,2008,0.979788732
CPV,Cabo Verde,2009,0.956601897
CPV,Cabo Verde,2010,1.017976188
CPV,Cabo Verde,2011,1.132446327
CPV,Cabo Verde,2012,1.016617174
CPV,Cabo Verde,2013,0.996993266
CPV,Cabo Verde,2014,1.053044699
CPV,Cabo Verde,2015,1.066714903
CPV,Cabo Verde,2016,1.084974356
CPV,Cabo Verde,2017,1.108224855
CPV,Cabo Verde,2018,1.123977226
CPV,Cabo Verde,2019,1.157140239
CPV,Cabo Verde,2020,1.178623078
CPV,Cabo Verde,2021,1.254349739
CPV,Cabo Verde,2022,1.303322228
CRI,Costa Rica,1970,5.992241774
CRI,Costa Rica,1971,6.170414
CRI,Costa Rica,1972,6.530449251
CRI,Costa Rica,1973,7.164549252
CRI,Costa Rica,1974,7.183929924
CRI,Costa Rica,1975,7.506307688
CRI,Costa Rica,1976,7.633239979
CRI,Costa Rica,1977,8.368993892
CRI,Costa Rica,1978,8.786988605
CRI,Costa Rica,1979,9.002497643
CRI,Costa Rica,1980,8.819236929
CRI,Costa Rica,1981,8.960191557
CRI,Costa Rica,1982,8.654471868
CRI,Costa Rica,1983,8.91929754
CRI,Costa Rica,1984,9.147551907
CRI,Costa Rica,1985,9.056474845
CRI,Costa Rica,1986,9.162079384
CRI,Costa Rica,1987,9.340156668
CRI,Costa Rica,1988,9.451528589
CRI,Costa Rica,1989,9.785046022
CRI,Costa Rica,1990,10.00465985
CRI,Costa Rica,1991,10.29818372
CRI,Costa Rica,1992,11.51652116
CRI,Costa Rica,1993,11.55689516
CRI,Costa Rica,1994,11.95784238
CRI,Costa Rica,1995,11.47621635
CRI,Costa Rica,1996,11.38543154
CRI,Costa Rica,1997,11.39993101
CRI,Costa Rica,1998,11.99679625
CRI,Costa Rica,1999,11.7463327
CRI,Costa Rica,2000,11.47941625
CRI,Costa Rica,2001,11.6748238
CRI,Costa Rica,2002,11.71119629
CRI,Costa Rica,2003,12.18144574
CRI,Costa Rica,2004,12.45863868
CRI,Costa Rica,2005,12.44125035
CRI,Costa Rica,2006,12.87787787
CRI,Costa Rica,2007,14.03204217
CRI,Costa Rica,2008,14.20976348
CRI,Costa Rica,2009,14.03415684
CRI,Costa Rica,2010,14.18662948
CRI,Costa Rica,2011,14.88172808
CRI,Costa Rica,2012,14.56030767
CRI,Costa Rica,2013,14.90701151
CRI,Costa Rica,2014,15.22393598
CRI,Costa Rica,2015,14.98857099
CRI,Costa Rica,2016,15.66996099
CRI,Costa Rica,2017,16.05625392
CRI,Costa Rica,2018,16.58843714
CRI,Costa Rica,2019,16.55117528
CRI,Costa Rica,2020,15.05880168
CRI,Costa Rica,2021,16.20805769
CRI,Costa Rica,2022,16.86141579
CUB,Cuba,1970,46.96280059
CUB,Cuba,1971,45.44752682
CUB,Cuba,1972,44.55376723
CUB,Cuba,1973,47.02989824
CUB,Cuba,1974,48.94887216
CUB,Cuba,1975,49.63867417
CUB,Cuba,1976,51.39649626
CUB,Cuba,1977,53.7945741
CUB,Cuba,1978,56.51883936
CUB,Cuba,1979,57.54312946
CUB,Cuba,1980,57.88158068
CUB,Cuba,1981,58.43962538
CUB,Cuba,1982,57.76692436
CUB,Cuba,1983,60.02106035
CUB,Cuba,1984,62.91070521
CUB,Cuba,1985,60.30645589
CUB,Cuba,1986,61.08767397
CUB,Cuba,1987,63.89319003
CUB,Cuba,1988,65.57495977
CUB,Cuba,1989,67.19206524
CUB,Cuba,1990,63.54687895
CUB,Cuba,1991,54.21355367
CUB,Cuba,1992,47.58340758
CUB,Cuba,1993,43.28368398
CUB,Cuba,1994,44.62378019
CUB,Cuba,1995,45.48490255
CUB,Cuba,1996,48.65346741
CUB,Cuba,1997,51.00288428
CUB,Cuba,1998,49.82268069
CUB,Cuba,1999,50.24251224
CUB,Cuba,2000,50.74820666
CUB,Cuba,2001,49.10040386
CUB,Cuba,2002,47.77234909
CUB,Cuba,2003,46.90426356
CUB,Cuba,2004,45.9080076
CUB,Cuba,2005,46.03266544
CUB,Cuba,2006,47.51519923
CUB,Cuba,2007,48.60318908
CUB,Cuba,2008,48.11989167
CUB,Cuba,2009,48.8072031
CUB,Cuba,2010,49.40001383
CUB,Cuba,2011,49.31805624
CUB,Cuba,2012,50.52638649
CUB,Cuba,2013,50.89659014
CUB,Cuba,2014,48.8544087
CUB,Cuba,2015,50.76516294
CUB,Cuba,2016,48.85629173
CUB,Cuba,2017,47.55263116
CUB,Cuba,2018,47.89437245
CUB,Cuba,2019,45.40607236
CUB,Cuba,2020,44.41491605
CUB,Cuba,2021,43.90364176
CUB,Cuba,2022,44.37663645
CYM,Cayman Islands,1970,0.030059101
CYM,Cayman Islands,1971,0.032305571
CYM,Cayman Islands,1972,0.041029986
CYM,Cayman Islands,1973,0.043864161
CYM,Cayman Islands,1974,0.041926221
CYM,Cayman Islands,1975,0.052703646
CYM,Cayman Islands,1976,0.050756162
CYM,Cayman Islands,1977,0.05833086
CYM,Cayman Islands,1978,0.061150829
CYM,Cayman Islands,1979,0.063314777
CYM,Cayman Islands,1980,0.065466392
CYM,Cayman Islands,1981,0.067026871
CYM,Cayman Islands,1982,0.068105979
CYM,Cayman Islands,1983,0.071209336
CYM,Cayman Islands,1984,0.083611116
CYM,Cayman Islands,1985,0.086614483
CYM,Cayman Islands,1986,0.095198734
CYM,Cayman Islands,1987,0.106519106
CYM,Cayman Islands,1988,0.120514694
CYM,Cayman Islands,1989,0.12385674
CYM,Cayman Islands,1990,0.122614342
CYM,Cayman Islands,1991,0.123094258
CYM,Cayman Islands,1992,0.126474035
CYM,Cayman Islands,1993,0.119259458
CYM,Cayman Islands,1994,0.135287873
CYM,Cayman Islands,1995,0.142646289
CYM,Cayman Islands,1996,0.142589787
CYM,Cayman Islands,1997,0.1455247
CYM,Cayman Islands,1998,0.149702625
CYM,Cayman Islands,1999,0.146654536
CYM,Cayman Islands,2000,0.142292503
CYM,Cayman Islands,2001,0.144680803
CYM,Cayman Islands,2002,0.154605524
CYM,Cayman Islands,2003,0.163483341
CYM,Cayman Islands,2004,0.155160626
CYM,Cayman Islands,2005,0.161988302
CYM,Cayman Islands,2006,0.175841946
CYM,Cayman Islands,2007,0.218718413
CYM,Cayman Islands,2008,0.244746638
CYM,Cayman Islands,2009,0.241146084
CYM,Cayman Islands,2010,0.262076241
CYM,Cayman Islands,2011,0.21934088
CYM,Cayman Islands,2012,0.217770481
CYM,Cayman Islands,2013,0.254379561
CYM,Cayman Islands,2014,0.260997601
CYM,Cayman Islands,2015,0.269559664
CYM,Cayman Islands,2016,0.279503068
CYM,Cayman Islands,2017,0.291003686
CYM,Cayman Islands,2018,0.301877455
CYM,Cayman Islands,2019,0.39842604
CYM,Cayman Islands,2020,0.343052706
CYM,Cayman Islands,2021,0.332650468
CYM,Cayman Islands,2022,0.34483672
CYP,Cyprus,1970,2.942039549
CYP,Cyprus,1971,2.98025911
CYP,Cyprus,1972,3.474992084
CYP,Cyprus,1973,3.593477585
CYP,Cyprus,1974,2.854260662
CYP,Cyprus,1975,2.782070842
CYP,Cyprus,1976,3.226775353
CYP,Cyprus,1977,3.408270662
CYP,Cyprus,1978,3.54741075
CYP,Cyprus,1979,3.74315848
CYP,Cyprus,1980,3.928531994
CYP,Cyprus,1981,3.809747481
CYP,Cyprus,1982,3.90177943
CYP,Cyprus,1983,3.905596647
CYP,Cyprus,1984,3.988011106
CYP,Cyprus,1985,3.948638138
CYP,Cyprus,1986,4.312074167
CYP,Cyprus,1987,4.907995046
CYP,Cyprus,1988,4.980798624
CYP,Cyprus,1989,5.237364195
CYP,Cyprus,1990,5.548312288
CYP,Cyprus,1991,6.08882366
CYP,Cyprus,1992,6.492690902
CYP,Cyprus,1993,6.781174603
CYP,Cyprus,1994,7.061184313
CYP,Cyprus,1995,6.951601238
CYP,Cyprus,1996,7.350230818
CYP,Cyprus,1997,7.431102105
CYP,Cyprus,1998,7.761321359
CYP,Cyprus,1999,8.040942678
CYP,Cyprus,2000,8.306271996
CYP,Cyprus,2001,8.228968847
CYP,Cyprus,2002,8.451242194
CYP,Cyprus,2003,9.125968337
CYP,Cyprus,2004,9.071740748
CYP,Cyprus,2005,9.178736378
CYP,Cyprus,2006,9.297134454
CYP,Cyprus,2007,9.599229847
CYP,Cyprus,2008,9.800677411
CYP,Cyprus,2009,9.602185979
CYP,Cyprus,2010,9.681626933
CYP,Cyprus,2011,9.446101375
CYP,Cyprus,2012,8.840863933
CYP,Cyprus,2013,8.11742127
CYP,Cyprus,2014,8.516561361
CYP,Cyprus,2015,8.58996761
CYP,Cyprus,2016,9.015822382
CYP,Cyprus,2017,9.196792346
CYP,Cyprus,2018,9.445921495
CYP,Cyprus,2019,9.987380977
CYP,Cyprus,2020,9.535575125
CYP,Cyprus,2021,10.37775444
CYP,Cyprus,2022,10.62990836
CZE,Czechia,1970,216.8771221
CZE,Czechia,1971,217.9247667
CZE,Czechia,1972,217.989084
CZE,Czechia,1973,216.2203297
CZE,Czechia,1974,200.0406849
CZE,Czechia,1975,207.8482617
CZE,Czechia,1976,213.5491627
CZE,Czechia,1977,225.2243834
CZE,Czechia,1978,222.8017287
CZE,Czechia,1979,233.3458735
CZE,Czechia,1980,225.7630451
CZE,Czechia,1981,226.4842415
CZE,Czechia,1982,228.4571078
CZE,Czechia,1983,229.4666492
CZE,Czechia,1984,232.6424119
CZE,Czechia,1985,229.5625632
CZE,Czechia,1986,228.1286736
CZE,Czechia,1987,228.1598465
CZE,Czechia,1988,224.1764079
CZE,Czechia,1989,216.0431121
CZE,Czechia,1990,197.2024749
CZE,Czechia,1991,178.6349336
CZE,Czechia,1992,170.3755051
CZE,Czechia,1993,163.5117999
CZE,Czechia,1994,156.6885596
CZE,Czechia,1995,155.5444996
CZE,Czechia,1996,159.783525
CZE,Czechia,1997,155.7701261
CZE,Czechia,1998,148.831087
CZE,Czechia,1999,140.5603915
CZE,Czechia,2000,154.1981688
CZE,Czechia,2001,154.7797605
CZE,Czechia,2002,149.2786337
CZE,Czechia,2003,152.7863884
CZE,Czechia,2004,154.0160682
CZE,Czechia,2005,151.1506112
CZE,Czechia,2006,152.4163997
CZE,Czechia,2007,154.1059659
CZE,Czechia,2008,148.3506284
CZE,Czechia,2009,141.4441917
CZE,Czechia,2010,143.5298777
CZE,Czechia,2011,141.1973262
CZE,Czechia,2012,136.9862582
CZE,Czechia,2013,132.1467286
CZE,Czechia,2014,129.9646656
CZE,Czechia,2015,131.3697439
CZE,Czechia,2016,132.4720774
CZE,Czechia,2017,133.4903325
CZE,Czechia,2018,131.7326045
CZE,Czechia,2019,126.4451709
CZE,Czechia,2020,116.9677902
CZE,Czechia,2021,123.1893669
CZE,Czechia,2022,124.4950741
DEU,Germany,1970,1322.146944
DEU,Germany,1971,1315.853125
DEU,Germany,1972,1340.156849
DEU,Germany,1973,1392.970244
DEU,Germany,1974,1359.983286
DEU,Germany,1975,1298.075714
DEU,Germany,1976,1362.581784
DEU,Germany,1977,1338.595314
DEU,Germany,1978,1380.930193
DEU,Germany,1979,1432.638726
DEU,Germany,1980,1378.414296
DEU,Germany,1981,1341.713497
DEU,Germany,1982,1291.520487
DEU,Germany,1983,1305.788045
DEU,Germany,1984,1321.041413
DEU,Germany,1985,1322.466214
DEU,Germany,1986,1311.230222
DEU,Germany,1987,1300.091075
DEU,Germany,1988,1290.378632
DEU,Germany,1989,1277.856366
DEU,Germany,1990,1235.234519
DEU,Germany,1991,1209.511891
DEU,Germany,1992,1145.911138
DEU,Germany,1993,1132.656363
DEU,Germany,1994,1118.348126
DEU,Germany,1995,1110.34334
DEU,Germany,1996,1137.914248
DEU,Germany,1997,1099.019569
DEU,Germany,1998,1079.015116
DEU,Germany,1999,1038.796542
DEU,Germany,2000,1032.28571
DEU,Germany,2001,1043.58425
DEU,Germany,2002,1025.209428
DEU,Germany,2003,1023.85324
DEU,Germany,2004,1007.114208
DEU,Germany,2005,983.7129198
DEU,Germany,2006,989.8321536
DEU,Germany,2007,958.4341706
DEU,Germany,2008,960.1928388
DEU,Germany,2009,896.2573948
DEU,Germany,2010,940.9959461
DEU,Germany,2011,912.9834947
DEU,Germany,2012,925.5595527
DEU,Germany,2013,942.9811397
DEU,Germany,2014,902.8988536
DEU,Germany,2015,908.1323571
DEU,Germany,2016,910.2047411
DEU,Germany,2017,893.9395658
DEU,Germany,2018,864.5847421
DEU,Germany,2019,810.2707378
DEU,Germany,2020,751.338964
DEU,Germany,2021,792.4533556
DEU,Germany,2022,784.0046465
DJI,Djibouti,1970,0.998385803
DJI,Djibouti,1971,1.015271518
DJI,Djibouti,1972,1.022275342
DJI,Djibouti,1973,1.055066939
DJI,Djibouti,1974,1.132526607
DJI,Djibouti,1975,1.194043887
DJI,Djibouti,1976,1.246585596
DJI,Djibouti,1977,1.328356486
DJI,Djibouti,1978,1.376120346
DJI,Djibouti,1979,1.536350584
DJI,Djibouti,1980,1.557525611
DJI,Djibouti,1981,1.31727185
DJI,Djibouti,1982,1.269577437
DJI,Djibouti,1983,1.179718034
DJI,Djibouti,1984,1.090819608
DJI,Djibouti,1985,1.12620362
DJI,Djibouti,1986,1.125850671
DJI,Djibouti,1987,1.372460795
DJI,Djibouti,1988,1.356329588
DJI,Djibouti,1989,2.061206532
DJI,Djibouti,1990,1.892814134
DJI,Djibouti,1991,2.182225858
DJI,Djibouti,1992,2.019360607
DJI,Djibouti,1993,2.032678786
DJI,Djibouti,1994,2.064846245
DJI,Djibouti,1995,2.131027571
DJI,Djibouti,1996,2.204266256
DJI,Djibouti,1997,2.231200367
DJI,Djibouti,1998,2.276245976
DJI,Djibouti,1999,2.342897611
DJI,Djibouti,2000,1.906510376
DJI,Djibouti,2001,1.918219621
DJI,Djibouti,2002,1.947325822
DJI,Djibouti,2003,2.003248211
DJI,Djibouti,2004,1.994407534
DJI,Djibouti,2005,1.968332004
DJI,Djibouti,2006,1.952665881
DJI,Djibouti,2007,1.991568658
DJI,Djibouti,2008,2.089220849
DJI,Djibouti,2009,1.959768573
DJI,Djibouti,2010,2.054634891
DJI,Djibouti,2011,1.873821432
DJI,Djibouti,2012,2.07493467
DJI,Djibouti,2013,2.166773477
DJI,Djibouti,2014,2.20500665
DJI,Djibouti,2015,2.138498905
DJI,Djibouti,2016,2.095080539
DJI,Djibouti,2017,2.027362742
DJI,Djibouti,2018,2.090960356
DJI,Djibouti,2019,2.087084508
DJI,Djibouti,2020,2.112014729
DJI,Djibouti,2021,2.197356947
DJI,Djibouti,2022,2.23229604
DMA,Dominica,1970,0.039646209
DMA,Dominica,1971,0.041783646
DMA,Dominica,1972,0.044325337
DMA,Dominica,1973,0.045627333
DMA,Dominica,1974,0.045788631
DMA,Dominica,1975,0.04880936
DMA,Dominica,1976,0.04923446
DMA,Dominica,1977,0.051858358
DMA,Dominica,1978,0.053351823
DMA,Dominica,1979,0.054950862
DMA,Dominica,1980,0.056086594
DMA,Dominica,1981,0.061689532
DMA,Dominica,1982,0.061957835
DMA,Dominica,1983,0.062403942
DMA,Dominica,1984,0.065396681
DMA,Dominica,1985,0.067946779
DMA,Dominica,1986,0.068491358
DMA,Dominica,1987,0.080177206
DMA,Dominica,1988,0.084212989
DMA,Dominica,1989,0.087774197
DMA,Dominica,1990,0.087179605
DMA,Dominica,1991,0.087295397
DMA,Dominica,1992,0.087680841
DMA,Dominica,1993,0.10545783
DMA,Dominica,1994,0.117276001
DMA,Dominica,1995,0.124975899
DMA,Dominica,1996,0.131094475
DMA,Dominica,1997,0.129159405
DMA,Dominica,1998,0.102301721
DMA,Dominica,1999,0.126718684
DMA,Dominica,2000,0.122063769
DMA,Dominica,2001,0.122865025
DMA,Dominica,2002,0.117292986
DMA,Dominica,2003,0.124633111
DMA,Dominica,2004,0.129046619
DMA,Dominica,2005,0.128025827
DMA,Dominica,2006,0.130993759
DMA,Dominica,2007,0.144398301
DMA,Dominica,2008,0.141714674
DMA,Dominica,2009,0.143244207
DMA,Dominica,2010,0.146151978
DMA,Dominica,2011,0.131938818
DMA,Dominica,2012,0.12930797
DMA,Dominica,2013,0.137654247
DMA,Dominica,2014,0.142902942
DMA,Dominica,2015,0.145338251
DMA,Dominica,2016,0.150083584
DMA,Dominica,2017,0.140523456
DMA,Dominica,2018,0.151885241
DMA,Dominica,2019,0.15881842
DMA,Dominica,2020,0.146672336
DMA,Dominica,2021,0.144740479
DMA,Dominica,2022,0.147376592
DNK,Denmark,1970,80.43036103
DNK,Denmark,1971,75.91210581
DNK,Denmark,1972,77.56467122
DNK,Denmark,1973,77.07632667
DNK,Denmark,1974,71.73663126
DNK,Denmark,1975,73.40070698
DNK,Denmark,1976,77.80300378
DNK,Denmark,1977,81.1733704
DNK,Denmark,1978,81.10919912
DNK,Denmark,1979,84.22589116
DNK,Denmark,1980,84.70296688
DNK,Denmark,1981,72.55745203
DNK,Denmark,1982,75.49368123
DNK,Denmark,1983,73.37595897
DNK,Denmark,1984,72.45846421
DNK,Denmark,1985,80.02918354
DNK,Denmark,1986,81.10138193
DNK,Denmark,1987,78.67487135
DNK,Denmark,1988,74.23085361
DNK,Denmark,1989,69.1429623
DNK,Denmark,1990,69.45756196
DNK,Denmark,1991,80.25454524
DNK,Denmark,1992,74.30220388
DNK,Denmark,1993,76.97668525
DNK,Denmark,1994,80.80876574
DNK,Denmark,1995,77.83495449
DNK,Denmark,1996,91.38676463
DNK,Denmark,1997,81.59790063
DNK,Denmark,1998,77.53102852
DNK,Denmark,1999,74.5462856
DNK,Denmark,2000,70.57110849
DNK,Denmark,2001,72.23269495
DNK,Denmark,2002,71.42266045
DNK,Denmark,2003,76.94162869
DNK,Denmark,2004,70.90034021
DNK,Denmark,2005,67.25702435
DNK,Denmark,2006,74.48262629
DNK,Denmark,2007,69.87573462
DNK,Denmark,2008,66.22114981
DNK,Denmark,2009,63.80623311
DNK,Denmark,2010,64.14702542
DNK,Denmark,2011,58.83454963
DNK,Denmark,2012,53.97483224
DNK,Denmark,2013,56.15586309
DNK,Denmark,2014,51.99105686
DNK,Denmark,2015,50.05237996
DNK,Denmark,2016,52.00210105
DNK,Denmark,2017,49.8387674
DNK,Denmark,2018,49.97798915
DNK,Denmark,2019,46.61909349
DNK,Denmark,2020,44.05400652
DNK,Denmark,2021,47.08934103
DNK,Denmark,2022,45.79517676
DOM,Dominican Republic,1970,10.23151326
DOM,Dominican Republic,1971,10.69572386
DOM,Dominican Republic,1972,11.94899993
DOM,Dominican Republic,1973,12.14539126
DOM,Dominican Republic,1974,13.12829408
DOM,Dominican Republic,1975,13.86605922
DOM,Dominican Republic,1976,14.45633016
DOM,Dominican Republic,1977,14.97515518
DOM,Dominican Republic,1978,14.8278225
DOM,Dominican Republic,1979,15.53053177
DOM,Dominican Republic,1980,15.77302416
DOM,Dominican Republic,1981,15.20519968
DOM,Dominican Republic,1982,15.42599616
DOM,Dominican Republic,1983,16.92186946
DOM,Dominican Republic,1984,17.36517741
DOM,Dominican Republic,1985,16.18228101
DOM,Dominican Republic,1986,16.97045046
DOM,Dominican Republic,1987,18.5133659
DOM,Dominican Republic,1988,18.47741768
DOM,Dominican Republic,1989,19.53764073
DOM,Dominican Republic,1990,18.0670772
DOM,Dominican Republic,1991,18.93106521
DOM,Dominican Republic,1992,19.94637607
DOM,Dominican Republic,1993,20.20358353
DOM,Dominican Republic,1994,21.84761524
DOM,Dominican Republic,1995,22.71474886
DOM,Dominican Republic,1996,23.92965544
DOM,Dominican Republic,1997,25.85916003
DOM,Dominican Republic,1998,28.03731676
DOM,Dominican Republic,1999,28.73773862
DOM,Dominican Republic,2000,29.29042561
DOM,Dominican Republic,2001,30.03302475
DOM,Dominican Republic,2002,32.46586967
DOM,Dominican Republic,2003,30.08915785
DOM,Dominican Republic,2004,29.58926894
DOM,Dominican Republic,2005,30.90561025
DOM,Dominican Republic,2006,33.09966905
DOM,Dominican Republic,2007,34.23688183
DOM,Dominican Republic,2008,34.56598582
DOM,Dominican Republic,2009,34.25177504
DOM,Dominican Republic,2010,35.60022234
DOM,Dominican Republic,2011,36.01270516
DOM,Dominican Republic,2012,36.89799033
DOM,Dominican Republic,2013,36.61599958
DOM,Dominican Republic,2014,37.16240155
DOM,Dominican Republic,2015,39.52781146
DOM,Dominican Republic,2016,40.95398813
DOM,Dominican Republic,2017,40.27924855
DOM,Dominican Republic,2018,42.69081783
DOM,Dominican Republic,2019,43.26376205
DOM,Dominican Republic,2020,40.74528839
DOM,Dominican Republic,2021,41.22801168
DOM,Dominican Republic,2022,41.85846771
DZA,Algeria,1970,57.09975028
DZA,Algeria,1971,60.90847959
DZA,Algeria,1972,82.63821826
DZA,Algeria,1973,95.65650148
DZA,Algeria,1974,86.04059842
DZA,Algeria,1975,82.81399795
DZA,Algeria,1976,97.55718295
DZA,Algeria,1977,105.710739
DZA,Algeria,1978,115.6077167
DZA,Algeria,1979,119.3028983
DZA,Algeria,1980,114.2084163
DZA,Algeria,1981,108.7001696
DZA,Algeria,1982,112.4412523
DZA,Algeria,1983,118.2894837
DZA,Algeria,1984,123.5436352
DZA,Algeria,1985,135.2111356
DZA,Algeria,1986,140.4933359
DZA,Algeria,1987,139.9599729
DZA,Algeria,1988,140.7541471
DZA,Algeria,1989,145.0042774
DZA,Algeria,1990,145.8868741
DZA,Algeria,1991,149.0675163
DZA,Algeria,1992,158.298371
DZA,Algeria,1993,163.7511988
DZA,Algeria,1994,160.4012241
DZA,Algeria,1995,170.5626663
DZA,Algeria,1996,171.8831378
DZA,Algeria,1997,165.4763411
DZA,Algeria,1998,164.495583
DZA,Algeria,1999,171.1467669
DZA,Algeria,2000,179.7450937
DZA,Algeria,2001,168.3288961
DZA,Algeria,2002,169.0049318
DZA,Algeria,2003,183.3731835
DZA,Algeria,2004,180.485132
DZA,Algeria,2005,188.337633
DZA,Algeria,2006,197.2223921
DZA,Algeria,2007,196.0148917
DZA,Algeria,2008,204.4710673
DZA,Algeria,2009,200.9882811
DZA,Algeria,2010,209.1322709
DZA,Algeria,2011,215.372078
DZA,Algeria,2012,232.0891088
DZA,Algeria,2013,234.8580966
DZA,Algeria,2014,249.4342259
DZA,Algeria,2015,259.8520519
DZA,Algeria,2016,261.5869466
DZA,Algeria,2017,264.9055611
DZA,Algeria,2018,274.7506426
DZA,Algeria,2019,278.4105266
DZA,Algeria,2020,265.2117262
DZA,Algeria,2021,284.1738422
DZA,Algeria,2022,284.44507
ECU,Ecuador,1970,14.20745636
ECU,Ecuador,1971,13.36036745
ECU,Ecuador,1972,15.20046082
ECU,Ecuador,1973,18.64202637
ECU,Ecuador,1974,19.79775541
ECU,Ecuador,1975,20.61041903
ECU,Ecuador,1976,22.6605514
ECU,Ecuador,1977,24.13285241
ECU,Ecuador,1978,25.50390012
ECU,Ecuador,1979,27.21876072
ECU,Ecuador,1980,28.40449155
ECU,Ecuador,1981,30.12426186
ECU,Ecuador,1982,30.49589572
ECU,Ecuador,1983,29.90584249
ECU,Ecuador,1984,31.91274359
ECU,Ecuador,1985,33.43709755
ECU,Ecuador,1986,34.96202131
ECU,Ecuador,1987,32.40539825
ECU,Ecuador,1988,36.78165861
ECU,Ecuador,1989,36.82057669
ECU,Ecuador,1990,38.50868649
ECU,Ecuador,1991,38.98758647
ECU,Ecuador,1992,41.85564915
ECU,Ecuador,1993,42.94709279
ECU,Ecuador,1994,45.14338053
ECU,Ecuador,1995,47.93335855
ECU,Ecuador,1996,52.25976801
ECU,Ecuador,1997,53.59990235
ECU,Ecuador,1998,51.33685276
ECU,Ecuador,1999,47.98813074
ECU,Ecuador,2000,46.21290391
ECU,Ecuador,2001,50.25581632
ECU,Ecuador,2002,50.63191367
ECU,Ecuador,2003,52.56128706
ECU,Ecuador,2004,55.88295047
ECU,Ecuador,2005,56.60481963
ECU,Ecuador,2006,58.98762122
ECU,Ecuador,2007,59.33266229
ECU,Ecuador,2008,60.34996563
ECU,Ecuador,2009,64.72180466
ECU,Ecuador,2010,68.56436377
ECU,Ecuador,2011,69.14043641
ECU,Ecuador,2012,69.44642351
ECU,Ecuador,2013,72.64073865
ECU,Ecuador,2014,74.16530415
ECU,Ecuador,2015,72.77029334
ECU,Ecuador,2016,71.85724287
ECU,Ecuador,2017,70.23426504
ECU,Ecuador,2018,71.30807669
ECU,Ecuador,2019,71.21055065
ECU,Ecuador,2020,65.79889011
ECU,Ecuador,2021,73.26040751
ECU,Ecuador,2022,76.94368786
EGY,Egypt,1970,62.23862582
EGY,Egypt,1971,62.49643467
EGY,Egypt,1972,63.44775584
EGY,Egypt,1973,60.12771015
EGY,Egypt,1974,64.66016298
EGY,Egypt,1975,68.92497267
EGY,Egypt,1976,76.61766304
EGY,Egypt,1977,80.01461872
EGY,Egypt,1978,82.89675229
EGY,Egypt,1979,86.89107081
EGY,Egypt,1980,92.98180733
EGY,Egypt,1981,99.91583584
EGY,Egypt,1982,106.41468
EGY,Egypt,1983,114.0381212
EGY,Egypt,1984,123.005594
EGY,Egypt,1985,128.4579225
EGY,Egypt,1986,131.6526398
EGY,Egypt,1987,140.6302283
EGY,Egypt,1988,142.1580221
EGY,Egypt,1989,149.078479
EGY,Egypt,1990,153.0205804
EGY,Egypt,1991,162.7682229
EGY,Egypt,1992,165.5541386
EGY,Egypt,1993,167.4406481
EGY,Egypt,1994,162.8247863
EGY,Egypt,1995,172.5560643
EGY,Egypt,1996,182.4590762
EGY,Egypt,1997,189.4022032
EGY,Egypt,1998,193.5294763
EGY,Egypt,1999,207.1169199
EGY,Egypt,2000,206.8376091
EGY,Egypt,2001,222.8605544
EGY,Egypt,2002,230.4088043
EGY,Egypt,2003,236.8313538
EGY,Egypt,2004,253.1314662
EGY,Egypt,2005,278.8600382
EGY,Egypt,2006,292.4291714
EGY,Egypt,2007,307.2726367
EGY,Egypt,2008,311.0967622
EGY,Egypt,2009,318.6011193
EGY,Egypt,2010,317.0384507
EGY,Egypt,2011,327.0635563
EGY,Egypt,2012,341.4086202
EGY,Egypt,2013,333.6969319
EGY,Egypt,2014,337.4195345
EGY,Egypt,2015,342.4288671
EGY,Egypt,2016,356.1025659
EGY,Egypt,2017,378.644964
EGY,Egypt,2018,382.44237
EGY,Egypt,2019,343.7585023
EGY,Egypt,2020,336.0090778
EGY,Egypt,2021,360.395318
EGY,Egypt,2022,377.7800575
ERI,Eritrea,1970,4.173564646
ERI,Eritrea,1971,4.207093254
ERI,Eritrea,1972,4.161599317
ERI,Eritrea,1973,4.208747426
ERI,Eritrea,1974,4.176399951
ERI,Eritrea,1975,4.087615152
ERI,Eritrea,1976,4.089564723
ERI,Eritrea,1977,4.077924376
ERI,Eritrea,1978,4.13739441
ERI,Eritrea,1979,4.214114879
ERI,Eritrea,1980,4.274437228
ERI,Eritrea,1981,4.340444924
ERI,Eritrea,1982,4.34794654
ERI,Eritrea,1983,4.467553843
ERI,Eritrea,1984,4.379279792
ERI,Eritrea,1985,4.491487778
ERI,Eritrea,1986,4.587868169
ERI,Eritrea,1987,4.550107452
ERI,Eritrea,1988,4.619830858
ERI,Eritrea,1989,4.757564235
ERI,Eritrea,1990,4.832327111
ERI,Eritrea,1991,4.93778636
ERI,Eritrea,1992,5.168177565
ERI,Eritrea,1993,4.396704568
ERI,Eritrea,1994,4.61177705
ERI,Eritrea,1995,4.746565406
ERI,Eritrea,1996,5.233335906
ERI,Eritrea,1997,5.650459548
ERI,Eritrea,1998,5.426671304
ERI,Eritrea,1999,5.568090056
ERI,Eritrea,2000,5.678075917
ERI,Eritrea,2001,5.604100658
ERI,Eritrea,2002,5.570305283
ERI,Eritrea,2003,5.700036555
ERI,Eritrea,2004,5.783625598
ERI,Eritrea,2005,5.763336637
ERI,Eritrea,2006,5.625804581
ERI,Eritrea,2007,5.852101469
ERI,Eritrea,2008,5.807141629
ERI,Eritrea,2009,5.878424098
ERI,Eritrea,2010,5.880220679
ERI,Eritrea,2011,6.171861483
ERI,Eritrea,2012,6.252709426
ERI,Eritrea,2013,6.291138622
ERI,Eritrea,2014,6.355001529
ERI,Eritrea,2015,6.39853456
ERI,Eritrea,2016,6.497053202
ERI,Eritrea,2017,6.528043359
ERI,Eritrea,2018,6.661597954
ERI,Eritrea,2019,6.717229481
ERI,Eritrea,2020,6.782815661
ERI,Eritrea,2021,6.893065294
ERI,Eritrea,2022,6.951899958
ESH,Western Sahara,1970,0.107920501
ESH,Western Sahara,1971,0.108292996
ESH,Western Sahara,1972,0.107304855
ESH,Western Sahara,1973,0.109860578
ESH,Western Sahara,1974,0.116775265
ESH,Western Sahara,1975,0.123352536
ESH,Western Sahara,1976,0.128739356
ESH,Western Sahara,1977,0.137735195
ESH,Western Sahara,1978,0.140617281
ESH,Western Sahara,1979,0.157055441
ESH,Western Sahara,1980,0.17334466
ESH,Western Sahara,1981,0.166513101
ESH,Western Sahara,1982,0.175429553
ESH,Western Sahara,1983,0.18181264
ESH,Western Sahara,1984,0.182056999
ESH,Western Sahara,1985,0.199466164
ESH,Western Sahara,1986,0.207685591
ESH,Western Sahara,1987,0.25314914
ESH,Western Sahara,1988,0.245097266
ESH,Western Sahara,1989,0.23674239
ESH,Western Sahara,1990,0.240615982
ESH,Western Sahara,1991,0.277521187
ESH,Western Sahara,1992,0.260258637
ESH,Western Sahara,1993,0.253418761
ESH,Western Sahara,1994,0.258759708
ESH,Western Sahara,1995,0.288085897
ESH,Western Sahara,1996,0.296584929
ESH,Western Sahara,1997,0.310005149
ESH,Western Sahara,1998,0.317687413
ESH,Western Sahara,1999,0.330954737
ESH,Western Sahara,2000,0.396530178
ESH,Western Sahara,2001,0.41074638
ESH,Western Sahara,2002,0.421657374
ESH,Western Sahara,2003,0.438929713
ESH,Western Sahara,2004,0.449231197
ESH,Western Sahara,2005,0.456121516
ESH,Western Sahara,2006,0.461453216
ESH,Western Sahara,2007,0.460508317
ESH,Western Sahara,2008,0.471298865
ESH,Western Sahara,2009,0.46563076
ESH,Western Sahara,2010,0.465581793
ESH,Western Sahara,2011,0.455423106
ESH,Western Sahara,2012,0.459782241
ESH,Western Sahara,2013,0.461754858
ESH,Western Sahara,2014,0.46038167
ESH,Western Sahara,2015,0.468692447
ESH,Western Sahara,2016,0.472248536
ESH,Western Sahara,2017,0.448553059
ESH,Western Sahara,2018,0.46201124
ESH,Western Sahara,2019,0.472905935
ESH,Western Sahara,2020,0.440221837
ESH,Western Sahara,2021,0.487389241
ESH,Western Sahara,2022,0.49043327
ESP,Spain and Andorra,1970,192.8591088
ESP,Spain and Andorra,1971,190.6071581
ESP,Spain and Andorra,1972,204.043413
ESP,Spain and Andorra,1973,218.2032519
ESP,Spain and Andorra,1974,232.0183877
ESP,Spain and Andorra,1975,238.4920595
ESP,Spain and Andorra,1976,257.3953597
ESP,Spain and Andorra,1977,250.2785303
ESP,Spain and Andorra,1978,251.0486198
ESP,Spain and Andorra,1979,263.9228533
ESP,Spain and Andorra,1980,277.2170652
ESP,Spain and Andorra,1981,282.2058416
ESP,Spain and Andorra,1982,278.0828815
ESP,Spain and Andorra,1983,280.4064458
ESP,Spain and Andorra,1984,271.4205639
ESP,Spain and Andorra,1985,264.4025709
ESP,Spain and Andorra,1986,269.7283473
ESP,Spain and Andorra,1987,268.2103817
ESP,Spain and Andorra,1988,276.2589426
ESP,Spain and Andorra,1989,295.6693526
ESP,Spain and Andorra,1990,300.2689702
ESP,Spain and Andorra,1991,307.4102903
ESP,Spain and Andorra,1992,315.6639135
ESP,Spain and Andorra,1993,300.7018056
ESP,Spain and Andorra,1994,313.5113435
ESP,Spain and Andorra,1995,329.3594084
ESP,Spain and Andorra,1996,322.8279749
ESP,Spain and Andorra,1997,346.0266863
ESP,Spain and Andorra,1998,355.3411754
ESP,Spain and Andorra,1999,379.7522327
ESP,Spain and Andorra,2000,398.4587125
ESP,Spain and Andorra,2001,396.8060195
ESP,Spain and Andorra,2002,414.6453803
ESP,Spain and Andorra,2003,424.7817028
ESP,Spain and Andorra,2004,441.1278729
ESP,Spain and Andorra,2005,455.6164096
ESP,Spain and Andorra,2006,448.0325449
ESP,Spain and Andorra,2007,465.1912678
ESP,Spain and Andorra,2008,430.01542
ESP,Spain and Andorra,2009,391.3765181
ESP,Spain and Andorra,2010,378.0003084
ESP,Spain and Andorra,2011,377.7240912
ESP,Spain and Andorra,2012,370.3680119
ESP,Spain and Andorra,2013,342.0172476
ESP,Spain and Andorra,2014,339.9004029
ESP,Spain and Andorra,2015,351.3786958
ESP,Spain and Andorra,2016,342.5483208
ESP,Spain and Andorra,2017,357.4745919
ESP,Spain and Andorra,2018,350.2108565
ESP,Spain and Andorra,2019,331.6944892
ESP,Spain and Andorra,2020,291.8133717
ESP,Spain and Andorra,2021,305.885641
ESP,Spain and Andorra,2022,328.5909724
EST,Estonia,1970,20.22559444
EST,Estonia,1971,20.64595987
EST,Estonia,1972,21.66626158
EST,Estonia,1973,22.90274647
EST,Estonia,1974,24.06271464
EST,Estonia,1975,25.26842321
EST,Estonia,1976,26.15232916
EST,Estonia,1977,26.68810444
EST,Estonia,1978,27.63213428
EST,Estonia,1979,28.29000782
EST,Estonia,1980,29.05167798
EST,Estonia,1981,28.89086743
EST,Estonia,1982,29.46044082
EST,Estonia,1983,29.91748767
EST,Estonia,1984,30.22024083
EST,Estonia,1985,30.59804727
EST,Estonia,1986,31.53873706
EST,Estonia,1987,32.52778293
EST,Estonia,1988,32.73402432
EST,Estonia,1989,32.68234275
EST,Estonia,1990,43.09336934
EST,Estonia,1991,39.60618601
EST,Estonia,1992,29.48094287
EST,Estonia,1993,24.48777129
EST,Estonia,1994,24.71598456
EST,Estonia,1995,22.46062241
EST,Estonia,1996,23.56833654
EST,Estonia,1997,23.83155094
EST,Estonia,1998,21.94581618
EST,Estonia,1999,20.44063174
EST,Estonia,2000,20.7167952
EST,Estonia,2001,21.04369157
EST,Estonia,2002,20.14327536
EST,Estonia,2003,22.31701077
EST,Estonia,2004,22.7296099
EST,Estonia,2005,22.73351233
EST,Estonia,2006,21.70194069
EST,Estonia,2007,25.56907525
EST,Estonia,2008,23.70855055
EST,Estonia,2009,20.26830878
EST,Estonia,2010,25.33835577
EST,Estonia,2011,25.52335504
EST,Estonia,2012,24.48555008
EST,Estonia,2013,26.78384874
EST,Estonia,2014,26.01659763
EST,Estonia,2015,24.05113065
EST,Estonia,2016,23.93311547
EST,Estonia,2017,25.3197292
EST,Estonia,2018,26.62194463
EST,Estonia,2019,18.88312347
EST,Estonia,2020,14.63258386
EST,Estonia,2021,14.73019513
EST,Estonia,2022,13.80932769
ETH,Ethiopia,1970,54.13138201
ETH,Ethiopia,1971,54.55259828
ETH,Ethiopia,1972,54.06469913
ETH,Ethiopia,1973,54.67861348
ETH,Ethiopia,1974,54.63934821
ETH,Ethiopia,1975,53.13121879
ETH,Ethiopia,1976,52.95213613
ETH,Ethiopia,1977,53.60195285
ETH,Ethiopia,1978,54.19287862
ETH,Ethiopia,1979,54.76548202
ETH,Ethiopia,1980,54.91552245
ETH,Ethiopia,1981,55.40939047
ETH,Ethiopia,1982,56.0236916
ETH,Ethiopia,1983,57.81272799
ETH,Ethiopia,1984,56.43477692
ETH,Ethiopia,1985,58.97420412
ETH,Ethiopia,1986,62.46185683
ETH,Ethiopia,1987,60.30596414
ETH,Ethiopia,1988,61.20685699
ETH,Ethiopia,1989,64.32119834
ETH,Ethiopia,1990,66.22847099
ETH,Ethiopia,1991,67.0052724
ETH,Ethiopia,1992,68.83267055
ETH,Ethiopia,1993,63.93032998
ETH,Ethiopia,1994,66.53826573
ETH,Ethiopia,1995,67.6867668
ETH,Ethiopia,1996,71.1065384
ETH,Ethiopia,1997,73.58670128
ETH,Ethiopia,1998,78.54414233
ETH,Ethiopia,1999,78.6051481
ETH,Ethiopia,2000,76.68042745
ETH,Ethiopia,2001,82.15476241
ETH,Ethiopia,2002,89.98700003
ETH,Ethiopia,2003,89.27187327
ETH,Ethiopia,2004,91.80151438
ETH,Ethiopia,2005,95.21201044
ETH,Ethiopia,2006,101.1337605
ETH,Ethiopia,2007,110.5645228
ETH,Ethiopia,2008,115.8118572
ETH,Ethiopia,2009,119.9205621
ETH,Ethiopia,2010,125.4714664
ETH,Ethiopia,2011,125.269318
ETH,Ethiopia,2012,130.4915277
ETH,Ethiopia,2013,135.6247556
ETH,Ethiopia,2014,142.0020598
ETH,Ethiopia,2015,145.6547799
ETH,Ethiopia,2016,151.983772
ETH,Ethiopia,2017,156.1612191
ETH,Ethiopia,2018,160.4189198
ETH,Ethiopia,2019,170.921366
ETH,Ethiopia,2020,179.2024393
ETH,Ethiopia,2021,186.2846889
ETH,Ethiopia,2022,192.4739554
FIN,Finland,1970,66.61554777
FIN,Finland,1971,66.42162721
FIN,Finland,1972,70.54192723
FIN,Finland,1973,74.98270143
FIN,Finland,1974,71.12712467
FIN,Finland,1975,70.22781958
FIN,Finland,1976,76.17701186
FIN,Finland,1977,75.51053261
FIN,Finland,1978,82.7845165
FIN,Finland,1979,83.32604802
FIN,Finland,1980,84.28503597
FIN,Finland,1981,74.6912075
FIN,Finland,1982,72.43981275
FIN,Finland,1983,71.64194328
FIN,Finland,1984,72.37262417
FIN,Finland,1985,76.42800971
FIN,Finland,1986,76.61592944
FIN,Finland,1987,81.4173527
FIN,Finland,1988,80.10357798
FIN,Finland,1989,80.45967325
FIN,Finland,1990,85.55778319
FIN,Finland,1991,86.17387032
FIN,Finland,1992,82.20735388
FIN,Finland,1993,83.7071699
FIN,Finland,1994,90.9476578
FIN,Finland,1995,86.90700883
FIN,Finland,1996,91.96229604
FIN,Finland,1997,90.88389638
FIN,Finland,1998,86.73792197
FIN,Finland,1999,87.70994259
FIN,Finland,2000,86.137426
FIN,Finland,2001,92.87171146
FIN,Finland,2002,94.42350368
FIN,Finland,2003,103.8686537
FIN,Finland,2004,102.4246604
FIN,Finland,2005,87.45190258
FIN,Finland,2006,101.7244203
FIN,Finland,2007,95.07454095
FIN,Finland,2008,86.23989192
FIN,Finland,2009,82.90139099
FIN,Finland,2010,92.97202435
FIN,Finland,2011,84.64660116
FIN,Finland,2012,80.59900312
FIN,Finland,2013,80.69144818
FIN,Finland,2014,75.81184841
FIN,Finland,2015,71.10643617
FIN,Finland,2016,70.97310795
FIN,Finland,2017,66.91248815
FIN,Finland,2018,68.00876603
FIN,Finland,2019,63.94805792
FIN,Finland,2020,58.14192498
FIN,Finland,2021,57.39519894
FIN,Finland,2022,54.80504821
FJI,Fiji,1970,1.442606661
FJI,Fiji,1971,1.45176308
FJI,Fiji,1972,1.514525627
FJI,Fiji,1973,1.680308102
FJI,Fiji,1974,1.908378016
FJI,Fiji,1975,1.7534316
FJI,Fiji,1976,1.742861554
FJI,Fiji,1977,1.835716852
FJI,Fiji,1978,1.821030181
FJI,Fiji,1979,1.955265315
FJI,Fiji,1980,2.051520278
FJI,Fiji,1981,2.102682059
FJI,Fiji,1982,2.100508169
FJI,Fiji,1983,1.903883328
FJI,Fiji,1984,1.806368731
FJI,Fiji,1985,1.934210744
FJI,Fiji,1986,1.996152292
FJI,Fiji,1987,1.931318974
FJI,Fiji,1988,1.939458228
FJI,Fiji,1989,2.080566748
FJI,Fiji,1990,2.19538326
FJI,Fiji,1991,2.069712964
FJI,Fiji,1992,2.134084576
FJI,Fiji,1993,2.243333802
FJI,Fiji,1994,2.352692238
FJI,Fiji,1995,2.450332775
FJI,Fiji,1996,2.516034497
FJI,Fiji,1997,2.59312961
FJI,Fiji,1998,2.581111746
FJI,Fiji,1999,2.648413701
FJI,Fiji,2000,3.027897731
FJI,Fiji,2001,3.144585642
FJI,Fiji,2002,2.797971284
FJI,Fiji,2003,3.038835153
FJI,Fiji,2004,3.560560253
FJI,Fiji,2005,3.29690068
FJI,Fiji,2006,3.441182057
FJI,Fiji,2007,3.19967199
FJI,Fiji,2008,2.771315152
FJI,Fiji,2009,2.560919397
FJI,Fiji,2010,3.190465804
FJI,Fiji,2011,2.730983808
FJI,Fiji,2012,2.693071842
FJI,Fiji,2013,2.88123391
FJI,Fiji,2014,2.540887944
FJI,Fiji,2015,2.64672861
FJI,Fiji,2016,2.637019578
FJI,Fiji,2017,2.869006257
FJI,Fiji,2018,2.99950425
FJI,Fiji,2019,3.224825653
FJI,Fiji,2020,2.784723926
FJI,Fiji,2021,2.896502532
FJI,Fiji,2022,2.982338959
FLK,Falkland Islands,1970,0.003798013
FLK,Falkland Islands,1971,0.003816433
FLK,Falkland Islands,1972,0.004465038
FLK,Falkland Islands,1973,0.004499365
FLK,Falkland Islands,1974,0.004093555
FLK,Falkland Islands,1975,0.004785837
FLK,Falkland Islands,1976,0.004417281
FLK,Falkland Islands,1977,0.004799982
FLK,Falkland Islands,1978,0.004798251
FLK,Falkland Islands,1979,0.004770252
FLK,Falkland Islands,1980,0.00469498
FLK,Falkland Islands,1981,0.004621861
FLK,Falkland Islands,1982,0.004389746
FLK,Falkland Islands,1983,0.004291433
FLK,Falkland Islands,1984,0.004709207
FLK,Falkland Islands,1985,0.005718886
FLK,Falkland Islands,1986,0.004789081
FLK,Falkland Islands,1987,0.005032433
FLK,Falkland Islands,1988,0.008973653
FLK,Falkland Islands,1989,0.012985273
FLK,Falkland Islands,1990,0.007048235
FLK,Falkland Islands,1991,0.007029573
FLK,Falkland Islands,1992,0.007095881
FLK,Falkland Islands,1993,0.006978156
FLK,Falkland Islands,1994,0.00683259
FLK,Falkland Islands,1995,0.01217648
FLK,Falkland Islands,1996,0.00791721
FLK,Falkland Islands,1997,0.013534533
FLK,Falkland Islands,1998,0.00825507
FLK,Falkland Islands,1999,0.008074741
FLK,Falkland Islands,2000,0.00866551
FLK,Falkland Islands,2001,0.009407229
FLK,Falkland Islands,2002,0.010478038
FLK,Falkland Islands,2003,0.011662376
FLK,Falkland Islands,2004,0.012380296
FLK,Falkland Islands,2005,0.012515319
FLK,Falkland Islands,2006,0.01509564
FLK,Falkland Islands,2007,0.015965454
FLK,Falkland Islands,2008,0.016816329
FLK,Falkland Islands,2009,0.018222282
FLK,Falkland Islands,2010,0.018159616
FLK,Falkland Islands,2011,0.01458956
FLK,Falkland Islands,2012,0.015823616
FLK,Falkland Islands,2013,0.018545706
FLK,Falkland Islands,2014,0.018896726
FLK,Falkland Islands,2015,0.019158536
FLK,Falkland Islands,2016,0.020880549
FLK,Falkland Islands,2017,0.01855236
FLK,Falkland Islands,2018,0.021353264
FLK,Falkland Islands,2019,0.023481271
FLK,Falkland Islands,2020,0.020339702
FLK,Falkland Islands,2021,0.024998119
FLK,Falkland Islands,2022,0.025043308
FRA,France and Monaco,1970,637.7494268
FRA,France and Monaco,1971,648.7865599
FRA,France and Monaco,1972,665.6359094
FRA,France and Monaco,1973,702.6549265
FRA,France and Monaco,1974,683.7066117
FRA,France and Monaco,1975,643.0975229
FRA,France and Monaco,1976,686.9984427
FRA,France and Monaco,1977,670.1960712
FRA,France and Monaco,1978,687.6218248
FRA,France and Monaco,1979,696.656399
FRA,France and Monaco,1980,674.0686185
FRA,France and Monaco,1981,623.1692065
FRA,France and Monaco,1982,602.0751568
FRA,France and Monaco,1983,587.638404
FRA,France and Monaco,1984,575.3836349
FRA,France and Monaco,1985,559.6349248
FRA,France and Monaco,1986,547.0093867
FRA,France and Monaco,1987,537.0878319
FRA,France and Monaco,1988,533.6887338
FRA,France and Monaco,1989,541.9762713
FRA,France and Monaco,1990,535.1867717
FRA,France and Monaco,1991,565.9351741
FRA,France and Monaco,1992,551.544553
FRA,France and Monaco,1993,529.2655921
FRA,France and Monaco,1994,523.9717422
FRA,France and Monaco,1995,534.5038865
FRA,France and Monaco,1996,552.9046897
FRA,France and Monaco,1997,539.3502306
FRA,France and Monaco,1998,551.4111628
FRA,France and Monaco,1999,543.8018744
FRA,France and Monaco,2000,544.0304262
FRA,France and Monaco,2001,548.3860838
FRA,France and Monaco,2002,541.8947073
FRA,France and Monaco,2003,545.0830077
FRA,France and Monaco,2004,546.0644111
FRA,France and Monaco,2005,546.4696344
FRA,France and Monaco,2006,532.6277286
FRA,France and Monaco,2007,526.9045727
FRA,France and Monaco,2008,519.7646798
FRA,France and Monaco,2009,504.8323771
FRA,France and Monaco,2010,514.6220047
FRA,France and Monaco,2011,497.3682146
FRA,France and Monaco,2012,499.5769733
FRA,France and Monaco,2013,493.9639315
FRA,France and Monaco,2014,460.2026229
FRA,France and Monaco,2015,464.5250413
FRA,France and Monaco,2016,466.6124869
FRA,France and Monaco,2017,469.6118968
FRA,France and Monaco,2018,456.0927155
FRA,France and Monaco,2019,446.2388613
FRA,France and Monaco,2020,405.7152776
FRA,France and Monaco,2021,442.587008
FRA,France and Monaco,2022,430.3633375
FRO,Faroes,1970,0.046304328
FRO,Faroes,1971,0.045422757
FRO,Faroes,1972,0.046195433
FRO,Faroes,1973,0.046240082
FRO,Faroes,1974,0.046334202
FRO,Faroes,1975,0.046286051
FRO,Faroes,1976,0.047592166
FRO,Faroes,1977,0.04769823
FRO,Faroes,1978,0.047315409
FRO,Faroes,1979,0.046805797
FRO,Faroes,1980,0.046955739
FRO,Faroes,1981,0.046811208
FRO,Faroes,1982,0.046747191
FRO,Faroes,1983,0.047123135
FRO,Faroes,1984,0.047252263
FRO,Faroes,1985,0.047056951
FRO,Faroes,1986,0.047113166
FRO,Faroes,1987,0.04773806
FRO,Faroes,1988,0.047899779
FRO,Faroes,1989,0.048074075
FRO,Faroes,1990,0.048406041
FRO,Faroes,1991,0.048242393
FRO,Faroes,1992,0.048131006
FRO,Faroes,1993,0.04840199
FRO,Faroes,1994,0.048617715
FRO,Faroes,1995,0.048542491
FRO,Faroes,1996,0.04847516
FRO,Faroes,1997,0.04867658
FRO,Faroes,1998,0.048563986
FRO,Faroes,1999,0.048798387
FRO,Faroes,2000,0.049103269
FRO,Faroes,2001,0.049817162
FRO,Faroes,2002,0.049998139
FRO,Faroes,2003,0.050065537
FRO,Faroes,2004,0.050070341
FRO,Faroes,2005,0.049741421
FRO,Faroes,2006,0.049615031
FRO,Faroes,2007,0.049679189
FRO,Faroes,2008,0.049415472
FRO,Faroes,2009,0.049630297
FRO,Faroes,2010,0.049575603
FRO,Faroes,2011,0.049864418
FRO,Faroes,2012,0.050106734
FRO,Faroes,2013,0.05022318
FRO,Faroes,2014,0.050807454
FRO,Faroes,2015,0.050984038
FRO,Faroes,2016,0.051240769
FRO,Faroes,2017,0.050660245
FRO,Faroes,2018,0.050811718
FRO,Faroes,2019,0.050898441
FRO,Faroes,2020,0.050995667
FRO,Faroes,2021,0.051003691
FRO,Faroes,2022,0.051028456
GAB,Gabon,1970,6.818090622
GAB,Gabon,1971,7.34040837
GAB,Gabon,1972,7.911107063
GAB,Gabon,1973,11.97784014
GAB,Gabon,1974,14.65606713
GAB,Gabon,1975,16.7303919
GAB,Gabon,1976,17.5611537
GAB,Gabon,1977,17.3423614
GAB,Gabon,1978,17.3207435
GAB,Gabon,1979,16.43114286
GAB,Gabon,1980,15.35147643
GAB,Gabon,1981,14.51743962
GAB,Gabon,1982,14.89710127
GAB,Gabon,1983,14.43546739
GAB,Gabon,1984,15.78053915
GAB,Gabon,1985,17.07590739
GAB,Gabon,1986,14.60094563
GAB,Gabon,1987,13.60853341
GAB,Gabon,1988,14.22175535
GAB,Gabon,1989,17.3337375
GAB,Gabon,1990,20.39126041
GAB,Gabon,1991,19.56347738
GAB,Gabon,1992,20.8551901
GAB,Gabon,1993,21.494516
GAB,Gabon,1994,21.04869131
GAB,Gabon,1995,23.54222198
GAB,Gabon,1996,26.52873043
GAB,Gabon,1997,24.50693502
GAB,Gabon,1998,28.50133025
GAB,Gabon,1999,27.15362971
GAB,Gabon,2000,27.96410834
GAB,Gabon,2001,28.05582771
GAB,Gabon,2002,27.14430027
GAB,Gabon,2003,30.23801988
GAB,Gabon,2004,27.981777
GAB,Gabon,2005,26.3392942
GAB,Gabon,2006,22.71705345
GAB,Gabon,2007,19.65190283
GAB,Gabon,2008,21.16126578
GAB,Gabon,2009,20.59154672
GAB,Gabon,2010,21.16169309
GAB,Gabon,2011,20.88409169
GAB,Gabon,2012,20.7897419
GAB,Gabon,2013,20.5711327
GAB,Gabon,2014,20.81203135
GAB,Gabon,2015,21.67590965
GAB,Gabon,2016,21.76465738
GAB,Gabon,2017,19.89223508
GAB,Gabon,2018,18.52098325
GAB,Gabon,2019,20.40151657
GAB,Gabon,2020,20.01345288
GAB,Gabon,2021,19.02670329
GAB,Gabon,2022,18.62667167
GBR,United Kingdom,1970,880.2197015
GBR,United Kingdom,1971,872.7082379
GBR,United Kingdom,1972,850.205252
GBR,United Kingdom,1973,890.5886971
GBR,United Kingdom,1974,844.0242199
GBR,United Kingdom,1975,831.9151678
GBR,United Kingdom,1976,843.2501927
GBR,United Kingdom,1977,848.0808527
GBR,United Kingdom,1978,849.704196
GBR,United Kingdom,1979,889.3149701
GBR,United Kingdom,1980,820.8571196
GBR,United Kingdom,1981,801.5021825
GBR,United Kingdom,1982,785.2371935
GBR,United Kingdom,1983,777.8281763
GBR,United Kingdom,1984,733.6219091
GBR,United Kingdom,1985,776.1845212
GBR,United Kingdom,1986,798.7622139
GBR,United Kingdom,1987,800.5527266
GBR,United Kingdom,1988,796.4248037
GBR,United Kingdom,1989,779.5143904
GBR,United Kingdom,1990,786.2123307
GBR,United Kingdom,1991,798.4332763
GBR,United Kingdom,1992,775.1272781
GBR,United Kingdom,1993,752.7167155
GBR,United Kingdom,1994,744.3961332
GBR,United Kingdom,1995,740.7785087
GBR,United Kingdom,1996,760.9048019
GBR,United Kingdom,1997,737.357488
GBR,United Kingdom,1998,728.1156651
GBR,United Kingdom,1999,701.6029169
GBR,United Kingdom,2000,700.6931469
GBR,United Kingdom,2001,710.3486007
GBR,United Kingdom,2002,689.6362219
GBR,United Kingdom,2003,698.8292341
GBR,United Kingdom,2004,692.5267935
GBR,United Kingdom,2005,681.8228453
GBR,United Kingdom,2006,674.5847125
GBR,United Kingdom,2007,659.4697039
GBR,United Kingdom,2008,637.1890286
GBR,United Kingdom,2009,583.1516066
GBR,United Kingdom,2010,594.8691015
GBR,United Kingdom,2011,552.1884031
GBR,United Kingdom,2012,573.8588079
GBR,United Kingdom,2013,558.8002173
GBR,United Kingdom,2014,519.866144
GBR,United Kingdom,2015,505.0596718
GBR,United Kingdom,2016,484.8175734
GBR,United Kingdom,2017,470.745303
GBR,United Kingdom,2018,463.9865493
GBR,United Kingdom,2019,446.8858409
GBR,United Kingdom,2020,407.9408651
GBR,United Kingdom,2021,425.712582
GBR,United Kingdom,2022,426.5620992
GEO,Georgia,1970,29.31917557
GEO,Georgia,1971,29.96389883
GEO,Georgia,1972,31.51730862
GEO,Georgia,1973,32.68982049
GEO,Georgia,1974,33.65997039
GEO,Georgia,1975,35.55974042
GEO,Georgia,1976,36.08974473
GEO,Georgia,1977,36.26271994
GEO,Georgia,1978,37.42248525
GEO,Georgia,1979,38.49314
GEO,Georgia,1980,39.29821783
GEO,Georgia,1981,38.97958653
GEO,Georgia,1982,38.68325811
GEO,Georgia,1983,38.48829408
GEO,Georgia,1984,38.99947124
GEO,Georgia,1985,39.16305775
GEO,Georgia,1986,39.82015833
GEO,Georgia,1987,41.01471982
GEO,Georgia,1988,41.45749539
GEO,Georgia,1989,41.47259253
GEO,Georgia,1990,42.12428451
GEO,Georgia,1991,33.74512515
GEO,Georgia,1992,27.54606504
GEO,Georgia,1993,22.95959951
GEO,Georgia,1994,16.55056895
GEO,Georgia,1995,14.07456554
GEO,Georgia,1996,12.65012771
GEO,Georgia,1997,11.94463843
GEO,Georgia,1998,11.29352351
GEO,Georgia,1999,11.00803948
GEO,Georgia,2000,11.5369628
GEO,Georgia,2001,9.775898091
GEO,Georgia,2002,9.62888671
GEO,Georgia,2003,10.13124806
GEO,Georgia,2004,10.40135812
GEO,Georgia,2005,11.26049095
GEO,Georgia,2006,11.69061986
GEO,Georgia,2007,12.64334415
GEO,Georgia,2008,11.5970774
GEO,Georgia,2009,12.63323972
GEO,Georgia,2010,12.02664201
GEO,Georgia,2011,13.46749153
GEO,Georgia,2012,14.62779363
GEO,Georgia,2013,15.486209
GEO,Georgia,2014,16.29419289
GEO,Georgia,2015,16.47234841
GEO,Georgia,2016,16.87725871
GEO,Georgia,2017,17.04780242
GEO,Georgia,2018,16.89731731
GEO,Georgia,2019,17.65911787
GEO,Georgia,2020,17.30927193
GEO,Georgia,2021,17.94441286
GEO,Georgia,2022,18.04575528
GHA,Ghana,1970,7.575512593
GHA,Ghana,1971,7.678869184
GHA,Ghana,1972,8.11696229
GHA,Ghana,1973,8.247389619
GHA,Ghana,1974,8.830451356
GHA,Ghana,1975,8.983716003
GHA,Ghana,1976,9.094328321
GHA,Ghana,1977,9.470127663
GHA,Ghana,1978,9.237571464
GHA,Ghana,1979,9.252631218
GHA,Ghana,1980,9.295926823
GHA,Ghana,1981,9.972885309
GHA,Ghana,1982,9.71469658
GHA,Ghana,1983,8.138133449
GHA,Ghana,1984,8.722737178
GHA,Ghana,1985,9.357548471
GHA,Ghana,1986,10.06623833
GHA,Ghana,1987,10.49835359
GHA,Ghana,1988,10.65151684
GHA,Ghana,1989,11.47060742
GHA,Ghana,1990,11.31943302
GHA,Ghana,1991,11.65321846
GHA,Ghana,1992,12.20437487
GHA,Ghana,1993,12.5386583
GHA,Ghana,1994,12.99687087
GHA,Ghana,1995,13.44149509
GHA,Ghana,1996,14.14441961
GHA,Ghana,1997,14.5885818
GHA,Ghana,1998,16.39845831
GHA,Ghana,1999,17.28535782
GHA,Ghana,2000,16.84060391
GHA,Ghana,2001,17.5139607
GHA,Ghana,2002,18.92043594
GHA,Ghana,2003,18.65237024
GHA,Ghana,2004,18.54780353
GHA,Ghana,2005,19.31067049
GHA,Ghana,2006,21.30197528
GHA,Ghana,2007,21.89979974
GHA,Ghana,2008,23.57180886
GHA,Ghana,2009,24.75099749
GHA,Ghana,2010,26.08913155
GHA,Ghana,2011,29.49269474
GHA,Ghana,2012,32.46044774
GHA,Ghana,2013,34.70478982
GHA,Ghana,2014,34.96354197
GHA,Ghana,2015,36.49167437
GHA,Ghana,2016,37.02314727
GHA,Ghana,2017,40.51674587
GHA,Ghana,2018,43.44908139
GHA,Ghana,2019,46.82082032
GHA,Ghana,2020,49.46923856
GHA,Ghana,2021,51.62028171
GHA,Ghana,2022,53.00733274
GIB,Gibraltar,1970,0.082552668
GIB,Gibraltar,1971,0.083681494
GIB,Gibraltar,1972,0.073616737
GIB,Gibraltar,1973,0.074163303
GIB,Gibraltar,1974,0.074177388
GIB,Gibraltar,1975,0.07739327
GIB,Gibraltar,1976,0.076838821
GIB,Gibraltar,1977,0.073695707
GIB,Gibraltar,1978,0.070538808
GIB,Gibraltar,1979,0.093612652
GIB,Gibraltar,1980,0.109153942
GIB,Gibraltar,1981,0.10256858
GIB,Gibraltar,1982,0.112821991
GIB,Gibraltar,1983,0.103249086
GIB,Gibraltar,1984,0.099951476
GIB,Gibraltar,1985,0.106259572
GIB,Gibraltar,1986,0.132379739
GIB,Gibraltar,1987,0.144238404
GIB,Gibraltar,1988,0.160005508
GIB,Gibraltar,1989,0.153483208
GIB,Gibraltar,1990,0.159803721
GIB,Gibraltar,1991,0.219892306
GIB,Gibraltar,1992,0.258819046
GIB,Gibraltar,1993,0.262105664
GIB,Gibraltar,1994,0.307006647
GIB,Gibraltar,1995,0.300713804
GIB,Gibraltar,1996,0.307143959
GIB,Gibraltar,1997,0.31680626
GIB,Gibraltar,1998,0.332810672
GIB,Gibraltar,1999,0.345604992
GIB,Gibraltar,2000,0.361598125
GIB,Gibraltar,2001,0.370993138
GIB,Gibraltar,2002,0.37740785
GIB,Gibraltar,2003,0.383838082
GIB,Gibraltar,2004,0.415636195
GIB,Gibraltar,2005,0.428403451
GIB,Gibraltar,2006,0.447596472
GIB,Gibraltar,2007,0.444787387
GIB,Gibraltar,2008,0.454132252
GIB,Gibraltar,2009,0.495377219
GIB,Gibraltar,2010,0.498637144
GIB,Gibraltar,2011,0.482839429
GIB,Gibraltar,2012,0.492743292
GIB,Gibraltar,2013,0.524482053
GIB,Gibraltar,2014,0.562788512
GIB,Gibraltar,2015,0.613797861
GIB,Gibraltar,2016,0.639376653
GIB,Gibraltar,2017,0.6777133
GIB,Gibraltar,2018,0.718426169
GIB,Gibraltar,2019,0.745505166
GIB,Gibraltar,2020,0.66987594
GIB,Gibraltar,2021,0.665423523
GIB,Gibraltar,2022,0.688964015
GIN,Guinea,1970,5.172024115
GIN,Guinea,1971,5.213340902
GIN,Guinea,1972,5.29895446
GIN,Guinea,1973,5.446294937
GIN,Guinea,1974,5.582117696
GIN,Guinea,1975,5.744441468
GIN,Guinea,1976,5.828975975
GIN,Guinea,1977,5.910727175
GIN,Guinea,1978,5.9785289
GIN,Guinea,1979,6.129747389
GIN,Guinea,1980,6.179927728
GIN,Guinea,1981,6.2340293
GIN,Guinea,1982,6.540697748
GIN,Guinea,1983,6.717972023
GIN,Guinea,1984,6.727558212
GIN,Guinea,1985,6.581325894
GIN,Guinea,1986,6.335598389
GIN,Guinea,1987,7.018812251
GIN,Guinea,1988,7.261453735
GIN,Guinea,1989,7.523802474
GIN,Guinea,1990,7.901182842
GIN,Guinea,1991,8.219361751
GIN,Guinea,1992,8.113015177
GIN,Guinea,1993,8.423193747
GIN,Guinea,1994,8.890854041
GIN,Guinea,1995,9.2447192
GIN,Guinea,1996,9.840443944
GIN,Guinea,1997,9.62055309
GIN,Guinea,1998,9.99945797
GIN,Guinea,1999,10.69783611
GIN,Guinea,2000,11.5043596
GIN,Guinea,2001,11.76298792
GIN,Guinea,2002,12.21235468
GIN,Guinea,2003,12.75299765
GIN,Guinea,2004,13.26983908
GIN,Guinea,2005,13.78119352
GIN,Guinea,2006,14.37254961
GIN,Guinea,2007,14.91623742
GIN,Guinea,2008,15.61394705
GIN,Guinea,2009,16.22415744
GIN,Guinea,2010,18.98010678
GIN,Guinea,2011,19.94085646
GIN,Guinea,2012,20.61576524
GIN,Guinea,2013,21.07859175
GIN,Guinea,2014,21.94096342
GIN,Guinea,2015,23.19667584
GIN,Guinea,2016,24.21669116
GIN,Guinea,2017,25.20813071
GIN,Guinea,2018,26.11835942
GIN,Guinea,2019,26.75921696
GIN,Guinea,2020,27.24003559
GIN,Guinea,2021,28.28883499
GIN,Guinea,2022,29.28041209
GLP,Guadeloupe,1970,0.45914214
GLP,Guadeloupe,1971,0.466640979
GLP,Guadeloupe,1972,0.492144567
GLP,Guadeloupe,1973,0.504915185
GLP,Guadeloupe,1974,0.485973627
GLP,Guadeloupe,1975,0.520436919
GLP,Guadeloupe,1976,0.520431601
GLP,Guadeloupe,1977,0.540994979
GLP,Guadeloupe,1978,0.551256937
GLP,Guadeloupe,1979,0.555271501
GLP,Guadeloupe,1980,0.553079755
GLP,Guadeloupe,1981,0.620811006
GLP,Guadeloupe,1982,0.665334963
GLP,Guadeloupe,1983,0.700303678
GLP,Guadeloupe,1984,0.762334286
GLP,Guadeloupe,1985,0.745203512
GLP,Guadeloupe,1986,0.745310572
GLP,Guadeloupe,1987,0.813319079
GLP,Guadeloupe,1988,0.896085954
GLP,Guadeloupe,1989,0.946345132
GLP,Guadeloupe,1990,0.9593168
GLP,Guadeloupe,1991,1.015783516
GLP,Guadeloupe,1992,0.966968892
GLP,Guadeloupe,1993,1.013232951
GLP,Guadeloupe,1994,1.037194563
GLP,Guadeloupe,1995,1.020193698
GLP,Guadeloupe,1996,1.055633313
GLP,Guadeloupe,1997,1.089649207
GLP,Guadeloupe,1998,1.098779478
GLP,Guadeloupe,1999,1.044919949
GLP,Guadeloupe,2000,0.897240776
GLP,Guadeloupe,2001,0.935062009
GLP,Guadeloupe,2002,1.008632142
GLP,Guadeloupe,2003,1.01104813
GLP,Guadeloupe,2004,0.98638541
GLP,Guadeloupe,2005,0.991468678
GLP,Guadeloupe,2006,1.056973655
GLP,Guadeloupe,2007,1.103181779
GLP,Guadeloupe,2008,1.12017458
GLP,Guadeloupe,2009,1.178581877
GLP,Guadeloupe,2010,1.303226204
GLP,Guadeloupe,2011,1.395621971
GLP,Guadeloupe,2012,1.147311573
GLP,Guadeloupe,2013,1.151015654
GLP,Guadeloupe,2014,1.13386329
GLP,Guadeloupe,2015,1.238185355
GLP,Guadeloupe,2016,1.190087987
GLP,Guadeloupe,2017,1.191165242
GLP,Guadeloupe,2018,1.198122647
GLP,Guadeloupe,2019,1.203850476
GLP,Guadeloupe,2020,1.19777053
GLP,Guadeloupe,2021,1.229652588
GLP,Guadeloupe,2022,1.260059565
GMB,The Gambia,1970,0.731731844
GMB,The Gambia,1971,0.750126672
GMB,The Gambia,1972,0.738020824
GMB,The Gambia,1973,0.725563239
GMB,The Gambia,1974,0.758443
GMB,The Gambia,1975,0.777407152
GMB,The Gambia,1976,0.791947674
GMB,The Gambia,1977,0.799750477
GMB,The Gambia,1978,0.815028205
GMB,The Gambia,1979,0.805114757
GMB,The Gambia,1980,0.836902871
GMB,The Gambia,1981,0.872466197
GMB,The Gambia,1982,0.874329555
GMB,The Gambia,1983,0.826975185
GMB,The Gambia,1984,0.807662196
GMB,The Gambia,1985,0.841844577
GMB,The Gambia,1986,0.867291606
GMB,The Gambia,1987,0.971906465
GMB,The Gambia,1988,0.990779023
GMB,The Gambia,1989,0.977070751
GMB,The Gambia,1990,0.972870154
GMB,The Gambia,1991,1.03878557
GMB,The Gambia,1992,1.014412635
GMB,The Gambia,1993,1.019511073
GMB,The Gambia,1994,1.066589166
GMB,The Gambia,1995,1.077395059
GMB,The Gambia,1996,1.092066966
GMB,The Gambia,1997,1.088042665
GMB,The Gambia,1998,1.118887674
GMB,The Gambia,1999,1.145346732
GMB,The Gambia,2000,1.271684673
GMB,The Gambia,2001,1.277034998
GMB,The Gambia,2002,1.29837457
GMB,The Gambia,2003,1.426627066
GMB,The Gambia,2004,1.494934466
GMB,The Gambia,2005,1.529965205
GMB,The Gambia,2006,1.597211735
GMB,The Gambia,2007,1.637125942
GMB,The Gambia,2008,1.736241356
GMB,The Gambia,2009,1.953006703
GMB,The Gambia,2010,2.027025742
GMB,The Gambia,2011,1.832215207
GMB,The Gambia,2012,1.861558706
GMB,The Gambia,2013,1.945922108
GMB,The Gambia,2014,2.06778809
GMB,The Gambia,2015,2.195110327
GMB,The Gambia,2016,2.081858641
GMB,The Gambia,2017,2.120451081
GMB,The Gambia,2018,2.100847186
GMB,The Gambia,2019,2.208647337
GMB,The Gambia,2020,2.241579168
GMB,The Gambia,2021,2.301078499
GMB,The Gambia,2022,2.343455407
GNB,Guinea-Bissau,1970,0.844504169
GNB,Guinea-Bissau,1971,0.859585914
GNB,Guinea-Bissau,1972,0.887858337
GNB,Guinea-Bissau,1973,0.921962384
GNB,Guinea-Bissau,1974,1.025893329
GNB,Guinea-Bissau,1975,1.18836417
GNB,Guinea-Bissau,1976,1.293137032
GNB,Guinea-Bissau,1977,1.264518401
GNB,Guinea-Bissau,1978,1.176608634
GNB,Guinea-Bissau,1979,1.207721165
GNB,Guinea-Bissau,1980,1.237358364
GNB,Guinea-Bissau,1981,1.40364643
GNB,Guinea-Bissau,1982,1.71664858
GNB,Guinea-Bissau,1983,1.623922801
GNB,Guinea-Bissau,1984,1.545235069
GNB,Guinea-Bissau,1985,1.375162017
GNB,Guinea-Bissau,1986,1.376873295
GNB,Guinea-Bissau,1987,1.489129281
GNB,Guinea-Bissau,1988,1.512028526
GNB,Guinea-Bissau,1989,1.588776792
GNB,Guinea-Bissau,1990,1.663456975
GNB,Guinea-Bissau,1991,1.739272238
GNB,Guinea-Bissau,1992,1.737384656
GNB,Guinea-Bissau,1993,1.761307002
GNB,Guinea-Bissau,1994,1.787767984
GNB,Guinea-Bissau,1995,1.843101958
GNB,Guinea-Bissau,1996,1.864547893
GNB,Guinea-Bissau,1997,1.870698355
GNB,Guinea-Bissau,1998,1.892271939
GNB,Guinea-Bissau,1999,1.992123681
GNB,Guinea-Bissau,2000,2.01272854
GNB,Guinea-Bissau,2001,2.013784792
GNB,Guinea-Bissau,2002,2.046128452
GNB,Guinea-Bissau,2003,2.107593102
GNB,Guinea-Bissau,2004,2.13847762
GNB,Guinea-Bissau,2005,2.182253806
GNB,Guinea-Bissau,2006,2.273600829
GNB,Guinea-Bissau,2007,2.373900108
GNB,Guinea-Bissau,2008,2.461331097
GNB,Guinea-Bissau,2009,2.560440297
GNB,Guinea-Bissau,2010,2.686940427
GNB,Guinea-Bissau,2011,2.71261718
GNB,Guinea-Bissau,2012,2.845791963
GNB,Guinea-Bissau,2013,2.953334379
GNB,Guinea-Bissau,2014,2.828217285
GNB,Guinea-Bissau,2015,2.977997437
GNB,Guinea-Bissau,2016,3.035212407
GNB,Guinea-Bissau,2017,2.93352855
GNB,Guinea-Bissau,2018,3.008950021
GNB,Guinea-Bissau,2019,3.084361931
GNB,Guinea-Bissau,2020,3.137612121
GNB,Guinea-Bissau,2021,3.191986169
GNB,Guinea-Bissau,2022,3.243335689
GNQ,Equatorial Guinea,1970,0.115035007
GNQ,Equatorial Guinea,1971,0.115015558
GNQ,Equatorial Guinea,1972,0.120296906
GNQ,Equatorial Guinea,1973,0.095996639
GNQ,Equatorial Guinea,1974,0.101382725
GNQ,Equatorial Guinea,1975,0.10370279
GNQ,Equatorial Guinea,1976,0.105888731
GNQ,Equatorial Guinea,1977,0.105488803
GNQ,Equatorial Guinea,1978,0.140724039
GNQ,Equatorial Guinea,1979,0.138225801
GNQ,Equatorial Guinea,1980,0.143622338
GNQ,Equatorial Guinea,1981,0.154890162
GNQ,Equatorial Guinea,1982,0.153203509
GNQ,Equatorial Guinea,1983,0.128810358
GNQ,Equatorial Guinea,1984,0.142888162
GNQ,Equatorial Guinea,1985,0.136805315
GNQ,Equatorial Guinea,1986,0.147115792
GNQ,Equatorial Guinea,1987,0.169097792
GNQ,Equatorial Guinea,1988,0.169012627
GNQ,Equatorial Guinea,1989,0.18727829
GNQ,Equatorial Guinea,1990,0.182300449
GNQ,Equatorial Guinea,1991,0.190743596
GNQ,Equatorial Guinea,1992,0.194512619
GNQ,Equatorial Guinea,1993,0.213533461
GNQ,Equatorial Guinea,1994,2.828257945
GNQ,Equatorial Guinea,1995,3.22508986
GNQ,Equatorial Guinea,1996,5.380505929
GNQ,Equatorial Guinea,1997,7.809375788
GNQ,Equatorial Guinea,1998,9.740851861
GNQ,Equatorial Guinea,1999,10.68635309
GNQ,Equatorial Guinea,2000,12.41767982
GNQ,Equatorial Guinea,2001,14.14095193
GNQ,Equatorial Guinea,2002,11.51190875
GNQ,Equatorial Guinea,2003,12.7499375
GNQ,Equatorial Guinea,2004,17.49735636
GNQ,Equatorial Guinea,2005,17.07277243
GNQ,Equatorial Guinea,2006,18.52802089
GNQ,Equatorial Guinea,2007,20.26874401
GNQ,Equatorial Guinea,2008,20.09138288
GNQ,Equatorial Guinea,2009,18.78186559
GNQ,Equatorial Guinea,2010,19.1804278
GNQ,Equatorial Guinea,2011,19.49512197
GNQ,Equatorial Guinea,2012,19.60143291
GNQ,Equatorial Guinea,2013,18.96509737
GNQ,Equatorial Guinea,2014,18.95114266
GNQ,Equatorial Guinea,2015,18.66813473
GNQ,Equatorial Guinea,2016,17.92731691
GNQ,Equatorial Guinea,2017,16.57649967
GNQ,Equatorial Guinea,2018,14.39636319
GNQ,Equatorial Guinea,2019,13.14487829
GNQ,Equatorial Guinea,2020,12.71455778
GNQ,Equatorial Guinea,2021,12.85898661
GNQ,Equatorial Guinea,2022,11.55190488
GRC,Greece,1970,45.37344627
GRC,Greece,1971,46.95513546
GRC,Greece,1972,54.32898327
GRC,Greece,1973,57.7796136
GRC,Greece,1974,58.01019068
GRC,Greece,1975,60.05499707
GRC,Greece,1976,65.32698036
GRC,Greece,1977,67.55942748
GRC,Greece,1978,70.50544407
GRC,Greece,1979,73.93820217
GRC,Greece,1980,74.14528526
GRC,Greece,1981,73.74718014
GRC,Greece,1982,75.40009886
GRC,Greece,1983,79.07921548
GRC,Greece,1984,81.0836531
GRC,Greece,1985,84.5669429
GRC,Greece,1986,84.11800092
GRC,Greece,1987,89.17943343
GRC,Greece,1988,94.1423024
GRC,Greece,1989,98.742538
GRC,Greece,1990,99.51427097
GRC,Greece,1991,99.3077448
GRC,Greece,1992,101.1771015
GRC,Greece,1993,101.1625286
GRC,Greece,1994,103.6848691
GRC,Greece,1995,108.0465992
GRC,Greece,1996,109.0007132
GRC,Greece,1997,110.2313899
GRC,Greece,1998,114.3846569
GRC,Greece,1999,115.5053622
GRC,Greece,2000,121.6948612
GRC,Greece,2001,122.2944464
GRC,Greece,2002,123.0194052
GRC,Greece,2003,126.5049703
GRC,Greece,2004,126.6622113
GRC,Greece,2005,128.9755959
GRC,Greece,2006,125.6696962
GRC,Greece,2007,129.9766585
GRC,Greece,2008,125.5044977
GRC,Greece,2009,119.4644826
GRC,Greece,2010,112.2516488
GRC,Greece,2011,109.1941585
GRC,Greece,2012,104.445446
GRC,Greece,2013,96.47012017
GRC,Greece,2014,93.36766025
GRC,Greece,2015,91.37392222
GRC,Greece,2016,89.72789451
GRC,Greece,2017,89.82005365
GRC,Greece,2018,87.19900906
GRC,Greece,2019,81.8010261
GRC,Greece,2020,71.93346957
GRC,Greece,2021,73.54635355
GRC,Greece,2022,76.03123405
GRD,Grenada,1970,0.063470114
GRD,Grenada,1971,0.065791928
GRD,Grenada,1972,0.066091871
GRD,Grenada,1973,0.066717357
GRD,Grenada,1974,0.064004675
GRD,Grenada,1975,0.065056006
GRD,Grenada,1976,0.065867977
GRD,Grenada,1977,0.068447063
GRD,Grenada,1978,0.069762679
GRD,Grenada,1979,0.069176117
GRD,Grenada,1980,0.068927857
GRD,Grenada,1981,0.07384168
GRD,Grenada,1982,0.073150712
GRD,Grenada,1983,0.073141686
GRD,Grenada,1984,0.075060074
GRD,Grenada,1985,0.074480743
GRD,Grenada,1986,0.077492033
GRD,Grenada,1987,0.084105792
GRD,Grenada,1988,0.087109835
GRD,Grenada,1989,0.087684622
GRD,Grenada,1990,0.10110959
GRD,Grenada,1991,0.102150902
GRD,Grenada,1992,0.104351765
GRD,Grenada,1993,0.111761611
GRD,Grenada,1994,0.120655368
GRD,Grenada,1995,0.115239082
GRD,Grenada,1996,0.119958165
GRD,Grenada,1997,0.143077253
GRD,Grenada,1998,0.132925495
GRD,Grenada,1999,0.131551286
GRD,Grenada,2000,0.11169069
GRD,Grenada,2001,0.113925619
GRD,Grenada,2002,0.118035765
GRD,Grenada,2003,0.125351664
GRD,Grenada,2004,0.123061747
GRD,Grenada,2005,0.128221984
GRD,Grenada,2006,0.136335032
GRD,Grenada,2007,0.147286132
GRD,Grenada,2008,0.155589449
GRD,Grenada,2009,0.162992569
GRD,Grenada,2010,0.175428441
GRD,Grenada,2011,0.150938284
GRD,Grenada,2012,0.157483692
GRD,Grenada,2013,0.191503325
GRD,Grenada,2014,0.174356367
GRD,Grenada,2015,0.177025115
GRD,Grenada,2016,0.186464307
GRD,Grenada,2017,0.184784265
GRD,Grenada,2018,0.198419479
GRD,Grenada,2019,0.213792196
GRD,Grenada,2020,0.192165882
GRD,Grenada,2021,0.188422133
GRD,Grenada,2022,0.194074376
GRL,Greenland,1970,0.052089412
GRL,Greenland,1971,0.053155772
GRL,Greenland,1972,0.054075634
GRL,Greenland,1973,0.054944057
GRL,Greenland,1974,0.055776601
GRL,Greenland,1975,0.056578456
GRL,Greenland,1976,0.056869427
GRL,Greenland,1977,0.057099486
GRL,Greenland,1978,0.057323765
GRL,Greenland,1979,0.057564637
GRL,Greenland,1980,0.057840024
GRL,Greenland,1981,0.058550601
GRL,Greenland,1982,0.059368918
GRL,Greenland,1983,0.060202813
GRL,Greenland,1984,0.060999706
GRL,Greenland,1985,0.061903255
GRL,Greenland,1986,0.062559462
GRL,Greenland,1987,0.063228553
GRL,Greenland,1988,0.06397538
GRL,Greenland,1989,0.06461276
GRL,Greenland,1990,0.065228296
GRL,Greenland,1991,0.065518693
GRL,Greenland,1992,0.065685883
GRL,Greenland,1993,0.065828609
GRL,Greenland,1994,0.065886055
GRL,Greenland,1995,0.06602899
GRL,Greenland,1996,0.06623493
GRL,Greenland,1997,0.066288198
GRL,Greenland,1998,0.066488127
GRL,Greenland,1999,0.066580411
GRL,Greenland,2000,0.066493769
GRL,Greenland,2001,0.066751523
GRL,Greenland,2002,0.06701472
GRL,Greenland,2003,0.067287489
GRL,Greenland,2004,0.687500783
GRL,Greenland,2005,0.694010018
GRL,Greenland,2006,0.709943072
GRL,Greenland,2007,0.700052917
GRL,Greenland,2008,0.719212796
GRL,Greenland,2009,0.632751674
GRL,Greenland,2010,0.725165783
GRL,Greenland,2011,0.766685415
GRL,Greenland,2012,0.61988701
GRL,Greenland,2013,0.611606642
GRL,Greenland,2014,0.559642176
GRL,Greenland,2015,0.598538117
GRL,Greenland,2016,0.593960161
GRL,Greenland,2017,0.582845383
GRL,Greenland,2018,0.5844987
GRL,Greenland,2019,0.58451732
GRL,Greenland,2020,0.525881613
GRL,Greenland,2021,0.512554466
GRL,Greenland,2022,0.53950698
GTM,Guatemala,1970,8.950639373
GTM,Guatemala,1971,9.411141148
GTM,Guatemala,1972,10.01632844
GTM,Guatemala,1973,10.21327379
GTM,Guatemala,1974,10.1446427
GTM,Guatemala,1975,10.60436726
GTM,Guatemala,1976,10.28762457
GTM,Guatemala,1977,11.16696532
GTM,Guatemala,1978,11.7824243
GTM,Guatemala,1979,12.51836578
GTM,Guatemala,1980,13.01766112
GTM,Guatemala,1981,12.65127398
GTM,Guatemala,1982,12.32524831
GTM,Guatemala,1983,12.21507154
GTM,Guatemala,1984,12.56202755
GTM,Guatemala,1985,12.90155865
GTM,Guatemala,1986,12.59810463
GTM,Guatemala,1987,13.06421554
GTM,Guatemala,1988,13.24392748
GTM,Guatemala,1989,13.70631297
GTM,Guatemala,1990,14.15067616
GTM,Guatemala,1991,14.77644395
GTM,Guatemala,1992,15.98340581
GTM,Guatemala,1993,17.03280813
GTM,Guatemala,1994,17.45301614
GTM,Guatemala,1995,18.71576738
GTM,Guatemala,1996,18.76029442
GTM,Guatemala,1997,19.44942128
GTM,Guatemala,1998,21.43095776
GTM,Guatemala,1999,22.08847346
GTM,Guatemala,2000,23.20915294
GTM,Guatemala,2001,24.12664197
GTM,Guatemala,2002,25.34269087
GTM,Guatemala,2003,25.22003535
GTM,Guatemala,2004,26.07372519
GTM,Guatemala,2005,27.40290123
GTM,Guatemala,2006,28.04397237
GTM,Guatemala,2007,29.25725229
GTM,Guatemala,2008,28.74324055
GTM,Guatemala,2009,30.11464527
GTM,Guatemala,2010,30.19847809
GTM,Guatemala,2011,30.85997835
GTM,Guatemala,2012,31.8713733
GTM,Guatemala,2013,33.50087685
GTM,Guatemala,2014,35.24808504
GTM,Guatemala,2015,38.08270494
GTM,Guatemala,2016,39.62609807
GTM,Guatemala,2017,39.32759158
GTM,Guatemala,2018,41.52110304
GTM,Guatemala,2019,42.97740367
GTM,Guatemala,2020,41.61448502
GTM,Guatemala,2021,44.5241121
GTM,Guatemala,2022,45.01833056
GUF,French Guiana,1970,0.120971158
GUF,French Guiana,1971,0.122100453
GUF,French Guiana,1972,0.142214545
GUF,French Guiana,1973,0.143699848
GUF,French Guiana,1974,0.130731484
GUF,French Guiana,1975,0.153345111
GUF,French Guiana,1976,0.14217907
GUF,French Guiana,1977,0.156844998
GUF,French Guiana,1978,0.159591376
GUF,French Guiana,1979,0.16292138
GUF,French Guiana,1980,0.164397924
GUF,French Guiana,1981,0.154232
GUF,French Guiana,1982,0.186296884
GUF,French Guiana,1983,0.232719624
GUF,French Guiana,1984,0.208165063
GUF,French Guiana,1985,0.197747466
GUF,French Guiana,1986,0.246173137
GUF,French Guiana,1987,0.30530681
GUF,French Guiana,1988,0.304306991
GUF,French Guiana,1989,0.34278356
GUF,French Guiana,1990,0.371533114
GUF,French Guiana,1991,0.425953408
GUF,French Guiana,1992,0.369456266
GUF,French Guiana,1993,0.449250976
GUF,French Guiana,1994,0.418159645
GUF,French Guiana,1995,0.464628455
GUF,French Guiana,1996,0.492665176
GUF,French Guiana,1997,0.505549678
GUF,French Guiana,1998,0.547846387
GUF,French Guiana,1999,0.520474316
GUF,French Guiana,2000,0.341131226
GUF,French Guiana,2001,0.314295163
GUF,French Guiana,2002,0.304859278
GUF,French Guiana,2003,0.342667876
GUF,French Guiana,2004,0.355482757
GUF,French Guiana,2005,0.360880265
GUF,French Guiana,2006,0.357549524
GUF,French Guiana,2007,0.361986726
GUF,French Guiana,2008,0.378502944
GUF,French Guiana,2009,0.471535191
GUF,French Guiana,2010,0.47727513
GUF,French Guiana,2011,0.508899027
GUF,French Guiana,2012,0.466025879
GUF,French Guiana,2013,0.490624777
GUF,French Guiana,2014,0.513611278
GUF,French Guiana,2015,0.519382764
GUF,French Guiana,2016,0.562474266
GUF,French Guiana,2017,0.557895536
GUF,French Guiana,2018,0.566142061
GUF,French Guiana,2019,0.571432436
GUF,French Guiana,2020,0.572316412
GUF,French Guiana,2021,0.582482855
GUF,French Guiana,2022,0.585488097
GUY,Guyana,1970,5.098581897
GUY,Guyana,1971,5.016249801
GUY,Guyana,1972,4.768024776
GUY,Guyana,1973,5.181656823
GUY,Guyana,1974,5.271192514
GUY,Guyana,1975,5.779106418
GUY,Guyana,1976,5.336533532
GUY,Guyana,1977,5.740069642
GUY,Guyana,1978,5.37366555
GUY,Guyana,1979,4.839890848
GUY,Guyana,1980,5.035365756
GUY,Guyana,1981,4.969594383
GUY,Guyana,1982,4.798367396
GUY,Guyana,1983,4.395544427
GUY,Guyana,1984,4.6722835
GUY,Guyana,1985,4.424130842
GUY,Guyana,1986,4.383035454
GUY,Guyana,1987,4.308488042
GUY,Guyana,1988,4.33846758
GUY,Guyana,1989,4.079007672
GUY,Guyana,1990,3.849207532
GUY,Guyana,1991,4.039242018
GUY,Guyana,1992,4.087800293
GUY,Guyana,1993,4.274044694
GUY,Guyana,1994,4.541518403
GUY,Guyana,1995,4.917798674
GUY,Guyana,1996,4.966697441
GUY,Guyana,1997,5.153954131
GUY,Guyana,1998,5.045256841
GUY,Guyana,1999,5.122892831
GUY,Guyana,2000,4.796378481
GUY,Guyana,2001,4.758298175
GUY,Guyana,2002,4.587079319
GUY,Guyana,2003,4.812957126
GUY,Guyana,2004,4.721981379
GUY,Guyana,2005,4.447067812
GUY,Guyana,2006,4.234562316
GUY,Guyana,2007,4.562924625
GUY,Guyana,2008,4.654377755
GUY,Guyana,2009,4.737901116
GUY,Guyana,2010,4.963767151
GUY,Guyana,2011,5.087252837
GUY,Guyana,2012,5.30378521
GUY,Guyana,2013,5.436990805
GUY,Guyana,2014,5.694314197
GUY,Guyana,2015,5.777665324
GUY,Guyana,2016,5.839315346
GUY,Guyana,2017,5.991522643
GUY,Guyana,2018,6.060827059
GUY,Guyana,2019,6.382409634
GUY,Guyana,2020,7.273784268
GUY,Guyana,2021,7.670907714
GUY,Guyana,2022,7.790959093
HKG,Hong Kong,1970,12.08403784
HKG,Hong Kong,1971,12.31720536
HKG,Hong Kong,1972,12.64785851
HKG,Hong Kong,1973,12.75270293
HKG,Hong Kong,1974,14.23551843
HKG,Hong Kong,1975,14.17743742
HKG,Hong Kong,1976,16.14666453
HKG,Hong Kong,1977,18.37500425
HKG,Hong Kong,1978,19.53175018
HKG,Hong Kong,1979,18.63969881
HKG,Hong Kong,1980,19.17644302
HKG,Hong Kong,1981,20.31128121
HKG,Hong Kong,1982,22.82564801
HKG,Hong Kong,1983,26.28475166
HKG,Hong Kong,1984,28.72008516
HKG,Hong Kong,1985,29.88136871
HKG,Hong Kong,1986,33.7253444
HKG,Hong Kong,1987,34.25709648
HKG,Hong Kong,1988,37.43267669
HKG,Hong Kong,1989,38.89205169
HKG,Hong Kong,1990,39.97370407
HKG,Hong Kong,1991,43.36280369
HKG,Hong Kong,1992,47.84993625
HKG,Hong Kong,1993,48.87582441
HKG,Hong Kong,1994,42.40199659
HKG,Hong Kong,1995,42.94624046
HKG,Hong Kong,1996,40.46765904
HKG,Hong Kong,1997,39.42015783
HKG,Hong Kong,1998,47.87261537
HKG,Hong Kong,1999,51.07131742
HKG,Hong Kong,2000,47.32190208
HKG,Hong Kong,2001,47.19485061
HKG,Hong Kong,2002,46.2219808
HKG,Hong Kong,2003,49.84179368
HKG,Hong Kong,2004,46.01736845
HKG,Hong Kong,2005,48.36352628
HKG,Hong Kong,2006,47.95709369
HKG,Hong Kong,2007,50.16104355
HKG,Hong Kong,2008,48.90897084
HKG,Hong Kong,2009,51.07841592
HKG,Hong Kong,2010,48.16817937
HKG,Hong Kong,2011,51.20761519
HKG,Hong Kong,2012,50.70146827
HKG,Hong Kong,2013,52.28048334
HKG,Hong Kong,2014,53.72189512
HKG,Hong Kong,2015,50.44388467
HKG,Hong Kong,2016,51.3563734
HKG,Hong Kong,2017,50.49972164
HKG,Hong Kong,2018,50.49015564
HKG,Hong Kong,2019,50.00980835
HKG,Hong Kong,2020,41.67103993
HKG,Hong Kong,2021,41.08301515
HKG,Hong Kong,2022,39.14007408
HND,Honduras,1970,6.044037976
HND,Honduras,1971,6.138569328
HND,Honduras,1972,6.27932354
HND,Honduras,1973,6.459340566
HND,Honduras,1974,6.70598155
HND,Honduras,1975,6.939934858
HND,Honduras,1976,7.088617558
HND,Honduras,1977,7.357100833
HND,Honduras,1978,7.442480118
HND,Honduras,1979,7.644976893
HND,Honduras,1980,7.869839834
HND,Honduras,1981,7.902562957
HND,Honduras,1982,7.9483484
HND,Honduras,1983,9.02827669
HND,Honduras,1984,9.408439571
HND,Honduras,1985,9.193024922
HND,Honduras,1986,9.187834015
HND,Honduras,1987,9.406874878
HND,Honduras,1988,9.505878104
HND,Honduras,1989,9.713518682
HND,Honduras,1990,9.652781464
HND,Honduras,1991,9.773766933
HND,Honduras,1992,10.12825345
HND,Honduras,1993,9.91348306
HND,Honduras,1994,10.7994249
HND,Honduras,1995,11.23516787
HND,Honduras,1996,11.6027924
HND,Honduras,1997,11.76464483
HND,Honduras,1998,12.31637514
HND,Honduras,1999,11.78930547
HND,Honduras,2000,12.25767854
HND,Honduras,2001,13.3858987
HND,Honduras,2002,14.64129408
HND,Honduras,2003,16.22287501
HND,Honduras,2004,17.36255881
HND,Honduras,2005,16.52649403
HND,Honduras,2006,17.71660636
HND,Honduras,2007,19.00688012
HND,Honduras,2008,19.33041916
HND,Honduras,2009,19.35332124
HND,Honduras,2010,19.41744777
HND,Honduras,2011,20.69546324
HND,Honduras,2012,21.3897718
HND,Honduras,2013,21.37221328
HND,Honduras,2014,21.81458426
HND,Honduras,2015,22.60890771
HND,Honduras,2016,22.63389389
HND,Honduras,2017,21.46134477
HND,Honduras,2018,21.34900249
HND,Honduras,2019,22.73578826
HND,Honduras,2020,21.60498784
HND,Honduras,2021,22.9693239
HND,Honduras,2022,23.74476594
HRV,Croatia,1970,28.75120818
HRV,Croatia,1971,28.83172348
HRV,Croatia,1972,28.57175414
HRV,Croatia,1973,30.08094959
HRV,Croatia,1974,31.3338285
HRV,Croatia,1975,32.08319796
HRV,Croatia,1976,31.560612
HRV,Croatia,1977,31.11056557
HRV,Croatia,1978,32.17078635
HRV,Croatia,1979,33.87914022
HRV,Croatia,1980,31.28457769
HRV,Croatia,1981,33.26539264
HRV,Croatia,1982,33.84724243
HRV,Croatia,1983,36.95201261
HRV,Croatia,1984,38.28484417
HRV,Croatia,1985,39.07400257
HRV,Croatia,1986,41.42032328
HRV,Croatia,1987,40.74774029
HRV,Croatia,1988,43.77578558
HRV,Croatia,1989,42.07588538
HRV,Croatia,1990,34.06759344
HRV,Croatia,1991,26.24050741
HRV,Croatia,1992,23.89869774
HRV,Croatia,1993,24.04483698
HRV,Croatia,1994,23.08896593
HRV,Croatia,1995,23.71755058
HRV,Croatia,1996,23.55286918
HRV,Croatia,1997,25.64440165
HRV,Croatia,1998,25.95392785
HRV,Croatia,1999,26.20598511
HRV,Croatia,2000,25.85699695
HRV,Croatia,2001,27.00960014
HRV,Croatia,2002,27.77955363
HRV,Croatia,2003,29.36595093
HRV,Croatia,2004,29.99057446
HRV,Croatia,2005,30.005802
HRV,Croatia,2006,30.63111344
HRV,Croatia,2007,32.47789527
HRV,Croatia,2008,31.10849642
HRV,Croatia,2009,29.24822742
HRV,Croatia,2010,28.58423435
HRV,Croatia,2011,28.19680957
HRV,Croatia,2012,26.20041894
HRV,Croatia,2013,25.85270533
HRV,Croatia,2014,25.05992849
HRV,Croatia,2015,25.75586215
HRV,Croatia,2016,26.12051974
HRV,Croatia,2017,26.53783218
HRV,Croatia,2018,25.23910399
HRV,Croatia,2019,25.30928171
HRV,Croatia,2020,24.32926627
HRV,Croatia,2021,24.16282888
HRV,Croatia,2022,24.17777686
HTI,Haiti,1970,6.44103367
HTI,Haiti,1971,6.588673922
HTI,Haiti,1972,6.697635512
HTI,Haiti,1973,6.680316856
HTI,Haiti,1974,6.676962462
HTI,Haiti,1975,6.666977018
HTI,Haiti,1976,6.930999327
HTI,Haiti,1977,7.051912477
HTI,Haiti,1978,7.293549227
HTI,Haiti,1979,7.386175609
HTI,Haiti,1980,7.459636126
HTI,Haiti,1981,7.42812575
HTI,Haiti,1982,7.644182251
HTI,Haiti,1983,7.822926605
HTI,Haiti,1984,7.910223159
HTI,Haiti,1985,7.896816065
HTI,Haiti,1986,7.813376156
HTI,Haiti,1987,7.81753813
HTI,Haiti,1988,7.871855072
HTI,Haiti,1989,7.844619993
HTI,Haiti,1990,7.925305809
HTI,Haiti,1991,8.147833603
HTI,Haiti,1992,8.563222893
HTI,Haiti,1993,8.306085284
HTI,Haiti,1994,7.874337427
HTI,Haiti,1995,8.704372783
HTI,Haiti,1996,9.009744679
HTI,Haiti,1997,9.547814336
HTI,Haiti,1998,9.761147183
HTI,Haiti,1999,9.967096143
HTI,Haiti,2000,10.47925624
HTI,Haiti,2001,10.62027789
HTI,Haiti,2002,10.96400694
HTI,Haiti,2003,11.06666134
HTI,Haiti,2004,11.03127178
HTI,Haiti,2005,11.25064298
HTI,Haiti,2006,11.42700169
HTI,Haiti,2007,11.97715294
HTI,Haiti,2008,12.10811526
HTI,Haiti,2009,12.29417596
HTI,Haiti,2010,12.97847571
HTI,Haiti,2011,13.55494037
HTI,Haiti,2012,13.42420019
HTI,Haiti,2013,13.70388789
HTI,Haiti,2014,14.16361775
HTI,Haiti,2015,14.51600459
HTI,Haiti,2016,14.83752778
HTI,Haiti,2017,14.85022231
HTI,Haiti,2018,14.77320447
HTI,Haiti,2019,14.97728851
HTI,Haiti,2020,14.77436904
HTI,Haiti,2021,14.70891518
HTI,Haiti,2022,14.87405957
HUN,Hungary,1970,91.79777044
HUN,Hungary,1971,94.06743915
HUN,Hungary,1972,95.86529658
HUN,Hungary,1973,101.1420257
HUN,Hungary,1974,104.0131892
HUN,Hungary,1975,106.0825431
HUN,Hungary,1976,110.3433112
HUN,Hungary,1977,115.1661845
HUN,Hungary,1978,124.2104693
HUN,Hungary,1979,123.0234122
HUN,Hungary,1980,121.8721441
HUN,Hungary,1981,120.8665685
HUN,Hungary,1982,121.4301324
HUN,Hungary,1983,117.5242135
HUN,Hungary,1984,119.0815468
HUN,Hungary,1985,117.6168794
HUN,Hungary,1986,114.7855849
HUN,Hungary,1987,116.1353037
HUN,Hungary,1988,110.4710149
HUN,Hungary,1989,107.4900886
HUN,Hungary,1990,96.78093175
HUN,Hungary,1991,90.57109959
HUN,Hungary,1992,79.73465588
HUN,Hungary,1993,80.72420358
HUN,Hungary,1994,80.46216664
HUN,Hungary,1995,79.3802974
HUN,Hungary,1996,81.89088093
HUN,Hungary,1997,80.46490538
HUN,Hungary,1998,79.68754048
HUN,Hungary,1999,80.20072652
HUN,Hungary,2000,77.207683
HUN,Hungary,2001,78.83998111
HUN,Hungary,2002,81.23521498
HUN,Hungary,2003,82.41708035
HUN,Hungary,2004,81.21428406
HUN,Hungary,2005,80.24406611
HUN,Hungary,2006,79.23326043
HUN,Hungary,2007,77.58282458
HUN,Hungary,2008,75.27727776
HUN,Hungary,2009,68.35041776
HUN,Hungary,2010,68.60601201
HUN,Hungary,2011,67.73584143
HUN,Hungary,2012,64.3142777
HUN,Hungary,2013,61.77030332
HUN,Hungary,2014,61.9319975
HUN,Hungary,2015,64.48203964
HUN,Hungary,2016,65.38473466
HUN,Hungary,2017,71.45189311
HUN,Hungary,2018,71.52617694
HUN,Hungary,2019,70.12383449
HUN,Hungary,2020,68.09821299
HUN,Hungary,2021,70.3331135
HUN,Hungary,2022,66.20763118
IDN,Indonesia,1970,217.8876171
IDN,Indonesia,1971,220.6786222
IDN,Indonesia,1972,227.0358072
IDN,Indonesia,1973,242.3894338
IDN,Indonesia,1974,249.2418428
IDN,Indonesia,1975,249.1351486
IDN,Indonesia,1976,257.1318441
IDN,Indonesia,1977,283.6653979
IDN,Indonesia,1978,302.8467499
IDN,Indonesia,1979,309.4043036
IDN,Indonesia,1980,314.2384987
IDN,Indonesia,1981,324.1251907
IDN,Indonesia,1982,315.1242831
IDN,Indonesia,1983,323.6926699
IDN,Indonesia,1984,339.331028
IDN,Indonesia,1985,347.1847603
IDN,Indonesia,1986,363.766987
IDN,Indonesia,1987,365.6263087
IDN,Indonesia,1988,378.7393166
IDN,Indonesia,1989,391.6363738
IDN,Indonesia,1990,427.6550811
IDN,Indonesia,1991,448.6479129
IDN,Indonesia,1992,469.5723833
IDN,Indonesia,1993,487.7298087
IDN,Indonesia,1994,507.2293219
IDN,Indonesia,1995,538.0520511
IDN,Indonesia,1996,563.2637207
IDN,Indonesia,1997,587.7193493
IDN,Indonesia,1998,585.7420737
IDN,Indonesia,1999,599.6474216
IDN,Indonesia,2000,602.2145976
IDN,Indonesia,2001,626.758367
IDN,Indonesia,2002,639.4619294
IDN,Indonesia,2003,672.9094416
IDN,Indonesia,2004,686.3386763
IDN,Indonesia,2005,694.313899
IDN,Indonesia,2006,730.222841
IDN,Indonesia,2007,753.689865
IDN,Indonesia,2008,758.7558934
IDN,Indonesia,2009,793.4756942
IDN,Indonesia,2010,827.2178884
IDN,Indonesia,2011,930.781044
IDN,Indonesia,2012,952.0509002
IDN,Indonesia,2013,911.9731346
IDN,Indonesia,2014,961.1168754
IDN,Indonesia,2015,961.4066813
IDN,Indonesia,2016,956.6807287
IDN,Indonesia,2017,1019.775112
IDN,Indonesia,2018,1109.644162
IDN,Indonesia,2019,1161.779446
IDN,Indonesia,2020,1104.711582
IDN,Indonesia,2021,1128.059995
IDN,Indonesia,2022,1240.832611
IND,India,1970,817.8746081
IND,India,1971,822.683663
IND,India,1972,833.9825363
IND,India,1973,842.3790826
IND,India,1974,864.7592668
IND,India,1975,896.4528654
IND,India,1976,919.9180849
IND,India,1977,939.6214573
IND,India,1978,944.1506883
IND,India,1979,972.571145
IND,India,1980,997.7240266
IND,India,1981,1047.749894
IND,India,1982,1071.530385
IND,India,1983,1121.438025
IND,India,1984,1175.594419
IND,India,1985,1205.910082
IND,India,1986,1269.386313
IND,India,1987,1303.711552
IND,India,1988,1373.142231
IND,India,1989,1431.368438
IND,India,1990,1436.580582
IND,India,1991,1495.408454
IND,India,1992,1528.330222
IND,India,1993,1560.907968
IND,India,1994,1615.681106
IND,India,1995,1680.386185
IND,India,1996,1728.388213
IND,India,1997,1785.875965
IND,India,1998,1816.66527
IND,India,1999,1886.10632
IND,India,2000,1919.338839
IND,India,2001,1944.586937
IND,India,2002,1974.328654
IND,India,2003,2026.250002
IND,India,2004,2130.232355
IND,India,2005,2203.100182
IND,India,2006,2307.923737
IND,India,2007,2451.931474
IND,India,2008,2565.10676
IND,India,2009,2718.856482
IND,India,2010,2839.943122
IND,India,2011,2965.606977
IND,India,2012,3144.355268
IND,India,2013,3182.981635
IND,India,2014,3357.531214
IND,India,2015,3389.882387
IND,India,2016,3443.293545
IND,India,2017,3590.031529
IND,India,2018,3754.623271
IND,India,2019,3731.122973
IND,India,2020,3519.121452
IND,India,2021,3754.626506
IND,India,2022,3943.26459
IRL,Ireland,1970,40.00314976
IRL,Ireland,1971,42.94605514
IRL,Ireland,1972,42.63109478
IRL,Ireland,1973,43.17863387
IRL,Ireland,1974,46.14473917
IRL,Ireland,1975,44.72149126
IRL,Ireland,1976,44.98429878
IRL,Ireland,1977,47.28013561
IRL,Ireland,1978,47.49094071
IRL,Ireland,1979,52.10634553
IRL,Ireland,1980,51.19442481
IRL,Ireland,1981,50.37666826
IRL,Ireland,1982,50.33571519
IRL,Ireland,1983,50.45967571
IRL,Ireland,1984,50.76132177
IRL,Ireland,1985,52.48570043
IRL,Ireland,1986,53.60907586
IRL,Ireland,1987,54.85397911
IRL,Ireland,1988,54.0532692
IRL,Ireland,1989,55.68913071
IRL,Ireland,1990,57.59136627
IRL,Ireland,1991,58.13785211
IRL,Ireland,1992,58.13868186
IRL,Ireland,1993,58.90319426
IRL,Ireland,1994,60.38017718
IRL,Ireland,1995,61.03477517
IRL,Ireland,1996,62.5320247
IRL,Ireland,1997,64.11867223
IRL,Ireland,1998,66.97492138
IRL,Ireland,1999,70.97911822
IRL,Ireland,2000,74.64612908
IRL,Ireland,2001,77.19869325
IRL,Ireland,2002,75.70430854
IRL,Ireland,2003,75.39743533
IRL,Ireland,2004,74.24906546
IRL,Ireland,2005,75.33944711
IRL,Ireland,2006,75.96600053
IRL,Ireland,2007,73.53598215
IRL,Ireland,2008,72.1301634
IRL,Ireland,2009,66.69795596
IRL,Ireland,2010,65.73931109
IRL,Ireland,2011,61.67024541
IRL,Ireland,2012,62.77653864
IRL,Ireland,2013,61.94818626
IRL,Ireland,2014,62.03664561
IRL,Ireland,2015,64.02075876
IRL,Ireland,2016,67.51634409
IRL,Ireland,2017,66.62156578
IRL,Ireland,2018,63.61825959
IRL,Ireland,2019,61.70636204
IRL,Ireland,2020,59.46278111
IRL,Ireland,2021,61.10092585
IRL,Ireland,2022,62.41914115
IRN,Iran,1970,212.9044086
IRN,Iran,1971,218.5777001
IRN,Iran,1972,241.143011
IRN,Iran,1973,279.0611053
IRN,Iran,1974,290.9838
IRN,Iran,1975,278.3199323
IRN,Iran,1976,310.104144
IRN,Iran,1977,312.6114105
IRN,Iran,1978,299.6999051
IRN,Iran,1979,245.684552
IRN,Iran,1980,187.7230598
IRN,Iran,1981,183.9910096
IRN,Iran,1982,228.0985932
IRN,Iran,1983,252.863528
IRN,Iran,1984,247.5112315
IRN,Iran,1985,261.7040164
IRN,Iran,1986,247.7118156
IRN,Iran,1987,264.009077
IRN,Iran,1988,265.5238421
IRN,Iran,1989,294.800039
IRN,Iran,1990,332.7630375
IRN,Iran,1991,377.986563
IRN,Iran,1992,402.6335283
IRN,Iran,1993,401.6774258
IRN,Iran,1994,442.8955028
IRN,Iran,1995,444.9305003
IRN,Iran,1996,463.5049652
IRN,Iran,1997,478.4678307
IRN,Iran,1998,464.1605194
IRN,Iran,1999,495.1652633
IRN,Iran,2000,525.5913053
IRN,Iran,2001,531.953454
IRN,Iran,2002,551.2753399
IRN,Iran,2003,600.2923528
IRN,Iran,2004,640.6542218
IRN,Iran,2005,683.5565201
IRN,Iran,2006,731.9266857
IRN,Iran,2007,764.32265
IRN,Iran,2008,770.8297967
IRN,Iran,2009,795.5272952
IRN,Iran,2010,807.1936381
IRN,Iran,2011,818.2598082
IRN,Iran,2012,813.1398767
IRN,Iran,2013,833.5124538
IRN,Iran,2014,858.4414876
IRN,Iran,2015,857.0215474
IRN,Iran,2016,904.8487844
IRN,Iran,2017,937.917338
IRN,Iran,2018,950.8282851
IRN,Iran,2019,915.8308156
IRN,Iran,2020,901.5556188
IRN,Iran,2021,936.5665682
IRN,Iran,2022,951.9836532
IRQ,Iraq,1970,100.5602743
IRQ,Iraq,1971,104.9714747
IRQ,Iraq,1972,96.05440727
IRQ,Iraq,1973,119.797703
IRQ,Iraq,1974,119.7580063
IRQ,Iraq,1975,135.7264418
IRQ,Iraq,1976,151.9381334
IRQ,Iraq,1977,145.495635
IRQ,Iraq,1978,158.9193644
IRQ,Iraq,1979,205.6991896
IRQ,Iraq,1980,168.6725066
IRQ,Iraq,1981,90.02853148
IRQ,Iraq,1982,93.2238271
IRQ,Iraq,1983,96.71977653
IRQ,Iraq,1984,110.766902
IRQ,Iraq,1985,127.5745264
IRQ,Iraq,1986,145.210322
IRQ,Iraq,1987,161.9129448
IRQ,Iraq,1988,192.2027471
IRQ,Iraq,1989,208.6818908
IRQ,Iraq,1990,169.632256
IRQ,Iraq,1991,80.13219824
IRQ,Iraq,1992,108.2454552
IRQ,Iraq,1993,137.998364
IRQ,Iraq,1994,150.0975565
IRQ,Iraq,1995,150.4221938
IRQ,Iraq,1996,140.0661204
IRQ,Iraq,1997,177.4002059
IRQ,Iraq,1998,157.4225803
IRQ,Iraq,1999,145.9040048
IRQ,Iraq,2000,165.7042799
IRQ,Iraq,2001,179.4335668
IRQ,Iraq,2002,168.4060422
IRQ,Iraq,2003,151.9854395
IRQ,Iraq,2004,169.5689841
IRQ,Iraq,2005,163.8489236
IRQ,Iraq,2006,163.6160196
IRQ,Iraq,2007,153.6746522
IRQ,Iraq,2008,170.2748079
IRQ,Iraq,2009,186.3024168
IRQ,Iraq,2010,209.7506998
IRQ,Iraq,2011,223.1021972
IRQ,Iraq,2012,252.0573167
IRQ,Iraq,2013,262.8178219
IRQ,Iraq,2014,263.679667
IRQ,Iraq,2015,273.1060804
IRQ,Iraq,2016,314.3774294
IRQ,Iraq,2017,330.7469057
IRQ,Iraq,2018,347.3218658
IRQ,Iraq,2019,367.1057944
IRQ,Iraq,2020,329.527812
IRQ,Iraq,2021,340.169037
IRQ,Iraq,2022,367.9410991
ISL,Iceland,1970,3.228730936
ISL,Iceland,1971,3.369720778
ISL,Iceland,1972,3.676074213
ISL,Iceland,1973,4.373394139
ISL,Iceland,1974,4.301426207
ISL,Iceland,1975,4.037660799
ISL,Iceland,1976,4.132746905
ISL,Iceland,1977,4.282017856
ISL,Iceland,1978,4.409212383
ISL,Iceland,1979,4.456512817
ISL,Iceland,1980,4.242290522
ISL,Iceland,1981,4.169318603
ISL,Iceland,1982,3.865777078
ISL,Iceland,1983,3.922639591
ISL,Iceland,1984,4.214128672
ISL,Iceland,1985,4.025021139
ISL,Iceland,1986,4.074343402
ISL,Iceland,1987,4.211804612
ISL,Iceland,1988,4.327646336
ISL,Iceland,1989,4.436207989
ISL,Iceland,1990,4.427560675
ISL,Iceland,1991,4.395186852
ISL,Iceland,1992,3.304846401
ISL,Iceland,1993,3.427045319
ISL,Iceland,1994,3.561315396
ISL,Iceland,1995,3.381420242
ISL,Iceland,1996,3.680175759
ISL,Iceland,1997,3.614224806
ISL,Iceland,1998,3.767931204
ISL,Iceland,1999,3.827048135
ISL,Iceland,2000,3.935336023
ISL,Iceland,2001,4.045275161
ISL,Iceland,2002,4.242259277
ISL,Iceland,2003,4.211178166
ISL,Iceland,2004,4.294483522
ISL,Iceland,2005,4.266438327
ISL,Iceland,2006,4.413036778
ISL,Iceland,2007,4.742115024
ISL,Iceland,2008,5.053410628
ISL,Iceland,2009,5.051067743
ISL,Iceland,2010,4.98903994
ISL,Iceland,2011,4.849578334
ISL,Iceland,2012,4.853009696
ISL,Iceland,2013,4.902804505
ISL,Iceland,2014,4.727425752
ISL,Iceland,2015,4.889963602
ISL,Iceland,2016,4.457600317
ISL,Iceland,2017,4.59067121
ISL,Iceland,2018,4.536684501
ISL,Iceland,2019,4.416538684
ISL,Iceland,2020,4.265571484
ISL,Iceland,2021,4.281490767
ISL,Iceland,2022,4.768241021
ISR,"Israel and Palestine, State of",1970,72.89790504
ISR,"Israel and Palestine, State of",1971,73.19997606
ISR,"Israel and Palestine, State of",1972,76.97931955
ISR,"Israel and Palestine, State of",1973,77.99076759
ISR,"Israel and Palestine, State of",1974,61.21472752
ISR,"Israel and Palestine, State of",1975,83.68899708
ISR,"Israel and Palestine, State of",1976,23.84177581
ISR,"Israel and Palestine, State of",1977,24.71179819
ISR,"Israel and Palestine, State of",1978,26.01560066
ISR,"Israel and Palestine, State of",1979,26.47301018
ISR,"Israel and Palestine, State of",1980,26.42426193
ISR,"Israel and Palestine, State of",1981,27.43330982
ISR,"Israel and Palestine, State of",1982,28.54557674
ISR,"Israel and Palestine, State of",1983,29.50272234
ISR,"Israel and Palestine, State of",1984,30.52649783
ISR,"Israel and Palestine, State of",1985,32.33708869
ISR,"Israel and Palestine, State of",1986,34.77574611
ISR,"Israel and Palestine, State of",1987,37.5691684
ISR,"Israel and Palestine, State of",1988,39.72575388
ISR,"Israel and Palestine, State of",1989,41.14610928
ISR,"Israel and Palestine, State of",1990,42.69290417
ISR,"Israel and Palestine, State of",1991,43.50825715
ISR,"Israel and Palestine, State of",1992,46.3534424
ISR,"Israel and Palestine, State of",1993,50.4088313
ISR,"Israel and Palestine, State of",1994,54.04481696
ISR,"Israel and Palestine, State of",1995,57.52516603
ISR,"Israel and Palestine, State of",1996,60.95031716
ISR,"Israel and Palestine, State of",1997,62.91052038
ISR,"Israel and Palestine, State of",1998,64.09660107
ISR,"Israel and Palestine, State of",1999,65.76406356
ISR,"Israel and Palestine, State of",2000,70.43456497
ISR,"Israel and Palestine, State of",2001,70.61716393
ISR,"Israel and Palestine, State of",2002,73.92793427
ISR,"Israel and Palestine, State of",2003,75.75910287
ISR,"Israel and Palestine, State of",2004,76.10800393
ISR,"Israel and Palestine, State of",2005,73.94074503
ISR,"Israel and Palestine, State of",2006,77.46596894
ISR,"Israel and Palestine, State of",2007,80.17701918
ISR,"Israel and Palestine, State of",2008,81.71376889
ISR,"Israel and Palestine, State of",2009,79.97508369
ISR,"Israel and Palestine, State of",2010,85.97875677
ISR,"Israel and Palestine, State of",2011,86.3887358
ISR,"Israel and Palestine, State of",2012,92.57953683
ISR,"Israel and Palestine, State of",2013,85.16111796
ISR,"Israel and Palestine, State of",2014,82.98420025
ISR,"Israel and Palestine, State of",2015,86.8786517
ISR,"Israel and Palestine, State of",2016,87.58436794
ISR,"Israel and Palestine, State of",2017,87.7275855
ISR,"Israel and Palestine, State of",2018,84.40597915
ISR,"Israel and Palestine, State of",2019,86.20352723
ISR,"Israel and Palestine, State of",2020,83.57563566
ISR,"Israel and Palestine, State of",2021,84.45446219
ISR,"Israel and Palestine, State of",2022,87.75374912
ITA,"Italy, San Marino and the Holy See",1970,395.944813
ITA,"Italy, San Marino and the Holy See",1971,412.3845847
ITA,"Italy, San Marino and the Holy See",1972,429.7337481
ITA,"Italy, San Marino and the Holy See",1973,453.8505538
ITA,"Italy, San Marino and the Holy See",1974,454.3146441
ITA,"Italy, San Marino and the Holy See",1975,436.3158105
ITA,"Italy, San Marino and the Holy See",1976,467.1188251
ITA,"Italy, San Marino and the Holy See",1977,456.5052042
ITA,"Italy, San Marino and the Holy See",1978,466.895987
ITA,"Italy, San Marino and the Holy See",1979,483.5986092
ITA,"Italy, San Marino and the Holy See",1980,484.7757255
ITA,"Italy, San Marino and the Holy See",1981,472.2810993
ITA,"Italy, San Marino and the Holy See",1982,463.4527654
ITA,"Italy, San Marino and the Holy See",1983,456.3602936
ITA,"Italy, San Marino and the Holy See",1984,465.107497
ITA,"Italy, San Marino and the Holy See",1985,465.6966915
ITA,"Italy, San Marino and the Holy See",1986,468.741379
ITA,"Italy, San Marino and the Holy See",1987,495.1089927
ITA,"Italy, San Marino and the Holy See",1988,495.8504159
ITA,"Italy, San Marino and the Holy See",1989,512.5148616
ITA,"Italy, San Marino and the Holy See",1990,513.7378997
ITA,"Italy, San Marino and the Holy See",1991,511.2486455
ITA,"Italy, San Marino and the Holy See",1992,505.9689491
ITA,"Italy, San Marino and the Holy See",1993,499.5601603
ITA,"Italy, San Marino and the Holy See",1994,495.6471257
ITA,"Italy, San Marino and the Holy See",1995,522.3065422
ITA,"Italy, San Marino and the Holy See",1996,518.3113928
ITA,"Italy, San Marino and the Holy See",1997,522.3553153
ITA,"Italy, San Marino and the Holy See",1998,531.9492747
ITA,"Italy, San Marino and the Holy See",1999,539.3239589
ITA,"Italy, San Marino and the Holy See",2000,545.7796484
ITA,"Italy, San Marino and the Holy See",2001,542.3183974
ITA,"Italy, San Marino and the Holy See",2002,551.7340076
ITA,"Italy, San Marino and the Holy See",2003,570.4968684
ITA,"Italy, San Marino and the Holy See",2004,579.5875688
ITA,"Italy, San Marino and the Holy See",2005,580.4265055
ITA,"Italy, San Marino and the Holy See",2006,568.2346081
ITA,"Italy, San Marino and the Holy See",2007,560.8978188
ITA,"Italy, San Marino and the Holy See",2008,545.4066153
ITA,"Italy, San Marino and the Holy See",2009,493.3559623
ITA,"Italy, San Marino and the Holy See",2010,503.6346492
ITA,"Italy, San Marino and the Holy See",2011,492.288896
ITA,"Italy, San Marino and the Holy See",2012,473.3430664
ITA,"Italy, San Marino and the Holy See",2013,440.1302063
ITA,"Italy, San Marino and the Holy See",2014,420.0837263
ITA,"Italy, San Marino and the Holy See",2015,430.2971177
ITA,"Italy, San Marino and the Holy See",2016,424.9797814
ITA,"Italy, San Marino and the Holy See",2017,422.7961054
ITA,"Italy, San Marino and the Holy See",2018,417.5718542
ITA,"Italy, San Marino and the Holy See",2019,405.3295207
ITA,"Italy, San Marino and the Holy See",2020,367.4146472
ITA,"Italy, San Marino and the Holy See",2021,392.9576535
ITA,"Italy, San Marino and the Holy See",2022,394.7478745
JAM,Jamaica,1970,9.414907047
JAM,Jamaica,1971,9.416192492
JAM,Jamaica,1972,9.383081189
JAM,Jamaica,1973,9.933005465
JAM,Jamaica,1974,10.25078496
JAM,Jamaica,1975,8.856917713
JAM,Jamaica,1976,8.02350537
JAM,Jamaica,1977,8.647613991
JAM,Jamaica,1978,8.812824055
JAM,Jamaica,1979,8.53416728
JAM,Jamaica,1980,8.312264383
JAM,Jamaica,1981,8.220276702
JAM,Jamaica,1982,7.270848949
JAM,Jamaica,1983,7.438822314
JAM,Jamaica,1984,7.094734935
JAM,Jamaica,1985,6.4469451
JAM,Jamaica,1986,6.308111412
JAM,Jamaica,1987,6.485777471
JAM,Jamaica,1988,6.699121832
JAM,Jamaica,1989,8.136023658
JAM,Jamaica,1990,9.289700202
JAM,Jamaica,1991,9.323832569
JAM,Jamaica,1992,10.25217409
JAM,Jamaica,1993,10.43318424
JAM,Jamaica,1994,10.48135832
JAM,Jamaica,1995,10.84163596
JAM,Jamaica,1996,11.18225523
JAM,Jamaica,1997,11.37980322
JAM,Jamaica,1998,11.89546508
JAM,Jamaica,1999,12.19752709
JAM,Jamaica,2000,12.25285948
JAM,Jamaica,2001,12.32377611
JAM,Jamaica,2002,12.2790139
JAM,Jamaica,2003,12.65599425
JAM,Jamaica,2004,12.61288322
JAM,Jamaica,2005,12.59849225
JAM,Jamaica,2006,13.99248732
JAM,Jamaica,2007,13.89088125
JAM,Jamaica,2008,11.47815391
JAM,Jamaica,2009,9.628878311
JAM,Jamaica,2010,9.245136128
JAM,Jamaica,2011,9.179846647
JAM,Jamaica,2012,8.599012337
JAM,Jamaica,2013,9.067765891
JAM,Jamaica,2014,8.816489628
JAM,Jamaica,2015,8.689047239
JAM,Jamaica,2016,9.214524807
JAM,Jamaica,2017,8.921502876
JAM,Jamaica,2018,10.32766621
JAM,Jamaica,2019,10.07859361
JAM,Jamaica,2020,7.496857881
JAM,Jamaica,2021,7.701650062
JAM,Jamaica,2022,7.706846171
JOR,Jordan,1970,3.730415766
JOR,Jordan,1971,3.849551369
JOR,Jordan,1972,3.459039497
JOR,Jordan,1973,3.831898893
JOR,Jordan,1974,4.065647827
JOR,Jordan,1975,4.394077274
JOR,Jordan,1976,4.98481642
JOR,Jordan,1977,5.167176714
JOR,Jordan,1978,6.061835725
JOR,Jordan,1979,6.46756193
JOR,Jordan,1980,7.855211964
JOR,Jordan,1981,8.959053149
JOR,Jordan,1982,9.48895301
JOR,Jordan,1983,10.76442853
JOR,Jordan,1984,11.68494988
JOR,Jordan,1985,12.05172208
JOR,Jordan,1986,12.66603984
JOR,Jordan,1987,14.07060635
JOR,Jordan,1988,13.77802275
JOR,Jordan,1989,11.81565114
JOR,Jordan,1990,12.54182415
JOR,Jordan,1991,12.88111038
JOR,Jordan,1992,15.05374988
JOR,Jordan,1993,15.67607857
JOR,Jordan,1994,16.27947509
JOR,Jordan,1995,17.28201293
JOR,Jordan,1996,17.65507154
JOR,Jordan,1997,18.23323956
JOR,Jordan,1998,18.57400436
JOR,Jordan,1999,18.7472969
JOR,Jordan,2000,20.4622868
JOR,Jordan,2001,20.69903001
JOR,Jordan,2002,21.63585041
JOR,Jordan,2003,22.31991239
JOR,Jordan,2004,23.9236056
JOR,Jordan,2005,25.59342313
JOR,Jordan,2006,26.00013108
JOR,Jordan,2007,27.12917612
JOR,Jordan,2008,26.83923142
JOR,Jordan,2009,27.39348685
JOR,Jordan,2010,27.14479506
JOR,Jordan,2011,28.0123521
JOR,Jordan,2012,31.85705404
JOR,Jordan,2013,31.62294336
JOR,Jordan,2014,33.83799216
JOR,Jordan,2015,33.91811509
JOR,Jordan,2016,34.11300528
JOR,Jordan,2017,35.69383833
JOR,Jordan,2018,34.75936381
JOR,Jordan,2019,33.39196807
JOR,Jordan,2020,31.50156323
JOR,Jordan,2021,33.53708569
JOR,Jordan,2022,34.53918911
JPN,Japan,1970,1022.184754
JPN,Japan,1971,1012.148872
JPN,Japan,1972,1055.280264
JPN,Japan,1973,1169.07303
JPN,Japan,1974,1164.31571
JPN,Japan,1975,1106.192937
JPN,Japan,1976,1142.406436
JPN,Japan,1977,1170.299934
JPN,Japan,1978,1164.623085
JPN,Japan,1979,1190.292525
JPN,Japan,1980,1160.570388
JPN,Japan,1981,1133.938011
JPN,Japan,1982,1091.288144
JPN,Japan,1983,1094.952311
JPN,Japan,1984,1168.078547
JPN,Japan,1985,1140.243658
JPN,Japan,1986,1135.985275
JPN,Japan,1987,1138.425173
JPN,Japan,1988,1212.831076
JPN,Japan,1989,1243.766927
JPN,Japan,1990,1321.807658
JPN,Japan,1991,1335.787895
JPN,Japan,1992,1345.146638
JPN,Japan,1993,1341.398987
JPN,Japan,1994,1402.799415
JPN,Japan,1995,1420.08958
JPN,Japan,1996,1432.44078
JPN,Japan,1997,1414.002563
JPN,Japan,1998,1357.915659
JPN,Japan,1999,1388.649053
JPN,Japan,2000,1391.881399
JPN,Japan,2001,1369.343774
JPN,Japan,2002,1398.019151
JPN,Japan,2003,1402.547569
JPN,Japan,2004,1393.421422
JPN,Japan,2005,1402.607512
JPN,Japan,2006,1373.099376
JPN,Japan,2007,1408.242216
JPN,Japan,2008,1331.911447
JPN,Japan,2009,1263.838126
JPN,Japan,2010,1326.719915
JPN,Japan,2011,1376.0541
JPN,Japan,2012,1413.390503
JPN,Japan,2013,1429.64623
JPN,Japan,2014,1377.610285
JPN,Japan,2015,1335.567909
JPN,Japan,2016,1321.962918
JPN,Japan,2017,1306.923414
JPN,Japan,2018,1265.994721
JPN,Japan,2019,1226.885871
JPN,Japan,2020,1161.77542
JPN,Japan,2021,1175.420828
JPN,Japan,2022,1182.769894
KAZ,Kazakhstan,1970,259.4609861
KAZ,Kazakhstan,1971,264.1933825
KAZ,Kazakhstan,1972,271.7770604
KAZ,Kazakhstan,1973,281.1560143
KAZ,Kazakhstan,1974,287.1222682
KAZ,Kazakhstan,1975,293.9231527
KAZ,Kazakhstan,1976,299.3631368
KAZ,Kazakhstan,1977,299.825285
KAZ,Kazakhstan,1978,304.7249105
KAZ,Kazakhstan,1979,306.4059484
KAZ,Kazakhstan,1980,306.695109
KAZ,Kazakhstan,1981,297.1886129
KAZ,Kazakhstan,1982,292.3657304
KAZ,Kazakhstan,1983,291.0210351
KAZ,Kazakhstan,1984,297.2523304
KAZ,Kazakhstan,1985,288.855064
KAZ,Kazakhstan,1986,290.9706674
KAZ,Kazakhstan,1987,297.0571144
KAZ,Kazakhstan,1988,301.9601975
KAZ,Kazakhstan,1989,303.6013043
KAZ,Kazakhstan,1990,349.5406818
KAZ,Kazakhstan,1991,355.9935331
KAZ,Kazakhstan,1992,360.394615
KAZ,Kazakhstan,1993,314.6274253
KAZ,Kazakhstan,1994,280.547168
KAZ,Kazakhstan,1995,244.3963178
KAZ,Kazakhstan,1996,215.6562948
KAZ,Kazakhstan,1997,189.0538819
KAZ,Kazakhstan,1998,188.5427498
KAZ,Kazakhstan,1999,174.1041954
KAZ,Kazakhstan,2000,178.7686538
KAZ,Kazakhstan,2001,177.1471578
KAZ,Kazakhstan,2002,193.3829496
KAZ,Kazakhstan,2003,213.466647
KAZ,Kazakhstan,2004,228.7023051
KAZ,Kazakhstan,2005,243.1687185
KAZ,Kazakhstan,2006,268.9716893
KAZ,Kazakhstan,2007,282.5560168
KAZ,Kazakhstan,2008,327.4736503
KAZ,Kazakhstan,2009,300.8532776
KAZ,Kazakhstan,2010,320.3283004
KAZ,Kazakhstan,2011,339.331914
KAZ,Kazakhstan,2012,337.5456445
KAZ,Kazakhstan,2013,357.3698162
KAZ,Kazakhstan,2014,310.2132141
KAZ,Kazakhstan,2015,276.0352102
KAZ,Kazakhstan,2016,289.6558293
KAZ,Kazakhstan,2017,308.907678
KAZ,Kazakhstan,2018,313.8993226
KAZ,Kazakhstan,2019,300.3445094
KAZ,Kazakhstan,2020,308.4424462
KAZ,Kazakhstan,2021,319.1182862
KAZ,Kazakhstan,2022,331.5301522
KEN,Kenya,1970,24.91239675
KEN,Kenya,1971,25.37522571
KEN,Kenya,1972,26.1303542
KEN,Kenya,1973,26.59259239
KEN,Kenya,1974,27.00511526
KEN,Kenya,1975,27.3451693
KEN,Kenya,1976,27.83562171
KEN,Kenya,1977,28.72073649
KEN,Kenya,1978,30.44639454
KEN,Kenya,1979,32.35850575
KEN,Kenya,1980,31.09204694
KEN,Kenya,1981,31.00806162
KEN,Kenya,1982,32.79391605
KEN,Kenya,1983,35.04844724
KEN,Kenya,1984,36.73852596
KEN,Kenya,1985,36.81868098
KEN,Kenya,1986,38.13714059
KEN,Kenya,1987,38.58845121
KEN,Kenya,1988,40.52515229
KEN,Kenya,1989,42.05974341
KEN,Kenya,1990,42.67480048
KEN,Kenya,1991,41.9826679
KEN,Kenya,1992,42.57588734
KEN,Kenya,1993,43.14012179
KEN,Kenya,1994,43.8859529
KEN,Kenya,1995,44.70304575
KEN,Kenya,1996,44.06286894
KEN,Kenya,1997,44.1873459
KEN,Kenya,1998,45.35374385
KEN,Kenya,1999,48.30803282
KEN,Kenya,2000,47.45855577
KEN,Kenya,2001,48.58627498
KEN,Kenya,2002,51.14103328
KEN,Kenya,2003,52.6443957
KEN,Kenya,2004,57.20593441
KEN,Kenya,2005,59.85850651
KEN,Kenya,2006,58.83774203
KEN,Kenya,2007,78.83086351
KEN,Kenya,2008,83.79281626
KEN,Kenya,2009,82.91623055
KEN,Kenya,2010,86.72565986
KEN,Kenya,2011,87.80595438
KEN,Kenya,2012,86.42128729
KEN,Kenya,2013,86.98823607
KEN,Kenya,2014,89.62035697
KEN,Kenya,2015,92.11412277
KEN,Kenya,2016,98.68315598
KEN,Kenya,2017,96.05003942
KEN,Kenya,2018,98.5709194
KEN,Kenya,2019,107.9890575
KEN,Kenya,2020,109.7105809
KEN,Kenya,2021,114.2652098
KEN,Kenya,2022,117.894791
KGZ,Kyrgyzstan,1970,20.06082815
KGZ,Kyrgyzstan,1971,20.8983227
KGZ,Kyrgyzstan,1972,21.85689531
KGZ,Kyrgyzstan,1973,22.76853293
KGZ,Kyrgyzstan,1974,23.78089607
KGZ,Kyrgyzstan,1975,24.92085366
KGZ,Kyrgyzstan,1976,25.47473837
KGZ,Kyrgyzstan,1977,25.94941939
KGZ,Kyrgyzstan,1978,26.77716644
KGZ,Kyrgyzstan,1979,27.34007748
KGZ,Kyrgyzstan,1980,28.27863456
KGZ,Kyrgyzstan,1981,27.98650031
KGZ,Kyrgyzstan,1982,27.84791373
KGZ,Kyrgyzstan,1983,27.68219053
KGZ,Kyrgyzstan,1984,27.79701447
KGZ,Kyrgyzstan,1985,27.81436037
KGZ,Kyrgyzstan,1986,28.27853337
KGZ,Kyrgyzstan,1987,29.08660731
KGZ,Kyrgyzstan,1988,29.34009169
KGZ,Kyrgyzstan,1989,29.34154616
KGZ,Kyrgyzstan,1990,33.70270251
KGZ,Kyrgyzstan,1991,30.96510653
KGZ,Kyrgyzstan,1992,22.97506001
KGZ,Kyrgyzstan,1993,18.58148558
KGZ,Kyrgyzstan,1994,14.06763836
KGZ,Kyrgyzstan,1995,10.86874493
KGZ,Kyrgyzstan,1996,11.67620187
KGZ,Kyrgyzstan,1997,12.10593503
KGZ,Kyrgyzstan,1998,12.469834
KGZ,Kyrgyzstan,1999,11.31984713
KGZ,Kyrgyzstan,2000,11.29210666
KGZ,Kyrgyzstan,2001,10.47194821
KGZ,Kyrgyzstan,2002,11.56242046
KGZ,Kyrgyzstan,2003,12.24688232
KGZ,Kyrgyzstan,2004,12.19156299
KGZ,Kyrgyzstan,2005,12.04513191
KGZ,Kyrgyzstan,2006,11.93068059
KGZ,Kyrgyzstan,2007,13.27846157
KGZ,Kyrgyzstan,2008,14.65400047
KGZ,Kyrgyzstan,2009,14.61724233
KGZ,Kyrgyzstan,2010,14.37091221
KGZ,Kyrgyzstan,2011,16.47283201
KGZ,Kyrgyzstan,2012,18.5093273
KGZ,Kyrgyzstan,2013,18.47503683
KGZ,Kyrgyzstan,2014,19.45763551
KGZ,Kyrgyzstan,2015,19.95394841
KGZ,Kyrgyzstan,2016,19.76183512
KGZ,Kyrgyzstan,2017,20.10158804
KGZ,Kyrgyzstan,2018,22.2065385
KGZ,Kyrgyzstan,2019,21.27667842
KGZ,Kyrgyzstan,2020,20.33120131
KGZ,Kyrgyzstan,2021,21.47396657
KGZ,Kyrgyzstan,2022,21.9395935
KHM,Cambodia,1970,26.30100591
KHM,Cambodia,1971,22.02975889
KHM,Cambodia,1972,18.14417482
KHM,Cambodia,1973,13.57647077
KHM,Cambodia,1974,11.36749141
KHM,Cambodia,1975,12.53388199
KHM,Cambodia,1976,12.03462068
KHM,Cambodia,1977,11.54141122
KHM,Cambodia,1978,11.22770874
KHM,Cambodia,1979,9.287613912
KHM,Cambodia,1980,13.97047423
KHM,Cambodia,1981,13.42367305
KHM,Cambodia,1982,16.64004976
KHM,Cambodia,1983,16.75774554
KHM,Cambodia,1984,13.06339405
KHM,Cambodia,1985,16.3729078
KHM,Cambodia,1986,17.17658139
KHM,Cambodia,1987,16.58953905
KHM,Cambodia,1988,19.42393074
KHM,Cambodia,1989,20.29705842
KHM,Cambodia,1990,20.26491759
KHM,Cambodia,1991,19.64174355
KHM,Cambodia,1992,20.0068211
KHM,Cambodia,1993,20.77679883
KHM,Cambodia,1994,18.90471368
KHM,Cambodia,1995,23.76304794
KHM,Cambodia,1996,23.68873698
KHM,Cambodia,1997,24.13064375
KHM,Cambodia,1998,24.22542268
KHM,Cambodia,1999,24.70010849
KHM,Cambodia,2000,24.14345058
KHM,Cambodia,2001,24.88673396
KHM,Cambodia,2002,25.10938524
KHM,Cambodia,2003,27.09406201
KHM,Cambodia,2004,26.73305217
KHM,Cambodia,2005,28.92350462
KHM,Cambodia,2006,30.47530665
KHM,Cambodia,2007,31.58955604
KHM,Cambodia,2008,32.35999415
KHM,Cambodia,2009,33.80464711
KHM,Cambodia,2010,34.35004295
KHM,Cambodia,2011,35.67723233
KHM,Cambodia,2012,35.3738643
KHM,Cambodia,2013,35.21419953
KHM,Cambodia,2014,36.0337003
KHM,Cambodia,2015,37.39377605
KHM,Cambodia,2016,40.03567393
KHM,Cambodia,2017,42.48853383
KHM,Cambodia,2018,43.61431193
KHM,Cambodia,2019,47.60180983
KHM,Cambodia,2020,48.59617155
KHM,Cambodia,2021,49.68953943
KHM,Cambodia,2022,50.01626527
KIR,Kiribati,1970,0.027219954
KIR,Kiribati,1971,0.027883604
KIR,Kiribati,1972,0.029627104
KIR,Kiribati,1973,0.034232991
KIR,Kiribati,1974,0.040195893
KIR,Kiribati,1975,0.035468656
KIR,Kiribati,1976,0.035513399
KIR,Kiribati,1977,0.037358828
KIR,Kiribati,1978,0.037500627
KIR,Kiribati,1979,0.039835264
KIR,Kiribati,1980,0.042380844
KIR,Kiribati,1981,0.042475527
KIR,Kiribati,1982,0.042565787
KIR,Kiribati,1983,0.042737964
KIR,Kiribati,1984,0.02731911
KIR,Kiribati,1985,0.029286619
KIR,Kiribati,1986,0.028434035
KIR,Kiribati,1987,0.033404717
KIR,Kiribati,1988,0.034107023
KIR,Kiribati,1989,0.034120795
KIR,Kiribati,1990,0.03511822
KIR,Kiribati,1991,0.035059422
KIR,Kiribati,1992,0.035270282
KIR,Kiribati,1993,0.035114198
KIR,Kiribati,1994,0.03609507
KIR,Kiribati,1995,0.035786263
KIR,Kiribati,1996,0.036658577
KIR,Kiribati,1997,0.038079193
KIR,Kiribati,1998,0.03924494
KIR,Kiribati,1999,0.039046046
KIR,Kiribati,2000,0.058724334
KIR,Kiribati,2001,0.054507534
KIR,Kiribati,2002,0.070263202
KIR,Kiribati,2003,0.071874554
KIR,Kiribati,2004,0.073862279
KIR,Kiribati,2005,0.090855706
KIR,Kiribati,2006,0.095967279
KIR,Kiribati,2007,0.088155741
KIR,Kiribati,2008,0.096071799
KIR,Kiribati,2009,0.08781231
KIR,Kiribati,2010,0.090323819
KIR,Kiribati,2011,0.086805474
KIR,Kiribati,2012,0.086242024
KIR,Kiribati,2013,0.090745156
KIR,Kiribati,2014,0.091956492
KIR,Kiribati,2015,0.095358494
KIR,Kiribati,2016,0.101863177
KIR,Kiribati,2017,0.113678827
KIR,Kiribati,2018,0.115014954
KIR,Kiribati,2019,0.12039629
KIR,Kiribati,2020,0.104262152
KIR,Kiribati,2021,0.107676298
KIR,Kiribati,2022,0.110024993
KNA,Saint Kitts and Nevis,1970,0.065440159
KNA,Saint Kitts and Nevis,1971,0.066947018
KNA,Saint Kitts and Nevis,1972,0.070208691
KNA,Saint Kitts and Nevis,1973,0.069681466
KNA,Saint Kitts and Nevis,1974,0.068046847
KNA,Saint Kitts and Nevis,1975,0.071427984
KNA,Saint Kitts and Nevis,1976,0.071699058
KNA,Saint Kitts and Nevis,1977,0.074173555
KNA,Saint Kitts and Nevis,1978,0.074183607
KNA,Saint Kitts and Nevis,1979,0.07398977
KNA,Saint Kitts and Nevis,1980,0.073005609
KNA,Saint Kitts and Nevis,1981,0.071848522
KNA,Saint Kitts and Nevis,1982,0.070846974
KNA,Saint Kitts and Nevis,1983,0.068643026
KNA,Saint Kitts and Nevis,1984,0.070699331
KNA,Saint Kitts and Nevis,1985,0.069819779
KNA,Saint Kitts and Nevis,1986,0.067342857
KNA,Saint Kitts and Nevis,1987,0.067836078
KNA,Saint Kitts and Nevis,1988,0.069969644
KNA,Saint Kitts and Nevis,1989,0.069333932
KNA,Saint Kitts and Nevis,1990,0.066372865
KNA,Saint Kitts and Nevis,1991,0.073386645
KNA,Saint Kitts and Nevis,1992,0.075046804
KNA,Saint Kitts and Nevis,1993,0.079925734
KNA,Saint Kitts and Nevis,1994,0.085259547
KNA,Saint Kitts and Nevis,1995,0.079575937
KNA,Saint Kitts and Nevis,1996,0.085843216
KNA,Saint Kitts and Nevis,1997,0.089205087
KNA,Saint Kitts and Nevis,1998,0.089695972
KNA,Saint Kitts and Nevis,1999,0.08815887
KNA,Saint Kitts and Nevis,2000,0.098572678
KNA,Saint Kitts and Nevis,2001,0.10090292
KNA,Saint Kitts and Nevis,2002,0.107163686
KNA,Saint Kitts and Nevis,2003,0.110137575
KNA,Saint Kitts and Nevis,2004,0.117494841
KNA,Saint Kitts and Nevis,2005,0.111402395
KNA,Saint Kitts and Nevis,2006,0.115128153
KNA,Saint Kitts and Nevis,2007,0.124695278
KNA,Saint Kitts and Nevis,2008,0.12994077
KNA,Saint Kitts and Nevis,2009,0.139834439
KNA,Saint Kitts and Nevis,2010,0.148407878
KNA,Saint Kitts and Nevis,2011,0.129234818
KNA,Saint Kitts and Nevis,2012,0.126651935
KNA,Saint Kitts and Nevis,2013,0.142278017
KNA,Saint Kitts and Nevis,2014,0.143912588
KNA,Saint Kitts and Nevis,2015,0.145235168
KNA,Saint Kitts and Nevis,2016,0.153477762
KNA,Saint Kitts and Nevis,2017,0.144306682
KNA,Saint Kitts and Nevis,2018,0.157720534
KNA,Saint Kitts and Nevis,2019,0.17056661
KNA,Saint Kitts and Nevis,2020,0.15224506
KNA,Saint Kitts and Nevis,2021,0.149040802
KNA,Saint Kitts and Nevis,2022,0.153296577
KOR,South Korea,1970,103.319794
KOR,South Korea,1971,103.8698008
KOR,South Korea,1972,105.9965626
KOR,South Korea,1973,122.5713371
KOR,South Korea,1974,128.9142475
KOR,South Korea,1975,137.5283032
KOR,South Korea,1976,147.1559023
KOR,South Korea,1977,162.6146747
KOR,South Korea,1978,170.4588046
KOR,South Korea,1979,188.1586396
KOR,South Korea,1980,190.7285035
KOR,South Korea,1981,197.463897
KOR,South Korea,1982,196.6977674
KOR,South Korea,1983,212.5125223
KOR,South Korea,1984,235.6004688
KOR,South Korea,1985,246.2112637
KOR,South Korea,1986,255.3421694
KOR,South Korea,1987,260.9705288
KOR,South Korea,1988,287.099754
KOR,South Korea,1989,298.3645284
KOR,South Korea,1990,330.373859
KOR,South Korea,1991,360.4596321
KOR,South Korea,1992,381.5568659
KOR,South Korea,1993,406.2074617
KOR,South Korea,1994,435.6178921
KOR,South Korea,1995,469.9371248
KOR,South Korea,1996,500.4414654
KOR,South Korea,1997,529.9444738
KOR,South Korea,1998,456.0931097
KOR,South Korea,1999,495.504464
KOR,South Korea,2000,545.1822621
KOR,South Korea,2001,550.6305129
KOR,South Korea,2002,557.9137343
KOR,South Korea,2003,559.8020216
KOR,South Korea,2004,582.1922236
KOR,South Korea,2005,582.5197744
KOR,South Korea,2006,590.0140702
KOR,South Korea,2007,604.1590569
KOR,South Korea,2008,612.1236296
KOR,South Korea,2009,621.4527653
KOR,South Korea,2010,673.323862
KOR,South Korea,2011,702.4103049
KOR,South Korea,2012,707.587391
KOR,South Korea,2013,705.2427013
KOR,South Korea,2014,701.2293501
KOR,South Korea,2015,719.3818191
KOR,South Korea,2016,735.484309
KOR,South Korea,2017,745.5472767
KOR,South Korea,2018,750.2599167
KOR,South Korea,2019,731.3344448
KOR,South Korea,2020,699.6526338
KOR,South Korea,2021,730.8445447
KOR,South Korea,2022,725.7436351
KWT,Kuwait,1970,73.34176725
KWT,Kuwait,1971,75.94218012
KWT,Kuwait,1972,79.31209601
KWT,Kuwait,1973,72.41339862
KWT,Kuwait,1974,60.63413745
KWT,Kuwait,1975,51.46193771
KWT,Kuwait,1976,52.89723354
KWT,Kuwait,1977,50.98715026
KWT,Kuwait,1978,57.28124118
KWT,Kuwait,1979,67.09711235
KWT,Kuwait,1980,55.82326805
KWT,Kuwait,1981,47.98445058
KWT,Kuwait,1982,46.62408502
KWT,Kuwait,1983,52.21669238
KWT,Kuwait,1984,54.35820591
KWT,Kuwait,1985,58.08778588
KWT,Kuwait,1986,64.68523417
KWT,Kuwait,1987,69.39394976
KWT,Kuwait,1988,79.89880258
KWT,Kuwait,1989,93.1924148
KWT,Kuwait,1990,49.86817298
KWT,Kuwait,1991,46.05912941
KWT,Kuwait,1992,45.04124992
KWT,Kuwait,1993,62.38717193
KWT,Kuwait,1994,70.84554317
KWT,Kuwait,1995,68.67940007
KWT,Kuwait,1996,69.16900927
KWT,Kuwait,1997,73.85987165
KWT,Kuwait,1998,75.07830254
KWT,Kuwait,1999,77.48129926
KWT,Kuwait,2000,86.18218314
KWT,Kuwait,2001,88.13495793
KWT,Kuwait,2002,91.63655792
KWT,Kuwait,2003,101.4183121
KWT,Kuwait,2004,106.0651613
KWT,Kuwait,2005,117.4733421
KWT,Kuwait,2006,120.7625731
KWT,Kuwait,2007,116.7500538
KWT,Kuwait,2008,121.5659313
KWT,Kuwait,2009,120.9071881
KWT,Kuwait,2010,124.123138
KWT,Kuwait,2011,130.9149701
KWT,Kuwait,2012,134.7722014
KWT,Kuwait,2013,137.6612787
KWT,Kuwait,2014,135.8803779
KWT,Kuwait,2015,140.9755963
KWT,Kuwait,2016,145.7736345
KWT,Kuwait,2017,144.1123376
KWT,Kuwait,2018,147.8620749
KWT,Kuwait,2019,149.6843094
KWT,Kuwait,2020,148.8945956
KWT,Kuwait,2021,156.0550807
KWT,Kuwait,2022,167.8619569
LAO,Laos,1970,7.219879107
LAO,Laos,1971,7.107990212
LAO,Laos,1972,7.016905613
LAO,Laos,1973,6.974553586
LAO,Laos,1974,7.108063503
LAO,Laos,1975,6.930229366
LAO,Laos,1976,6.000849106
LAO,Laos,1977,6.322308381
LAO,Laos,1978,6.517486488
LAO,Laos,1979,7.242767348
LAO,Laos,1980,7.839031358
LAO,Laos,1981,7.687803342
LAO,Laos,1982,7.856396996
LAO,Laos,1983,7.592767286
LAO,Laos,1984,7.607197101
LAO,Laos,1985,7.631057121
LAO,Laos,1986,7.682736734
LAO,Laos,1987,7.403789516
LAO,Laos,1988,7.411573905
LAO,Laos,1989,7.823745359
LAO,Laos,1990,8.240323843
LAO,Laos,1991,8.059503267
LAO,Laos,1992,8.347284216
LAO,Laos,1993,8.423514999
LAO,Laos,1994,8.885374823
LAO,Laos,1995,9.01582696
LAO,Laos,1996,9.314774677
LAO,Laos,1997,9.645343034
LAO,Laos,1998,9.334320058
LAO,Laos,1999,9.395396245
LAO,Laos,2000,10.3435882
LAO,Laos,2001,10.75828793
LAO,Laos,2002,11.05216955
LAO,Laos,2003,11.39521343
LAO,Laos,2004,11.90225434
LAO,Laos,2005,11.73591643
LAO,Laos,2006,12.33618388
LAO,Laos,2007,12.86516006
LAO,Laos,2008,13.56518483
LAO,Laos,2009,14.58210212
LAO,Laos,2010,15.48383496
LAO,Laos,2011,15.51473652
LAO,Laos,2012,16.63461591
LAO,Laos,2013,17.24936848
LAO,Laos,2014,18.19388762
LAO,Laos,2015,23.20975795
LAO,Laos,2016,30.84985587
LAO,Laos,2017,34.18590881
LAO,Laos,2018,34.84394275
LAO,Laos,2019,34.70249689
LAO,Laos,2020,35.49266485
LAO,Laos,2021,36.61982302
LAO,Laos,2022,36.86154367
LBN,Lebanon,1970,6.966893636
LBN,Lebanon,1971,7.143309103
LBN,Lebanon,1972,7.707470595
LBN,Lebanon,1973,9.155601146
LBN,Lebanon,1974,9.207254491
LBN,Lebanon,1975,8.299001458
LBN,Lebanon,1976,7.924001066
LBN,Lebanon,1977,7.065506339
LBN,Lebanon,1978,8.375074777
LBN,Lebanon,1979,9.230335143
LBN,Lebanon,1980,9.380230957
LBN,Lebanon,1981,9.50493058
LBN,Lebanon,1982,7.514363186
LBN,Lebanon,1983,7.892472721
LBN,Lebanon,1984,8.055939197
LBN,Lebanon,1985,9.080672084
LBN,Lebanon,1986,9.501452883
LBN,Lebanon,1987,9.691834283
LBN,Lebanon,1988,7.918662414
LBN,Lebanon,1989,8.008698778
LBN,Lebanon,1990,8.059731079
LBN,Lebanon,1991,9.696798969
LBN,Lebanon,1992,10.39272826
LBN,Lebanon,1993,13.97849347
LBN,Lebanon,1994,15.16238637
LBN,Lebanon,1995,17.33733972
LBN,Lebanon,1996,18.02746546
LBN,Lebanon,1997,19.59906027
LBN,Lebanon,1998,19.61803383
LBN,Lebanon,1999,20.18145327
LBN,Lebanon,2000,18.65493605
LBN,Lebanon,2001,20.09708096
LBN,Lebanon,2002,20.23546344
LBN,Lebanon,2003,20.51012632
LBN,Lebanon,2004,20.95220214
LBN,Lebanon,2005,20.98047213
LBN,Lebanon,2006,20.63935371
LBN,Lebanon,2007,19.49189223
LBN,Lebanon,2008,22.94367181
LBN,Lebanon,2009,26.42678312
LBN,Lebanon,2010,25.59528168
LBN,Lebanon,2011,26.19874434
LBN,Lebanon,2012,29.01088054
LBN,Lebanon,2013,28.92811118
LBN,Lebanon,2014,31.07727295
LBN,Lebanon,2015,33.36404217
LBN,Lebanon,2016,34.62022555
LBN,Lebanon,2017,36.32470205
LBN,Lebanon,2018,34.68863328
LBN,Lebanon,2019,34.47402338
LBN,Lebanon,2020,29.17350956
LBN,Lebanon,2021,30.62574323
LBN,Lebanon,2022,31.92680519
LBR,Liberia,1970,1.668989824
LBR,Liberia,1971,1.692226578
LBR,Liberia,1972,1.721544408
LBR,Liberia,1973,1.781619973
LBR,Liberia,1974,1.850854113
LBR,Liberia,1975,1.895444353
LBR,Liberia,1976,1.953827944
LBR,Liberia,1977,2.123216155
LBR,Liberia,1978,2.166345387
LBR,Liberia,1979,2.425990455
LBR,Liberia,1980,2.398963778
LBR,Liberia,1981,2.230092808
LBR,Liberia,1982,2.192545797
LBR,Liberia,1983,2.295487313
LBR,Liberia,1984,2.197703413
LBR,Liberia,1985,2.224447218
LBR,Liberia,1986,2.091767343
LBR,Liberia,1987,2.147985124
LBR,Liberia,1988,2.426674254
LBR,Liberia,1989,2.177920421
LBR,Liberia,1990,1.790447052
LBR,Liberia,1991,1.606159954
LBR,Liberia,1992,1.495901186
LBR,Liberia,1993,1.419338634
LBR,Liberia,1994,1.388128397
LBR,Liberia,1995,1.412119869
LBR,Liberia,1996,1.490302628
LBR,Liberia,1997,1.589588331
LBR,Liberia,1998,1.747018669
LBR,Liberia,1999,1.899781841
LBR,Liberia,2000,2.13850547
LBR,Liberia,2001,2.228689035
LBR,Liberia,2002,2.277398942
LBR,Liberia,2003,2.355521694
LBR,Liberia,2004,2.474204577
LBR,Liberia,2005,2.697310354
LBR,Liberia,2006,2.895808709
LBR,Liberia,2007,2.88435798
LBR,Liberia,2008,2.879311319
LBR,Liberia,2009,3.015859546
LBR,Liberia,2010,3.36266609
LBR,Liberia,2011,3.541362943
LBR,Liberia,2012,3.733861487
LBR,Liberia,2013,3.73781954
LBR,Liberia,2014,4.149371542
LBR,Liberia,2015,4.331320605
LBR,Liberia,2016,4.489658093
LBR,Liberia,2017,4.370336199
LBR,Liberia,2018,4.649888407
LBR,Liberia,2019,4.833184576
LBR,Liberia,2020,4.984729209
LBR,Liberia,2021,5.207687461
LBR,Liberia,2022,5.311216164
LBY,Libya,1970,131.6505859
LBY,Libya,1971,119.7186348
LBY,Libya,1972,97.69931526
LBY,Libya,1973,94.99838763
LBY,Libya,1974,67.58759182
LBY,Libya,1975,70.20854312
LBY,Libya,1976,90.41683047
LBY,Libya,1977,95.8633681
LBY,Libya,1978,95.08283661
LBY,Libya,1979,102.7150392
LBY,Libya,1980,94.61440852
LBY,Libya,1981,69.23821146
LBY,Libya,1982,72.66682348
LBY,Libya,1983,69.73436978
LBY,Libya,1984,69.89558337
LBY,Libya,1985,67.49792719
LBY,Libya,1986,70.46925562
LBY,Libya,1987,67.73076186
LBY,Libya,1988,75.80106211
LBY,Libya,1989,75.12238442
LBY,Libya,1990,86.63230253
LBY,Libya,1991,84.0118971
LBY,Libya,1992,78.91373752
LBY,Libya,1993,75.09736915
LBY,Libya,1994,91.10664069
LBY,Libya,1995,101.0446133
LBY,Libya,1996,105.5364606
LBY,Libya,1997,93.04510453
LBY,Libya,1998,88.86146822
LBY,Libya,1999,86.96703059
LBY,Libya,2000,91.34259383
LBY,Libya,2001,88.00012067
LBY,Libya,2002,88.18987109
LBY,Libya,2003,97.55736999
LBY,Libya,2004,96.63499606
LBY,Libya,2005,105.1795267
LBY,Libya,2006,104.0337684
LBY,Libya,2007,98.15419873
LBY,Libya,2008,102.7313717
LBY,Libya,2009,102.7625163
LBY,Libya,2010,108.7728651
LBY,Libya,2011,64.59357242
LBY,Libya,2012,102.573771
LBY,Libya,2013,94.96007197
LBY,Libya,2014,85.76596132
LBY,Libya,2015,76.09360648
LBY,Libya,2016,73.30452528
LBY,Libya,2017,85.37712786
LBY,Libya,2018,91.38198598
LBY,Libya,2019,94.6789291
LBY,Libya,2020,69.47549565
LBY,Libya,2021,101.4676171
LBY,Libya,2022,104.5138803
LCA,Saint Lucia,1970,0.092062489
LCA,Saint Lucia,1971,0.094392127
LCA,Saint Lucia,1972,0.100702338
LCA,Saint Lucia,1973,0.101328889
LCA,Saint Lucia,1974,0.097512202
LCA,Saint Lucia,1975,0.105309598
LCA,Saint Lucia,1976,0.103225722
LCA,Saint Lucia,1977,0.109186055
LCA,Saint Lucia,1978,0.111371126
LCA,Saint Lucia,1979,0.113108472
LCA,Saint Lucia,1980,0.114723136
LCA,Saint Lucia,1981,0.106751549
LCA,Saint Lucia,1982,0.116209093
LCA,Saint Lucia,1983,0.113229304
LCA,Saint Lucia,1984,0.119394184
LCA,Saint Lucia,1985,0.130462706
LCA,Saint Lucia,1986,0.133946001
LCA,Saint Lucia,1987,0.142433233
LCA,Saint Lucia,1988,0.163344005
LCA,Saint Lucia,1989,0.166664678
LCA,Saint Lucia,1990,0.163633622
LCA,Saint Lucia,1991,0.165481956
LCA,Saint Lucia,1992,0.167088551
LCA,Saint Lucia,1993,0.166309924
LCA,Saint Lucia,1994,0.179022467
LCA,Saint Lucia,1995,0.18503606
LCA,Saint Lucia,1996,0.18838656
LCA,Saint Lucia,1997,0.195244117
LCA,Saint Lucia,1998,0.205432712
LCA,Saint Lucia,1999,0.214710161
LCA,Saint Lucia,2000,0.229267977
LCA,Saint Lucia,2001,0.23511055
LCA,Saint Lucia,2002,0.226234771
LCA,Saint Lucia,2003,0.240752045
LCA,Saint Lucia,2004,0.237789478
LCA,Saint Lucia,2005,0.240776623
LCA,Saint Lucia,2006,0.24910398
LCA,Saint Lucia,2007,0.261585545
LCA,Saint Lucia,2008,0.270646451
LCA,Saint Lucia,2009,0.281702269
LCA,Saint Lucia,2010,0.301637001
LCA,Saint Lucia,2011,0.268097424
LCA,Saint Lucia,2012,0.281863606
LCA,Saint Lucia,2013,0.312485139
LCA,Saint Lucia,2014,0.321889795
LCA,Saint Lucia,2015,0.320924873
LCA,Saint Lucia,2016,0.33511243
LCA,Saint Lucia,2017,0.338409646
LCA,Saint Lucia,2018,0.346110152
LCA,Saint Lucia,2019,0.466140046
LCA,Saint Lucia,2020,0.423303669
LCA,Saint Lucia,2021,0.418680871
LCA,Saint Lucia,2022,0.433437994
LKA,Sri Lanka,1970,20.51209172
LKA,Sri Lanka,1971,20.39132473
LKA,Sri Lanka,1972,20.33391565
LKA,Sri Lanka,1973,20.87851859
LKA,Sri Lanka,1974,22.03152855
LKA,Sri Lanka,1975,19.1883234
LKA,Sri Lanka,1976,19.89521695
LKA,Sri Lanka,1977,21.68352054
LKA,Sri Lanka,1978,22.81935171
LKA,Sri Lanka,1979,22.67150459
LKA,Sri Lanka,1980,23.12323999
LKA,Sri Lanka,1981,23.52662727
LKA,Sri Lanka,1982,23.13060255
LKA,Sri Lanka,1983,23.57948519
LKA,Sri Lanka,1984,24.30907882
LKA,Sri Lanka,1985,23.69046229
LKA,Sri Lanka,1986,23.25793802
LKA,Sri Lanka,1987,22.401953
LKA,Sri Lanka,1988,23.39748634
LKA,Sri Lanka,1989,21.9674744
LKA,Sri Lanka,1990,23.10279725
LKA,Sri Lanka,1991,22.31197748
LKA,Sri Lanka,1992,23.45209623
LKA,Sri Lanka,1993,23.81681635
LKA,Sri Lanka,1994,25.27807349
LKA,Sri Lanka,1995,25.09664637
LKA,Sri Lanka,1996,25.72493568
LKA,Sri Lanka,1997,25.78907516
LKA,Sri Lanka,1998,25.39373913
LKA,Sri Lanka,1999,27.22538622
LKA,Sri Lanka,2000,28.32944978
LKA,Sri Lanka,2001,27.72295176
LKA,Sri Lanka,2002,28.62642003
LKA,Sri Lanka,2003,30.34357353
LKA,Sri Lanka,2004,29.57774612
LKA,Sri Lanka,2005,32.33394294
LKA,Sri Lanka,2006,30.85953913
LKA,Sri Lanka,2007,31.52477558
LKA,Sri Lanka,2008,32.82068253
LKA,Sri Lanka,2009,31.44318879
LKA,Sri Lanka,2010,33.54141407
LKA,Sri Lanka,2011,35.91002985
LKA,Sri Lanka,2012,37.89029779
LKA,Sri Lanka,2013,35.63693419
LKA,Sri Lanka,2014,36.39180284
LKA,Sri Lanka,2015,41.23633481
LKA,Sri Lanka,2016,43.58804249
LKA,Sri Lanka,2017,40.7688768
LKA,Sri Lanka,2018,41.54228357
LKA,Sri Lanka,2019,42.48344191
LKA,Sri Lanka,2020,42.39028933
LKA,Sri Lanka,2021,41.72203157
LKA,Sri Lanka,2022,38.8044848
LSO,Lesotho,1970,1.974976186
LSO,Lesotho,1971,1.884162371
LSO,Lesotho,1972,1.845248617
LSO,Lesotho,1973,1.827811652
LSO,Lesotho,1974,1.89136569
LSO,Lesotho,1975,1.948551885
LSO,Lesotho,1976,1.93191814
LSO,Lesotho,1977,1.800916783
LSO,Lesotho,1978,1.828554397
LSO,Lesotho,1979,1.91414631
LSO,Lesotho,1980,2.028660395
LSO,Lesotho,1981,2.048141159
LSO,Lesotho,1982,2.083273291
LSO,Lesotho,1983,2.058052531
LSO,Lesotho,1984,2.043176498
LSO,Lesotho,1985,2.130122382
LSO,Lesotho,1986,2.163981884
LSO,Lesotho,1987,2.465078468
LSO,Lesotho,1988,2.393686516
LSO,Lesotho,1989,2.332923688
LSO,Lesotho,1990,2.206831916
LSO,Lesotho,1991,2.2477861
LSO,Lesotho,1992,2.41127093
LSO,Lesotho,1993,2.371916294
LSO,Lesotho,1994,2.319383363
LSO,Lesotho,1995,2.272199326
LSO,Lesotho,1996,2.188357285
LSO,Lesotho,1997,2.270230091
LSO,Lesotho,1998,2.021138382
LSO,Lesotho,1999,2.587335568
LSO,Lesotho,2000,2.735781129
LSO,Lesotho,2001,2.766785302
LSO,Lesotho,2002,2.628966043
LSO,Lesotho,2003,2.663708516
LSO,Lesotho,2004,2.666609369
LSO,Lesotho,2005,2.830323175
LSO,Lesotho,2006,2.791794372
LSO,Lesotho,2007,2.931309842
LSO,Lesotho,2008,2.791226696
LSO,Lesotho,2009,2.878670978
LSO,Lesotho,2010,2.890800344
LSO,Lesotho,2011,2.920564243
LSO,Lesotho,2012,2.989119524
LSO,Lesotho,2013,2.880283154
LSO,Lesotho,2014,2.891708889
LSO,Lesotho,2015,2.854681473
LSO,Lesotho,2016,2.863905046
LSO,Lesotho,2017,3.055351088
LSO,Lesotho,2018,2.902860376
LSO,Lesotho,2019,2.784691047
LSO,Lesotho,2020,2.958705281
LSO,Lesotho,2021,2.960903649
LSO,Lesotho,2022,3.02307887
LTU,Lithuania,1970,28.54841641
LTU,Lithuania,1971,29.48748455
LTU,Lithuania,1972,30.97185484
LTU,Lithuania,1973,32.63155081
LTU,Lithuania,1974,34.21927623
LTU,Lithuania,1975,36.32603783
LTU,Lithuania,1976,37.24083662
LTU,Lithuania,1977,38.00403466
LTU,Lithuania,1978,39.33103372
LTU,Lithuania,1979,40.18445276
LTU,Lithuania,1980,41.40924621
LTU,Lithuania,1981,41.12438127
LTU,Lithuania,1982,41.06380025
LTU,Lithuania,1983,41.21566622
LTU,Lithuania,1984,42.15262987
LTU,Lithuania,1985,42.3302732
LTU,Lithuania,1986,43.10941112
LTU,Lithuania,1987,44.19745726
LTU,Lithuania,1988,44.43915405
LTU,Lithuania,1989,44.72348658
LTU,Lithuania,1990,46.63143836
LTU,Lithuania,1991,48.23682658
LTU,Lithuania,1992,31.08290819
LTU,Lithuania,1993,24.6748511
LTU,Lithuania,1994,23.05443985
LTU,Lithuania,1995,21.8740476
LTU,Lithuania,1996,22.38576599
LTU,Lithuania,1997,21.95658292
LTU,Lithuania,1998,22.91536751
LTU,Lithuania,1999,20.04503135
LTU,Lithuania,2000,18.45062036
LTU,Lithuania,2001,19.13279911
LTU,Lithuania,2002,19.63360873
LTU,Lithuania,2003,19.71972783
LTU,Lithuania,2004,20.6169121
LTU,Lithuania,2005,21.67631688
LTU,Lithuania,2006,22.00067158
LTU,Lithuania,2007,24.15209181
LTU,Lithuania,2008,24.85910866
LTU,Lithuania,2009,21.80486838
LTU,Lithuania,2010,22.76147996
LTU,Lithuania,2011,23.61791352
LTU,Lithuania,2012,23.94346704
LTU,Lithuania,2013,22.43159301
LTU,Lithuania,2014,22.4995166
LTU,Lithuania,2015,23.27394674
LTU,Lithuania,2016,22.6908452
LTU,Lithuania,2017,23.04227371
LTU,Lithuania,2018,22.7847155
LTU,Lithuania,2019,22.96291716
LTU,Lithuania,2020,22.71125743
LTU,Lithuania,2021,22.23870394
LTU,Lithuania,2022,20.84685881
LUX,Luxembourg,1970,19.249777
LUX,Luxembourg,1971,18.00897666
LUX,Luxembourg,1972,17.72968538
LUX,Luxembourg,1973,19.13043371
LUX,Luxembourg,1974,17.80587806
LUX,Luxembourg,1975,14.33071947
LUX,Luxembourg,1976,15.22534808
LUX,Luxembourg,1977,14.51750508
LUX,Luxembourg,1978,15.81085696
LUX,Luxembourg,1979,14.948588
LUX,Luxembourg,1980,14.11190885
LUX,Luxembourg,1981,12.12540227
LUX,Luxembourg,1982,11.44015973
LUX,Luxembourg,1983,10.78641351
LUX,Luxembourg,1984,11.73697579
LUX,Luxembourg,1985,11.93841369
LUX,Luxembourg,1986,11.67441041
LUX,Luxembourg,1987,11.14631855
LUX,Luxembourg,1988,11.68048919
LUX,Luxembourg,1989,12.50104496
LUX,Luxembourg,1990,12.6697636
LUX,Luxembourg,1991,13.14627792
LUX,Luxembourg,1992,12.8137359
LUX,Luxembourg,1993,13.08692578
LUX,Luxembourg,1994,12.22016807
LUX,Luxembourg,1995,9.985274315
LUX,Luxembourg,1996,9.997430443
LUX,Luxembourg,1997,9.480119278
LUX,Luxembourg,1998,8.775561199
LUX,Luxembourg,1999,9.175113181
LUX,Luxembourg,2000,9.809235174
LUX,Luxembourg,2001,10.34056617
LUX,Luxembourg,2002,11.02440055
LUX,Luxembourg,2003,11.42894447
LUX,Luxembourg,2004,12.85299642
LUX,Luxembourg,2005,13.07215855
LUX,Luxembourg,2006,12.87888224
LUX,Luxembourg,2007,12.29496462
LUX,Luxembourg,2008,12.17308115
LUX,Luxembourg,2009,11.56680002
LUX,Luxembourg,2010,12.21137238
LUX,Luxembourg,2011,12.05379223
LUX,Luxembourg,2012,11.80782552
LUX,Luxembourg,2013,11.27482351
LUX,Luxembourg,2014,10.77897448
LUX,Luxembourg,2015,10.24297586
LUX,Luxembourg,2016,9.994306378
LUX,Luxembourg,2017,10.14765976
LUX,Luxembourg,2018,10.44504657
LUX,Luxembourg,2019,10.62196189
LUX,Luxembourg,2020,8.980767459
LUX,Luxembourg,2021,9.529710168
LUX,Luxembourg,2022,8.475640655
LVA,Latvia,1970,18.08970895
LVA,Latvia,1971,18.53640935
LVA,Latvia,1972,19.41628352
LVA,Latvia,1973,20.37466268
LVA,Latvia,1974,21.29362269
LVA,Latvia,1975,22.60550669
LVA,Latvia,1976,23.10520291
LVA,Latvia,1977,23.51875515
LVA,Latvia,1978,24.33326488
LVA,Latvia,1979,24.7916333
LVA,Latvia,1980,25.52303829
LVA,Latvia,1981,25.49868825
LVA,Latvia,1982,25.94598906
LVA,Latvia,1983,26.30966408
LVA,Latvia,1984,26.66279967
LVA,Latvia,1985,26.95842394
LVA,Latvia,1986,27.60485451
LVA,Latvia,1987,28.30670921
LVA,Latvia,1988,28.48082858
LVA,Latvia,1989,28.55770233
LVA,Latvia,1990,27.26652565
LVA,Latvia,1991,25.39146153
LVA,Latvia,1992,21.28922998
LVA,Latvia,1993,18.01452851
LVA,Latvia,1994,14.89027609
LVA,Latvia,1995,12.96698754
LVA,Latvia,1996,12.9506355
LVA,Latvia,1997,12.3854674
LVA,Latvia,1998,11.83042282
LVA,Latvia,1999,11.12084049
LVA,Latvia,2000,10.22971321
LVA,Latvia,2001,10.8517341
LVA,Latvia,2002,10.90360865
LVA,Latvia,2003,11.23290283
LVA,Latvia,2004,11.44437978
LVA,Latvia,2005,11.74235618
LVA,Latvia,2006,12.43823368
LVA,Latvia,2007,12.95110037
LVA,Latvia,2008,12.29614871
LVA,Latvia,2009,11.55277281
LVA,Latvia,2010,12.62657913
LVA,Latvia,2011,12.1052648
LVA,Latvia,2012,12.07524466
LVA,Latvia,2013,11.8565635
LVA,Latvia,2014,11.68234433
LVA,Latvia,2015,11.9519662
LVA,Latvia,2016,11.96598767
LVA,Latvia,2017,11.81362977
LVA,Latvia,2018,12.37314564
LVA,Latvia,2019,12.22267011
LVA,Latvia,2020,11.64133999
LVA,Latvia,2021,11.62811912
LVA,Latvia,2022,11.10776034
MAC,Macao,1970,0.361422335
MAC,Macao,1971,0.362252043
MAC,Macao,1972,0.380075252
MAC,Macao,1973,0.445452858
MAC,Macao,1974,0.532976795
MAC,Macao,1975,0.449603058
MAC,Macao,1976,0.442605625
MAC,Macao,1977,0.463415779
MAC,Macao,1978,0.460140937
MAC,Macao,1979,0.491720286
MAC,Macao,1980,0.526887786
MAC,Macao,1981,0.508403623
MAC,Macao,1982,0.53188381
MAC,Macao,1983,0.712840564
MAC,Macao,1984,0.695395312
MAC,Macao,1985,0.638830331
MAC,Macao,1986,0.781459532
MAC,Macao,1987,0.951783285
MAC,Macao,1988,0.933075881
MAC,Macao,1989,0.956641486
MAC,Macao,1990,1.01086273
MAC,Macao,1991,1.007868497
MAC,Macao,1992,1.048546194
MAC,Macao,1993,1.122560156
MAC,Macao,1994,1.249462263
MAC,Macao,1995,1.203432964
MAC,Macao,1996,1.400106922
MAC,Macao,1997,1.527586216
MAC,Macao,1998,1.687351676
MAC,Macao,1999,1.730303577
MAC,Macao,2000,1.738524342
MAC,Macao,2001,1.811281358
MAC,Macao,2002,1.95282341
MAC,Macao,2003,1.990324065
MAC,Macao,2004,2.286517511
MAC,Macao,2005,2.303657746
MAC,Macao,2006,2.285111794
MAC,Macao,2007,2.063036857
MAC,Macao,2008,1.73646534
MAC,Macao,2009,1.897819701
MAC,Macao,2010,1.882825506
MAC,Macao,2011,1.862919554
MAC,Macao,2012,1.91875012
MAC,Macao,2013,1.977305729
MAC,Macao,2014,2.245017817
MAC,Macao,2015,2.985985852
MAC,Macao,2016,2.84866932
MAC,Macao,2017,3.366151825
MAC,Macao,2018,2.670398224
MAC,Macao,2019,2.884277149
MAC,Macao,2020,2.301740243
MAC,Macao,2021,2.376021608
MAC,Macao,2022,2.414118188
MAR,Morocco,1970,24.01649472
MAR,Morocco,1971,24.74717313
MAR,Morocco,1972,25.24731547
MAR,Morocco,1973,26.73807392
MAR,Morocco,1974,27.57372355
MAR,Morocco,1975,28.59664052
MAR,Morocco,1976,29.82088662
MAR,Morocco,1977,30.99566299
MAR,Morocco,1978,32.75632446
MAR,Morocco,1979,34.03238018
MAR,Morocco,1980,35.34228517
MAR,Morocco,1981,35.07584749
MAR,Morocco,1982,33.81966575
MAR,Morocco,1983,35.58203203
MAR,Morocco,1984,35.60445545
MAR,Morocco,1985,37.44326359
MAR,Morocco,1986,39.42498779
MAR,Morocco,1987,41.0978288
MAR,Morocco,1988,41.83671501
MAR,Morocco,1989,44.19092323
MAR,Morocco,1990,45.24971445
MAR,Morocco,1991,46.25731164
MAR,Morocco,1992,47.87114119
MAR,Morocco,1993,47.73110397
MAR,Morocco,1994,50.72961909
MAR,Morocco,1995,52.08325537
MAR,Morocco,1996,52.58747889
MAR,Morocco,1997,55.09888157
MAR,Morocco,1998,56.24643756
MAR,Morocco,1999,58.67569774
MAR,Morocco,2000,60.15147653
MAR,Morocco,2001,64.02809313
MAR,Morocco,2002,65.66003916
MAR,Morocco,2003,66.27105012
MAR,Morocco,2004,71.30745732
MAR,Morocco,2005,74.2378298
MAR,Morocco,2006,76.13862875
MAR,Morocco,2007,77.159025
MAR,Morocco,2008,80.24909448
MAR,Morocco,2009,80.71247187
MAR,Morocco,2010,84.72357131
MAR,Morocco,2011,90.19332851
MAR,Morocco,2012,93.0301079
MAR,Morocco,2013,94.04339998
MAR,Morocco,2014,95.58406102
MAR,Morocco,2015,97.8838439
MAR,Morocco,2016,98.3492081
MAR,Morocco,2017,102.3650498
MAR,Morocco,2018,104.43214
MAR,Morocco,2019,111.794778
MAR,Morocco,2020,108.0091368
MAR,Morocco,2021,117.3004336
MAR,Morocco,2022,114.7707033
MDA,Moldova,1970,20.87239727
MDA,Moldova,1971,21.2703625
MDA,Moldova,1972,22.34953913
MDA,Moldova,1973,23.55244176
MDA,Moldova,1974,24.71767749
MDA,Moldova,1975,26.22601313
MDA,Moldova,1976,26.79159022
MDA,Moldova,1977,27.38896004
MDA,Moldova,1978,28.43342273
MDA,Moldova,1979,29.10839253
MDA,Moldova,1980,30.36401438
MDA,Moldova,1981,30.31363926
MDA,Moldova,1982,30.7434905
MDA,Moldova,1983,31.09823223
MDA,Moldova,1984,31.60045469
MDA,Moldova,1985,32.12749507
MDA,Moldova,1986,33.19322202
MDA,Moldova,1987,34.17003698
MDA,Moldova,1988,34.63544312
MDA,Moldova,1989,34.74829806
MDA,Moldova,1990,37.44709593
MDA,Moldova,1991,30.9664251
MDA,Moldova,1992,25.36511343
MDA,Moldova,1993,21.56050416
MDA,Moldova,1994,18.52110383
MDA,Moldova,1995,16.39836582
MDA,Moldova,1996,14.53394294
MDA,Moldova,1997,13.24311
MDA,Moldova,1998,11.94492831
MDA,Moldova,1999,10.4887998
MDA,Moldova,2000,9.827256715
MDA,Moldova,2001,10.02897296
MDA,Moldova,2002,10.27920938
MDA,Moldova,2003,10.85990349
MDA,Moldova,2004,10.8923547
MDA,Moldova,2005,11.18061914
MDA,Moldova,2006,10.98460118
MDA,Moldova,2007,10.83927051
MDA,Moldova,2008,10.50943618
MDA,Moldova,2009,10.3191885
MDA,Moldova,2010,11.45977221
MDA,Moldova,2011,11.66843913
MDA,Moldova,2012,11.32562827
MDA,Moldova,2013,10.67879819
MDA,Moldova,2014,11.2276204
MDA,Moldova,2015,11.54165312
MDA,Moldova,2016,11.83729064
MDA,Moldova,2017,11.87027178
MDA,Moldova,2018,12.57004068
MDA,Moldova,2019,12.62968046
MDA,Moldova,2020,12.33871353
MDA,Moldova,2021,12.95636098
MDA,Moldova,2022,12.32034738
MDG,Madagascar,1970,20.98152918
MDG,Madagascar,1971,20.01662311
MDG,Madagascar,1972,20.46227568
MDG,Madagascar,1973,20.89148131
MDG,Madagascar,1974,21.23461174
MDG,Madagascar,1975,21.55938373
MDG,Madagascar,1976,21.53814063
MDG,Madagascar,1977,22.41719832
MDG,Madagascar,1978,23.66444518
MDG,Madagascar,1979,23.78931954
MDG,Madagascar,1980,24.53401679
MDG,Madagascar,1981,24.49581306
MDG,Madagascar,1982,24.6881843
MDG,Madagascar,1983,24.70704446
MDG,Madagascar,1984,24.9896498
MDG,Madagascar,1985,24.71758449
MDG,Madagascar,1986,24.79798697
MDG,Madagascar,1987,24.5979721
MDG,Madagascar,1988,24.77850692
MDG,Madagascar,1989,24.76769304
MDG,Madagascar,1990,25.24504046
MDG,Madagascar,1991,25.31221831
MDG,Madagascar,1992,25.65967567
MDG,Madagascar,1993,26.20254502
MDG,Madagascar,1994,25.85277157
MDG,Madagascar,1995,26.38146731
MDG,Madagascar,1996,26.46840178
MDG,Madagascar,1997,26.74968038
MDG,Madagascar,1998,27.24532818
MDG,Madagascar,1999,27.44022256
MDG,Madagascar,2000,27.66942666
MDG,Madagascar,2001,25.75431588
MDG,Madagascar,2002,24.02195903
MDG,Madagascar,2003,25.07809202
MDG,Madagascar,2004,25.68588036
MDG,Madagascar,2005,28.16796165
MDG,Madagascar,2006,28.50281409
MDG,Madagascar,2007,29.13303629
MDG,Madagascar,2008,29.67679364
MDG,Madagascar,2009,30.04737968
MDG,Madagascar,2010,30.68648812
MDG,Madagascar,2011,30.86716952
MDG,Madagascar,2012,32.14879287
MDG,Madagascar,2013,31.61905716
MDG,Madagascar,2014,33.21279508
MDG,Madagascar,2015,33.64255671
MDG,Madagascar,2016,33.78405442
MDG,Madagascar,2017,34.37191371
MDG,Madagascar,2018,33.18426104
MDG,Madagascar,2019,35.21397869
MDG,Madagascar,2020,35.02942516
MDG,Madagascar,2021,35.14169425
MDG,Madagascar,2022,34.97976942
MDV,Maldives,1970,0.031556739
MDV,Maldives,1971,0.033011646
MDV,Maldives,1972,0.035044689
MDV,Maldives,1973,0.03894513
MDV,Maldives,1974,0.043344169
MDV,Maldives,1975,0.042500379
MDV,Maldives,1976,0.043915784
MDV,Maldives,1977,0.046237462
MDV,Maldives,1978,0.047985354
MDV,Maldives,1979,0.050670821
MDV,Maldives,1980,0.053676804
MDV,Maldives,1981,0.055673923
MDV,Maldives,1982,0.057502332
MDV,Maldives,1983,0.059861528
MDV,Maldives,1984,0.099304684
MDV,Maldives,1985,0.107395712
MDV,Maldives,1986,0.109225972
MDV,Maldives,1987,0.118860772
MDV,Maldives,1988,0.135557816
MDV,Maldives,1989,0.133841791
MDV,Maldives,1990,0.152483446
MDV,Maldives,1991,0.155360687
MDV,Maldives,1992,0.158194295
MDV,Maldives,1993,0.173505572
MDV,Maldives,1994,0.307644284
MDV,Maldives,1995,0.382439696
MDV,Maldives,1996,0.395213725
MDV,Maldives,1997,0.370756018
MDV,Maldives,1998,0.415196358
MDV,Maldives,1999,0.407643201
MDV,Maldives,2000,0.799711927
MDV,Maldives,2001,0.699456938
MDV,Maldives,2002,0.824823841
MDV,Maldives,2003,0.721203901
MDV,Maldives,2004,0.900123696
MDV,Maldives,2005,0.845143401
MDV,Maldives,2006,1.013559908
MDV,Maldives,2007,1.011556492
MDV,Maldives,2008,1.100985264
MDV,Maldives,2009,1.169399131
MDV,Maldives,2010,1.227896493
MDV,Maldives,2011,1.330537337
MDV,Maldives,2012,1.646248573
MDV,Maldives,2013,1.823074697
MDV,Maldives,2014,2.422561103
MDV,Maldives,2015,1.824658527
MDV,Maldives,2016,1.979949665
MDV,Maldives,2017,2.085362328
MDV,Maldives,2018,2.368852841
MDV,Maldives,2019,2.770243141
MDV,Maldives,2020,2.278440425
MDV,Maldives,2021,2.367909334
MDV,Maldives,2022,2.424252568
MEX,Mexico,1970,217.9752739
MEX,Mexico,1971,219.8722352
MEX,Mexico,1972,234.1699808
MEX,Mexico,1973,246.7123041
MEX,Mexico,1974,266.7749943
MEX,Mexico,1975,281.3734279
MEX,Mexico,1976,296.9796511
MEX,Mexico,1977,307.5626215
MEX,Mexico,1978,334.7128225
MEX,Mexico,1979,351.9477405
MEX,Mexico,1980,384.330752
MEX,Mexico,1981,411.1672825
MEX,Mexico,1982,435.6500842
MEX,Mexico,1983,421.5704812
MEX,Mexico,1984,428.1196788
MEX,Mexico,1985,441.7320093
MEX,Mexico,1986,438.0705191
MEX,Mexico,1987,451.1200497
MEX,Mexico,1988,450.2294354
MEX,Mexico,1989,468.7954649
MEX,Mexico,1990,466.4191562
MEX,Mexico,1991,484.8764719
MEX,Mexico,1992,490.0428482
MEX,Mexico,1993,506.6915236
MEX,Mexico,1994,539.5524585
MEX,Mexico,1995,530.6131963
MEX,Mexico,1996,553.1021525
MEX,Mexico,1997,586.9242233
MEX,Mexico,1998,615.9997386
MEX,Mexico,1999,605.3052128
MEX,Mexico,2000,634.1671554
MEX,Mexico,2001,633.5603973
MEX,Mexico,2002,643.0250586
MEX,Mexico,2003,671.1905503
MEX,Mexico,2004,683.2034326
MEX,Mexico,2005,707.9797239
MEX,Mexico,2006,733.1250364
MEX,Mexico,2007,748.0986809
MEX,Mexico,2008,757.0813718
MEX,Mexico,2009,751.5575087
MEX,Mexico,2010,768.8431062
MEX,Mexico,2011,782.7106435
MEX,Mexico,2012,800.257143
MEX,Mexico,2013,793.1275827
MEX,Mexico,2014,781.8056686
MEX,Mexico,2015,790.363005
MEX,Mexico,2016,799.0470673
MEX,Mexico,2017,802.7415774
MEX,Mexico,2018,780.816983
MEX,Mexico,2019,790.9966286
MEX,Mexico,2020,739.3164833
MEX,Mexico,2021,765.4612665
MEX,Mexico,2022,819.8728829
MKD,North Macedonia,1970,12.30744437
MKD,North Macedonia,1971,11.75101073
MKD,North Macedonia,1972,11.751362
MKD,North Macedonia,1973,13.12947688
MKD,North Macedonia,1974,13.51081553
MKD,North Macedonia,1975,11.46902713
MKD,North Macedonia,1976,11.86590424
MKD,North Macedonia,1977,12.13786558
MKD,North Macedonia,1978,11.82520759
MKD,North Macedonia,1979,13.00051683
MKD,North Macedonia,1980,12.16159911
MKD,North Macedonia,1981,12.99211599
MKD,North Macedonia,1982,11.60716317
MKD,North Macedonia,1983,11.049201
MKD,North Macedonia,1984,12.52279272
MKD,North Macedonia,1985,13.00176431
MKD,North Macedonia,1986,13.24511487
MKD,North Macedonia,1987,12.87767201
MKD,North Macedonia,1988,13.01565666
MKD,North Macedonia,1989,13.18202263
MKD,North Macedonia,1990,14.46872966
MKD,North Macedonia,1991,12.96891539
MKD,North Macedonia,1992,11.64246888
MKD,North Macedonia,1993,11.84800804
MKD,North Macedonia,1994,11.60470539
MKD,North Macedonia,1995,11.46476004
MKD,North Macedonia,1996,13.06858617
MKD,North Macedonia,1997,11.91603049
MKD,North Macedonia,1998,12.74180472
MKD,North Macedonia,1999,11.8387663
MKD,North Macedonia,2000,11.49396411
MKD,North Macedonia,2001,11.60019698
MKD,North Macedonia,2002,11.05019874
MKD,North Macedonia,2003,11.8196494
MKD,North Macedonia,2004,11.98278012
MKD,North Macedonia,2005,12.43957495
MKD,North Macedonia,2006,12.14204812
MKD,North Macedonia,2007,12.90334587
MKD,North Macedonia,2008,12.74776736
MKD,North Macedonia,2009,11.65786946
MKD,North Macedonia,2010,11.82250942
MKD,North Macedonia,2011,12.99017564
MKD,North Macedonia,2012,12.38842944
MKD,North Macedonia,2013,11.52017966
MKD,North Macedonia,2014,11.05260407
MKD,North Macedonia,2015,10.64509273
MKD,North Macedonia,2016,10.34651957
MKD,North Macedonia,2017,10.80179209
MKD,North Macedonia,2018,10.35348844
MKD,North Macedonia,2019,11.40782484
MKD,North Macedonia,2020,10.38655346
MKD,North Macedonia,2021,11.1529281
MKD,North Macedonia,2022,11.18380147
MLI,Mali,1970,12.19263079
MLI,Mali,1971,12.42515023
MLI,Mali,1972,11.1046208
MLI,Mali,1973,10.49131055
MLI,Mali,1974,9.73937594
MLI,Mali,1975,10.56023624
MLI,Mali,1976,10.73095181
MLI,Mali,1977,10.85572581
MLI,Mali,1978,11.18330365
MLI,Mali,1979,12.4684179
MLI,Mali,1980,13.40269562
MLI,Mali,1981,14.04933003
MLI,Mali,1982,14.79819429
MLI,Mali,1983,13.28677924
MLI,Mali,1984,11.95463746
MLI,Mali,1985,11.3407043
MLI,Mali,1986,11.60388805
MLI,Mali,1987,11.88697903
MLI,Mali,1988,12.48031543
MLI,Mali,1989,12.98144584
MLI,Mali,1990,13.38938087
MLI,Mali,1991,13.59136214
MLI,Mali,1992,13.48508361
MLI,Mali,1993,13.68821091
MLI,Mali,1994,14.13429663
MLI,Mali,1995,14.58458368
MLI,Mali,1996,14.9733026
MLI,Mali,1997,15.13694102
MLI,Mali,1998,15.88194202
MLI,Mali,1999,16.57428739
MLI,Mali,2000,17.59599072
MLI,Mali,2001,18.62007749
MLI,Mali,2002,19.60586926
MLI,Mali,2003,20.58259573
MLI,Mali,2004,21.27925323
MLI,Mali,2005,22.41542428
MLI,Mali,2006,22.66516423
MLI,Mali,2007,24.06616643
MLI,Mali,2008,25.44414733
MLI,Mali,2009,26.81491629
MLI,Mali,2010,28.41304045
MLI,Mali,2011,29.25415416
MLI,Mali,2012,30.42798564
MLI,Mali,2013,32.14000561
MLI,Mali,2014,33.34236282
MLI,Mali,2015,35.31066283
MLI,Mali,2016,38.68998665
MLI,Mali,2017,41.13264734
MLI,Mali,2018,43.1326214
MLI,Mali,2019,44.45928978
MLI,Mali,2020,45.58683032
MLI,Mali,2021,47.44891285
MLI,Mali,2022,49.38321301
MLT,Malta,1970,0.791633122
MLT,Malta,1971,0.797067273
MLT,Malta,1972,0.96808935
MLT,Malta,1973,0.93501812
MLT,Malta,1974,0.862719923
MLT,Malta,1975,0.790517223
MLT,Malta,1976,0.887915768
MLT,Malta,1977,0.93581196
MLT,Malta,1978,1.06869336
MLT,Malta,1979,1.044262357
MLT,Malta,1980,1.14092489
MLT,Malta,1981,1.275334061
MLT,Malta,1982,1.445573038
MLT,Malta,1983,1.107989121
MLT,Malta,1984,1.474777495
MLT,Malta,1985,1.30575115
MLT,Malta,1986,2.034000464
MLT,Malta,1987,2.128693967
MLT,Malta,1988,2.30582252
MLT,Malta,1989,2.49156416
MLT,Malta,1990,2.489836079
MLT,Malta,1991,2.39197876
MLT,Malta,1992,2.360734478
MLT,Malta,1993,3.007776816
MLT,Malta,1994,2.712068501
MLT,Malta,1995,2.582879852
MLT,Malta,1996,2.530727416
MLT,Malta,1997,2.686039408
MLT,Malta,1998,2.591294847
MLT,Malta,1999,2.633807901
MLT,Malta,2000,2.357014964
MLT,Malta,2001,2.735765024
MLT,Malta,2002,2.56051505
MLT,Malta,2003,2.861795131
MLT,Malta,2004,2.861840426
MLT,Malta,2005,2.921890914
MLT,Malta,2006,2.990724061
MLT,Malta,2007,3.078187144
MLT,Malta,2008,3.109971185
MLT,Malta,2009,2.919265572
MLT,Malta,2010,3.014526913
MLT,Malta,2011,3.044923188
MLT,Malta,2012,3.125982235
MLT,Malta,2013,2.794643801
MLT,Malta,2014,2.795691862
MLT,Malta,2015,2.122457641
MLT,Malta,2016,1.832453252
MLT,Malta,2017,2.013664821
MLT,Malta,2018,2.030216806
MLT,Malta,2019,2.135571902
MLT,Malta,2020,2.087001897
MLT,Malta,2021,2.135483354
MLT,Malta,2022,2.178168445
MMR,Myanmar/Burma,1970,71.74052601
MMR,Myanmar/Burma,1971,71.46121144
MMR,Myanmar/Burma,1972,69.45698666
MMR,Myanmar/Burma,1973,71.78174039
MMR,Myanmar/Burma,1974,72.14436885
MMR,Myanmar/Burma,1975,73.35782743
MMR,Myanmar/Burma,1976,72.74340285
MMR,Myanmar/Burma,1977,72.84149594
MMR,Myanmar/Burma,1978,74.60791749
MMR,Myanmar/Burma,1979,70.86569077
MMR,Myanmar/Burma,1980,74.52292631
MMR,Myanmar/Burma,1981,75.39525308
MMR,Myanmar/Burma,1982,74.74573765
MMR,Myanmar/Burma,1983,75.7469695
MMR,Myanmar/Burma,1984,76.18029702
MMR,Myanmar/Burma,1985,77.67072725
MMR,Myanmar/Burma,1986,77.6442593
MMR,Myanmar/Burma,1987,74.50656869
MMR,Myanmar/Burma,1988,74.50490184
MMR,Myanmar/Burma,1989,73.56762434
MMR,Myanmar/Burma,1990,72.76710097
MMR,Myanmar/Burma,1991,71.10964796
MMR,Myanmar/Burma,1992,75.0261207
MMR,Myanmar/Burma,1993,77.71373381
MMR,Myanmar/Burma,1994,80.59524139
MMR,Myanmar/Burma,1995,84.06981496
MMR,Myanmar/Burma,1996,83.08566519
MMR,Myanmar/Burma,1997,81.00572891
MMR,Myanmar/Burma,1998,82.61633574
MMR,Myanmar/Burma,1999,88.80427301
MMR,Myanmar/Burma,2000,91.3285389
MMR,Myanmar/Burma,2001,92.18337657
MMR,Myanmar/Burma,2002,94.47307674
MMR,Myanmar/Burma,2003,100.8431749
MMR,Myanmar/Burma,2004,104.8263232
MMR,Myanmar/Burma,2005,111.0596333
MMR,Myanmar/Burma,2006,115.7707784
MMR,Myanmar/Burma,2007,118.2509963
MMR,Myanmar/Burma,2008,116.5933638
MMR,Myanmar/Burma,2009,116.8658555
MMR,Myanmar/Burma,2010,119.1990756
MMR,Myanmar/Burma,2011,118.179358
MMR,Myanmar/Burma,2012,120.3211333
MMR,Myanmar/Burma,2013,123.6034886
MMR,Myanmar/Burma,2014,130.22553
MMR,Myanmar/Burma,2015,134.8278921
MMR,Myanmar/Burma,2016,140.7935059
MMR,Myanmar/Burma,2017,157.469492
MMR,Myanmar/Burma,2018,160.0976015
MMR,Myanmar/Burma,2019,162.1091219
MMR,Myanmar/Burma,2020,163.5066094
MMR,Myanmar/Burma,2021,166.9622487
MMR,Myanmar/Burma,2022,169.3869112
MNG,Mongolia,1970,15.87256887
MNG,Mongolia,1971,16.25592752
MNG,Mongolia,1972,15.89016847
MNG,Mongolia,1973,16.40842378
MNG,Mongolia,1974,17.16582166
MNG,Mongolia,1975,17.83507044
MNG,Mongolia,1976,18.17130682
MNG,Mongolia,1977,18.95573983
MNG,Mongolia,1978,19.36640511
MNG,Mongolia,1979,20.23250597
MNG,Mongolia,1980,21.07630248
MNG,Mongolia,1981,20.20538459
MNG,Mongolia,1982,21.13989869
MNG,Mongolia,1983,21.58296845
MNG,Mongolia,1984,21.9700424
MNG,Mongolia,1985,23.55347398
MNG,Mongolia,1986,24.78686613
MNG,Mongolia,1987,25.85323418
MNG,Mongolia,1988,26.87245069
MNG,Mongolia,1989,26.24914449
MNG,Mongolia,1990,25.92437094
MNG,Mongolia,1991,28.90793984
MNG,Mongolia,1992,26.63897715
MNG,Mongolia,1993,25.34341746
MNG,Mongolia,1994,23.36935829
MNG,Mongolia,1995,24.21062175
MNG,Mongolia,1996,22.91756486
MNG,Mongolia,1997,23.20325372
MNG,Mongolia,1998,23.93049769
MNG,Mongolia,1999,24.61634502
MNG,Mongolia,2000,25.37727563
MNG,Mongolia,2001,23.16960456
MNG,Mongolia,2002,21.08055274
MNG,Mongolia,2003,20.4242908
MNG,Mongolia,2004,20.36245774
MNG,Mongolia,2005,25.06355143
MNG,Mongolia,2006,28.1762503
MNG,Mongolia,2007,31.07716602
MNG,Mongolia,2008,31.98900819
MNG,Mongolia,2009,35.63783748
MNG,Mongolia,2010,38.50867926
MNG,Mongolia,2011,43.92764317
MNG,Mongolia,2012,45.01351278
MNG,Mongolia,2013,47.26085026
MNG,Mongolia,2014,49.79695867
MNG,Mongolia,2015,48.37564933
MNG,Mongolia,2016,56.15217474
MNG,Mongolia,2017,62.66042854
MNG,Mongolia,2018,65.93126035
MNG,Mongolia,2019,70.1708996
MNG,Mongolia,2020,64.73211111
MNG,Mongolia,2021,62.1612844
MNG,Mongolia,2022,62.79030708
MOZ,Mozambique,1970,10.29688825
MOZ,Mozambique,1971,10.47310912
MOZ,Mozambique,1972,10.10215565
MOZ,Mozambique,1973,10.4613087
MOZ,Mozambique,1974,10.38130411
MOZ,Mozambique,1975,10.05377663
MOZ,Mozambique,1976,9.924097835
MOZ,Mozambique,1977,9.843208491
MOZ,Mozambique,1978,9.539341014
MOZ,Mozambique,1979,9.540652952
MOZ,Mozambique,1980,10.06026463
MOZ,Mozambique,1981,9.895518837
MOZ,Mozambique,1982,11.30389882
MOZ,Mozambique,1983,11.19232511
MOZ,Mozambique,1984,10.32454993
MOZ,Mozambique,1985,10.83026403
MOZ,Mozambique,1986,10.65433783
MOZ,Mozambique,1987,10.27131167
MOZ,Mozambique,1988,10.03234471
MOZ,Mozambique,1989,10.42553381
MOZ,Mozambique,1990,10.38046015
MOZ,Mozambique,1991,10.14360271
MOZ,Mozambique,1992,10.51595939
MOZ,Mozambique,1993,10.74903291
MOZ,Mozambique,1994,11.16361735
MOZ,Mozambique,1995,11.48502688
MOZ,Mozambique,1996,11.75923791
MOZ,Mozambique,1997,10.58782685
MOZ,Mozambique,1998,12.58721656
MOZ,Mozambique,1999,12.18888628
MOZ,Mozambique,2000,12.98172106
MOZ,Mozambique,2001,13.74012642
MOZ,Mozambique,2002,14.60982765
MOZ,Mozambique,2003,15.14017549
MOZ,Mozambique,2004,16.27514001
MOZ,Mozambique,2005,17.9472274
MOZ,Mozambique,2006,17.96039601
MOZ,Mozambique,2007,18.64344112
MOZ,Mozambique,2008,18.44834435
MOZ,Mozambique,2009,17.66338868
MOZ,Mozambique,2010,18.72056756
MOZ,Mozambique,2011,23.85728965
MOZ,Mozambique,2012,27.15101243
MOZ,Mozambique,2013,28.89507223
MOZ,Mozambique,2014,30.40910417
MOZ,Mozambique,2015,30.18112645
MOZ,Mozambique,2016,32.89510807
MOZ,Mozambique,2017,35.74075652
MOZ,Mozambique,2018,38.69256477
MOZ,Mozambique,2019,36.61876496
MOZ,Mozambique,2020,34.71071952
MOZ,Mozambique,2021,37.7162427
MOZ,Mozambique,2022,40.07207115
MRT,Mauritania,1970,5.69509574
MRT,Mauritania,1971,5.553671875
MRT,Mauritania,1972,5.116713839
MRT,Mauritania,1973,5.014934357
MRT,Mauritania,1974,4.368996248
MRT,Mauritania,1975,4.497118905
MRT,Mauritania,1976,4.724526489
MRT,Mauritania,1977,4.918323729
MRT,Mauritania,1978,5.015615658
MRT,Mauritania,1979,5.187989984
MRT,Mauritania,1980,5.304500643
MRT,Mauritania,1981,5.594623253
MRT,Mauritania,1982,5.720434873
MRT,Mauritania,1983,5.25349663
MRT,Mauritania,1984,5.223403765
MRT,Mauritania,1985,5.500023461
MRT,Mauritania,1986,5.399077975
MRT,Mauritania,1987,5.864258458
MRT,Mauritania,1988,6.219584654
MRT,Mauritania,1989,6.515804936
MRT,Mauritania,1990,6.649798309
MRT,Mauritania,1991,7.038128874
MRT,Mauritania,1992,8.30225078
MRT,Mauritania,1993,8.416886539
MRT,Mauritania,1994,8.390130384
MRT,Mauritania,1995,8.507687092
MRT,Mauritania,1996,8.867744415
MRT,Mauritania,1997,9.278992691
MRT,Mauritania,1998,9.653114476
MRT,Mauritania,1999,10.273412
MRT,Mauritania,2000,9.092788978
MRT,Mauritania,2001,9.495778165
MRT,Mauritania,2002,9.900984851
MRT,Mauritania,2003,10.16916539
MRT,Mauritania,2004,10.177442
MRT,Mauritania,2005,10.40449076
MRT,Mauritania,2006,11.14458316
MRT,Mauritania,2007,10.87361197
MRT,Mauritania,2008,10.66189678
MRT,Mauritania,2009,11.16069895
MRT,Mauritania,2010,11.43213108
MRT,Mauritania,2011,11.81038812
MRT,Mauritania,2012,12.37068135
MRT,Mauritania,2013,12.41917929
MRT,Mauritania,2014,13.14583547
MRT,Mauritania,2015,13.5375691
MRT,Mauritania,2016,13.39907227
MRT,Mauritania,2017,14.67966891
MRT,Mauritania,2018,15.08696099
MRT,Mauritania,2019,15.67386158
MRT,Mauritania,2020,15.76795793
MRT,Mauritania,2021,16.32985654
MRT,Mauritania,2022,16.6699246
MTQ,Martinique,1970,0.407022443
MTQ,Martinique,1971,0.417265632
MTQ,Martinique,1972,0.46313413
MTQ,Martinique,1973,0.468910689
MTQ,Martinique,1974,0.446017902
MTQ,Martinique,1975,0.487936752
MTQ,Martinique,1976,0.471270865
MTQ,Martinique,1977,0.49783396
MTQ,Martinique,1978,0.500347916
MTQ,Martinique,1979,0.501677316
MTQ,Martinique,1980,0.516183482
MTQ,Martinique,1981,0.526749405
MTQ,Martinique,1982,0.52098184
MTQ,Martinique,1983,0.501857889
MTQ,Martinique,1984,0.496362819
MTQ,Martinique,1985,0.546401149
MTQ,Martinique,1986,0.568027268
MTQ,Martinique,1987,0.619524912
MTQ,Martinique,1988,0.722943474
MTQ,Martinique,1989,0.896217618
MTQ,Martinique,1990,0.919047175
MTQ,Martinique,1991,0.833727243
MTQ,Martinique,1992,0.865905781
MTQ,Martinique,1993,1.019675334
MTQ,Martinique,1994,1.006011072
MTQ,Martinique,1995,1.003665584
MTQ,Martinique,1996,0.994881341
MTQ,Martinique,1997,1.009037721
MTQ,Martinique,1998,1.020718246
MTQ,Martinique,1999,0.997892577
MTQ,Martinique,2000,0.841419036
MTQ,Martinique,2001,0.860675218
MTQ,Martinique,2002,0.875119013
MTQ,Martinique,2003,0.88800814
MTQ,Martinique,2004,0.887284731
MTQ,Martinique,2005,0.875025872
MTQ,Martinique,2006,0.926763585
MTQ,Martinique,2007,0.977401346
MTQ,Martinique,2008,0.989877146
MTQ,Martinique,2009,1.065411265
MTQ,Martinique,2010,1.134745966
MTQ,Martinique,2011,1.170904702
MTQ,Martinique,2012,1.181418319
MTQ,Martinique,2013,1.190037831
MTQ,Martinique,2014,1.225492587
MTQ,Martinique,2015,1.08162799
MTQ,Martinique,2016,1.090387139
MTQ,Martinique,2017,1.055090617
MTQ,Martinique,2018,1.052521336
MTQ,Martinique,2019,1.0439125
MTQ,Martinique,2020,0.908715583
MTQ,Martinique,2021,1.047825717
MTQ,Martinique,2022,1.078386174
MUS,Mauritius,1970,0.902753263
MUS,Mauritius,1971,0.944568751
MUS,Mauritius,1972,0.987923687
MUS,Mauritius,1973,1.029496858
MUS,Mauritius,1974,1.083475612
MUS,Mauritius,1975,1.092869841
MUS,Mauritius,1976,1.16022349
MUS,Mauritius,1977,1.267100551
MUS,Mauritius,1978,1.278765813
MUS,Mauritius,1979,1.288721369
MUS,Mauritius,1980,1.243613465
MUS,Mauritius,1981,1.267483887
MUS,Mauritius,1982,1.234822208
MUS,Mauritius,1983,1.311733382
MUS,Mauritius,1984,1.366408256
MUS,Mauritius,1985,1.342605592
MUS,Mauritius,1986,1.508767069
MUS,Mauritius,1987,1.578938644
MUS,Mauritius,1988,1.666325539
MUS,Mauritius,1989,1.796769319
MUS,Mauritius,1990,1.977805907
MUS,Mauritius,1991,2.059183386
MUS,Mauritius,1992,2.143554935
MUS,Mauritius,1993,2.278386673
MUS,Mauritius,1994,2.332457925
MUS,Mauritius,1995,2.400677178
MUS,Mauritius,1996,2.491710852
MUS,Mauritius,1997,2.510003504
MUS,Mauritius,1998,2.695644682
MUS,Mauritius,1999,3.110733372
MUS,Mauritius,2000,3.396664227
MUS,Mauritius,2001,3.549893531
MUS,Mauritius,2002,3.54146873
MUS,Mauritius,2003,3.630012159
MUS,Mauritius,2004,3.682462135
MUS,Mauritius,2005,3.840495927
MUS,Mauritius,2006,4.596475831
MUS,Mauritius,2007,4.733184517
MUS,Mauritius,2008,4.856240663
MUS,Mauritius,2009,4.856728542
MUS,Mauritius,2010,5.148374131
MUS,Mauritius,2011,5.177687577
MUS,Mauritius,2012,5.289509631
MUS,Mauritius,2013,5.451261672
MUS,Mauritius,2014,5.647720032
MUS,Mauritius,2015,5.698822472
MUS,Mauritius,2016,5.81210133
MUS,Mauritius,2017,6.054223382
MUS,Mauritius,2018,6.045463624
MUS,Mauritius,2019,6.146602959
MUS,Mauritius,2020,5.732386704
MUS,Mauritius,2021,6.087337297
MUS,Mauritius,2022,6.409048084
MWI,Malawi,1970,2.739205835
MWI,Malawi,1971,2.844316086
MWI,Malawi,1972,3.028696103
MWI,Malawi,1973,3.1067893
MWI,Malawi,1974,3.255512775
MWI,Malawi,1975,3.37406365
MWI,Malawi,1976,3.538707101
MWI,Malawi,1977,3.625173804
MWI,Malawi,1978,3.722544783
MWI,Malawi,1979,3.789215532
MWI,Malawi,1980,3.884529611
MWI,Malawi,1981,4.016461927
MWI,Malawi,1982,4.112384497
MWI,Malawi,1983,4.16632676
MWI,Malawi,1984,4.296824607
MWI,Malawi,1985,4.589709984
MWI,Malawi,1986,4.705320881
MWI,Malawi,1987,5.037438094
MWI,Malawi,1988,4.767636974
MWI,Malawi,1989,4.957836279
MWI,Malawi,1990,6.396892307
MWI,Malawi,1991,6.649222078
MWI,Malawi,1992,6.790577454
MWI,Malawi,1993,6.845924202
MWI,Malawi,1994,6.78311257
MWI,Malawi,1995,6.898186532
MWI,Malawi,1996,7.113869934
MWI,Malawi,1997,7.331331828
MWI,Malawi,1998,7.840480666
MWI,Malawi,1999,8.032968234
MWI,Malawi,2000,8.674559677
MWI,Malawi,2001,8.768624761
MWI,Malawi,2002,8.827986322
MWI,Malawi,2003,9.037454838
MWI,Malawi,2004,9.129227241
MWI,Malawi,2005,9.73554016
MWI,Malawi,2006,10.21506829
MWI,Malawi,2007,10.90351073
MWI,Malawi,2008,11.48496665
MWI,Malawi,2009,11.66098327
MWI,Malawi,2010,12.44706051
MWI,Malawi,2011,14.10359521
MWI,Malawi,2012,14.45947097
MWI,Malawi,2013,14.18443664
MWI,Malawi,2014,14.53683384
MWI,Malawi,2015,14.93151755
MWI,Malawi,2016,15.33841409
MWI,Malawi,2017,16.29009703
MWI,Malawi,2018,17.55018762
MWI,Malawi,2019,18.92107983
MWI,Malawi,2020,18.94415175
MWI,Malawi,2021,19.7442254
MWI,Malawi,2022,20.91948119
MYS,Malaysia,1970,33.13253702
MYS,Malaysia,1971,33.92213366
MYS,Malaysia,1972,34.69483857
MYS,Malaysia,1973,34.99609402
MYS,Malaysia,1974,37.45021011
MYS,Malaysia,1975,39.4036851
MYS,Malaysia,1976,42.37781829
MYS,Malaysia,1977,42.59188772
MYS,Malaysia,1978,44.76733025
MYS,Malaysia,1979,50.78802446
MYS,Malaysia,1980,52.37312967
MYS,Malaysia,1981,53.42036874
MYS,Malaysia,1982,55.74984577
MYS,Malaysia,1983,62.16215339
MYS,Malaysia,1984,66.05256317
MYS,Malaysia,1985,68.77493266
MYS,Malaysia,1986,71.27108586
MYS,Malaysia,1987,72.85244657
MYS,Malaysia,1988,76.71703156
MYS,Malaysia,1989,85.51977828
MYS,Malaysia,1990,94.79149627
MYS,Malaysia,1991,107.9860174
MYS,Malaysia,1992,112.2952578
MYS,Malaysia,1993,120.2109681
MYS,Malaysia,1994,127.0983607
MYS,Malaysia,1995,133.9798278
MYS,Malaysia,1996,151.6954103
MYS,Malaysia,1997,164.2038034
MYS,Malaysia,1998,162.2358296
MYS,Malaysia,1999,171.6982929
MYS,Malaysia,2000,185.3083826
MYS,Malaysia,2001,192.3689335
MYS,Malaysia,2002,202.7694844
MYS,Malaysia,2003,215.7185563
MYS,Malaysia,2004,233.3864285
MYS,Malaysia,2005,246.0780899
MYS,Malaysia,2006,254.3634344
MYS,Malaysia,2007,271.8968409
MYS,Malaysia,2008,285.4318164
MYS,Malaysia,2009,264.2080067
MYS,Malaysia,2010,279.8170538
MYS,Malaysia,2011,282.236608
MYS,Malaysia,2012,284.6404628
MYS,Malaysia,2013,304.1564549
MYS,Malaysia,2014,318.5790266
MYS,Malaysia,2015,321.3094313
MYS,Malaysia,2016,318.393876
MYS,Malaysia,2017,307.9345242
MYS,Malaysia,2018,326.3141507
MYS,Malaysia,2019,329.6678761
MYS,Malaysia,2020,324.5208605
MYS,Malaysia,2021,334.6704279
MYS,Malaysia,2022,353.9173949
NAM,Namibia,1970,6.544272511
NAM,Namibia,1971,6.646145544
NAM,Namibia,1972,6.747194825
NAM,Namibia,1973,6.8554169
NAM,Namibia,1974,7.498958344
NAM,Namibia,1975,5.638980345
NAM,Namibia,1976,5.6691224
NAM,Namibia,1977,6.410080459
NAM,Namibia,1978,6.466018594
NAM,Namibia,1979,6.892357327
NAM,Namibia,1980,7.138403154
NAM,Namibia,1981,6.072973783
NAM,Namibia,1982,5.539166008
NAM,Namibia,1983,5.465467533
NAM,Namibia,1984,5.54879003
NAM,Namibia,1985,5.649672372
NAM,Namibia,1986,6.040549885
NAM,Namibia,1987,6.41680846
NAM,Namibia,1988,6.771495757
NAM,Namibia,1989,6.742559565
NAM,Namibia,1990,6.638390762
NAM,Namibia,1991,6.771546371
NAM,Namibia,1992,6.740771501
NAM,Namibia,1993,6.67217789
NAM,Namibia,1994,6.860018379
NAM,Namibia,1995,6.971378378
NAM,Namibia,1996,7.162429508
NAM,Namibia,1997,7.429066456
NAM,Namibia,1998,7.722408665
NAM,Namibia,1999,7.895635031
NAM,Namibia,2000,8.500327994
NAM,Namibia,2001,9.003895433
NAM,Namibia,2002,8.506744465
NAM,Namibia,2003,8.755017243
NAM,Namibia,2004,8.89656685
NAM,Namibia,2005,10.69703517
NAM,Namibia,2006,9.233270587
NAM,Namibia,2007,9.266497886
NAM,Namibia,2008,10.16098924
NAM,Namibia,2009,10.12072243
NAM,Namibia,2010,10.12999818
NAM,Namibia,2011,10.2787333
NAM,Namibia,2012,11.56805393
NAM,Namibia,2013,11.13548775
NAM,Namibia,2014,11.86461032
NAM,Namibia,2015,12.00046896
NAM,Namibia,2016,12.93932197
NAM,Namibia,2017,12.45930287
NAM,Namibia,2018,12.45318849
NAM,Namibia,2019,12.8096719
NAM,Namibia,2020,12.41282293
NAM,Namibia,2021,12.63382687
NAM,Namibia,2022,13.1028374
NCL,New Caledonia,1970,1.352798947
NCL,New Caledonia,1971,1.354034965
NCL,New Caledonia,1972,1.422335924
NCL,New Caledonia,1973,1.645522162
NCL,New Caledonia,1974,1.911382231
NCL,New Caledonia,1975,1.67259792
NCL,New Caledonia,1976,1.654248351
NCL,New Caledonia,1977,1.740804028
NCL,New Caledonia,1978,1.762663452
NCL,New Caledonia,1979,1.856892471
NCL,New Caledonia,1980,1.960983914
NCL,New Caledonia,1981,1.908331415
NCL,New Caledonia,1982,1.393855343
NCL,New Caledonia,1983,1.341388001
NCL,New Caledonia,1984,1.412748869
NCL,New Caledonia,1985,1.78979698
NCL,New Caledonia,1986,1.733143573
NCL,New Caledonia,1987,1.87379733
NCL,New Caledonia,1988,1.844940388
NCL,New Caledonia,1989,1.942837393
NCL,New Caledonia,1990,1.908731233
NCL,New Caledonia,1991,2.011878282
NCL,New Caledonia,1992,2.007719012
NCL,New Caledonia,1993,1.929596836
NCL,New Caledonia,1994,1.926134327
NCL,New Caledonia,1995,1.915278558
NCL,New Caledonia,1996,2.090136146
NCL,New Caledonia,1997,2.107624054
NCL,New Caledonia,1998,2.152193679
NCL,New Caledonia,1999,2.221987998
NCL,New Caledonia,2000,2.664740425
NCL,New Caledonia,2001,2.667138653
NCL,New Caledonia,2002,2.914102057
NCL,New Caledonia,2003,3.160425771
NCL,New Caledonia,2004,2.877670541
NCL,New Caledonia,2005,3.143171364
NCL,New Caledonia,2006,3.053395842
NCL,New Caledonia,2007,3.09628904
NCL,New Caledonia,2008,3.112227936
NCL,New Caledonia,2009,3.178504688
NCL,New Caledonia,2010,3.975487506
NCL,New Caledonia,2011,3.949686858
NCL,New Caledonia,2012,4.000493146
NCL,New Caledonia,2013,4.380003571
NCL,New Caledonia,2014,5.337125981
NCL,New Caledonia,2015,5.135991774
NCL,New Caledonia,2016,5.507804524
NCL,New Caledonia,2017,5.331096909
NCL,New Caledonia,2018,6.788701504
NCL,New Caledonia,2019,6.832175535
NCL,New Caledonia,2020,5.46638975
NCL,New Caledonia,2021,5.647866409
NCL,New Caledonia,2022,5.687909565
NER,Niger,1970,11.31056251
NER,Niger,1971,11.6601229
NER,Niger,1972,11.88784929
NER,Niger,1973,9.158755781
NER,Niger,1974,9.239486453
NER,Niger,1975,9.899298476
NER,Niger,1976,10.68800023
NER,Niger,1977,11.7453787
NER,Niger,1978,12.18698067
NER,Niger,1979,12.61769319
NER,Niger,1980,13.16949037
NER,Niger,1981,13.84911018
NER,Niger,1982,14.48269944
NER,Niger,1983,15.25180797
NER,Niger,1984,11.3200047
NER,Niger,1985,9.908469582
NER,Niger,1986,10.26177554
NER,Niger,1987,10.59230172
NER,Niger,1988,10.9913855
NER,Niger,1989,11.41857401
NER,Niger,1990,11.67879842
NER,Niger,1991,12.11906505
NER,Niger,1992,12.57524442
NER,Niger,1993,13.31084677
NER,Niger,1994,13.72684219
NER,Niger,1995,14.28601289
NER,Niger,1996,15.00276467
NER,Niger,1997,15.77943385
NER,Niger,1998,16.46434331
NER,Niger,1999,17.09878575
NER,Niger,2000,17.50564874
NER,Niger,2001,18.30193257
NER,Niger,2002,19.08959047
NER,Niger,2003,19.93757233
NER,Niger,2004,20.8063944
NER,Niger,2005,21.58144992
NER,Niger,2006,22.35552112
NER,Niger,2007,23.27090345
NER,Niger,2008,24.23100558
NER,Niger,2009,25.31974365
NER,Niger,2010,25.17346767
NER,Niger,2011,26.02033185
NER,Niger,2012,27.84634918
NER,Niger,2013,29.26687385
NER,Niger,2014,30.66228828
NER,Niger,2015,31.79086054
NER,Niger,2016,33.21890003
NER,Niger,2017,34.52864135
NER,Niger,2018,36.18944102
NER,Niger,2019,38.04782581
NER,Niger,2020,39.87859904
NER,Niger,2021,41.56789313
NER,Niger,2022,43.24013876
NGA,Nigeria,1970,186.6833108
NGA,Nigeria,1971,201.7904628
NGA,Nigeria,1972,236.9509708
NGA,Nigeria,1973,268.0604505
NGA,Nigeria,1974,301.2995257
NGA,Nigeria,1975,247.6805434
NGA,Nigeria,1976,282.1321161
NGA,Nigeria,1977,277.0141459
NGA,Nigeria,1978,267.1566421
NGA,Nigeria,1979,329.9671357
NGA,Nigeria,1980,304.9771777
NGA,Nigeria,1981,244.1603729
NGA,Nigeria,1982,232.1663125
NGA,Nigeria,1983,230.0411916
NGA,Nigeria,1984,242.8676976
NGA,Nigeria,1985,255.7227153
NGA,Nigeria,1986,253.1519137
NGA,Nigeria,1987,241.1658951
NGA,Nigeria,1988,261.1939953
NGA,Nigeria,1989,286.6985324
NGA,Nigeria,1990,287.3138733
NGA,Nigeria,1991,303.4141028
NGA,Nigeria,1992,327.9956908
NGA,Nigeria,1993,332.1684813
NGA,Nigeria,1994,357.3490377
NGA,Nigeria,1995,389.5161505
NGA,Nigeria,1996,448.3535836
NGA,Nigeria,1997,424.6897654
NGA,Nigeria,1998,392.9884354
NGA,Nigeria,1999,381.3488323
NGA,Nigeria,2000,419.5390184
NGA,Nigeria,2001,427.4986177
NGA,Nigeria,2002,375.348295
NGA,Nigeria,2003,414.8495838
NGA,Nigeria,2004,407.7101466
NGA,Nigeria,2005,399.9787746
NGA,Nigeria,2006,375.6288441
NGA,Nigeria,2007,356.6226988
NGA,Nigeria,2008,359.4728577
NGA,Nigeria,2009,339.942321
NGA,Nigeria,2010,367.0219168
NGA,Nigeria,2011,391.0095488
NGA,Nigeria,2012,395.2177919
NGA,Nigeria,2013,398.0701105
NGA,Nigeria,2014,410.4858789
NGA,Nigeria,2015,404.0840574
NGA,Nigeria,2016,400.6790087
NGA,Nigeria,2017,408.7509736
NGA,Nigeria,2018,419.4781074
NGA,Nigeria,2019,434.7075303
NGA,Nigeria,2020,408.2454657
NGA,Nigeria,2021,409.448496
NGA,Nigeria,2022,407.6902384
NIC,Nicaragua,1970,9.224855621
NIC,Nicaragua,1971,8.833004229
NIC,Nicaragua,1972,8.909443862
NIC,Nicaragua,1973,9.334819127
NIC,Nicaragua,1974,9.834296272
NIC,Nicaragua,1975,10.0693122
NIC,Nicaragua,1976,10.55379793
NIC,Nicaragua,1977,11.36401554
NIC,Nicaragua,1978,11.11432881
NIC,Nicaragua,1979,9.599953675
NIC,Nicaragua,1980,9.313857485
NIC,Nicaragua,1981,9.548665655
NIC,Nicaragua,1982,9.639977254
NIC,Nicaragua,1983,9.460533642
NIC,Nicaragua,1984,9.647829349
NIC,Nicaragua,1985,9.751428884
NIC,Nicaragua,1986,9.646208097
NIC,Nicaragua,1987,9.146032279
NIC,Nicaragua,1988,9.3682503
NIC,Nicaragua,1989,9.730558578
NIC,Nicaragua,1990,10.61437705
NIC,Nicaragua,1991,9.504282068
NIC,Nicaragua,1992,10.42547909
NIC,Nicaragua,1993,11.07410585
NIC,Nicaragua,1994,11.44261027
NIC,Nicaragua,1995,10.97652293
NIC,Nicaragua,1996,11.04518086
NIC,Nicaragua,1997,11.75091585
NIC,Nicaragua,1998,12.16955314
NIC,Nicaragua,1999,13.15555286
NIC,Nicaragua,2000,13.66184607
NIC,Nicaragua,2001,13.91348743
NIC,Nicaragua,2002,14.20886797
NIC,Nicaragua,2003,14.96550234
NIC,Nicaragua,2004,14.90077934
NIC,Nicaragua,2005,14.97990873
NIC,Nicaragua,2006,15.59490871
NIC,Nicaragua,2007,15.84948054
NIC,Nicaragua,2008,15.72322367
NIC,Nicaragua,2009,15.8035969
NIC,Nicaragua,2010,16.22515916
NIC,Nicaragua,2011,17.25400774
NIC,Nicaragua,2012,17.76106208
NIC,Nicaragua,2013,17.8143016
NIC,Nicaragua,2014,18.55205415
NIC,Nicaragua,2015,19.75718648
NIC,Nicaragua,2016,19.93414436
NIC,Nicaragua,2017,19.9781612
NIC,Nicaragua,2018,19.57347539
NIC,Nicaragua,2019,19.96401555
NIC,Nicaragua,2020,19.83910066
NIC,Nicaragua,2021,20.58780732
NIC,Nicaragua,2022,21.0252242
NLD,Netherlands,1970,182.3916703
NLD,Netherlands,1971,184.317044
NLD,Netherlands,1972,203.0377258
NLD,Netherlands,1973,212.6826287
NLD,Netherlands,1974,208.8134712
NLD,Netherlands,1975,201.356939
NLD,Netherlands,1976,212.8762698
NLD,Netherlands,1977,210.8449163
NLD,Netherlands,1978,216.1766064
NLD,Netherlands,1979,226.9312355
NLD,Netherlands,1980,219.7109208
NLD,Netherlands,1981,218.0649351
NLD,Netherlands,1982,206.2540016
NLD,Netherlands,1983,202.9717402
NLD,Netherlands,1984,210.503891
NLD,Netherlands,1985,214.8846395
NLD,Netherlands,1986,217.5166801
NLD,Netherlands,1987,222.0644998
NLD,Netherlands,1988,221.0509665
NLD,Netherlands,1989,224.1535367
NLD,Netherlands,1990,228.3423945
NLD,Netherlands,1991,234.1732191
NLD,Netherlands,1992,232.9883537
NLD,Netherlands,1993,236.5626797
NLD,Netherlands,1994,238.1284793
NLD,Netherlands,1995,241.2253858
NLD,Netherlands,1996,253.0343132
NLD,Netherlands,1997,242.7529428
NLD,Netherlands,1998,242.5142833
NLD,Netherlands,1999,231.5160874
NLD,Netherlands,2000,229.767462
NLD,Netherlands,2001,228.8832783
NLD,Netherlands,2002,227.6162746
NLD,Netherlands,2003,229.9923471
NLD,Netherlands,2004,233.1424985
NLD,Netherlands,2005,226.1314871
NLD,Netherlands,2006,222.4310488
NLD,Netherlands,2007,222.4566665
NLD,Netherlands,2008,218.3542427
NLD,Netherlands,2009,212.0507638
NLD,Netherlands,2010,224.3972765
NLD,Netherlands,2011,210.8816373
NLD,Netherlands,2012,210.5777439
NLD,Netherlands,2013,209.6684961
NLD,Netherlands,2014,201.012905
NLD,Netherlands,2015,208.3827777
NLD,Netherlands,2016,210.4157238
NLD,Netherlands,2017,206.2693213
NLD,Netherlands,2018,199.8226249
NLD,Netherlands,2019,193.6682942
NLD,Netherlands,2020,176.8817935
NLD,Netherlands,2021,178.6971545
NLD,Netherlands,2022,167.8474032
NOR,Norway,1970,55.20063189
NOR,Norway,1971,53.62092007
NOR,Norway,1972,57.22371628
NOR,Norway,1973,58.89669223
NOR,Norway,1974,57.90934586
NOR,Norway,1975,56.60940265
NOR,Norway,1976,59.64129788
NOR,Norway,1977,60.89997281
NOR,Norway,1978,60.64664486
NOR,Norway,1979,64.61729718
NOR,Norway,1980,63.32752004
NOR,Norway,1981,59.66940825
NOR,Norway,1982,55.52651634
NOR,Norway,1983,56.09497025
NOR,Norway,1984,59.270376
NOR,Norway,1985,60.08127598
NOR,Norway,1986,61.96370191
NOR,Norway,1987,61.14669121
NOR,Norway,1988,63.13833036
NOR,Norway,1989,62.92261699
NOR,Norway,1990,62.91409689
NOR,Norway,1991,60.22560072
NOR,Norway,1992,60.930512
NOR,Norway,1993,64.1053676
NOR,Norway,1994,67.62736169
NOR,Norway,1995,68.06185395
NOR,Norway,1996,70.18497311
NOR,Norway,1997,73.29736326
NOR,Norway,1998,74.23827311
NOR,Norway,1999,76.00642652
NOR,Norway,2000,72.38090955
NOR,Norway,2001,73.18216424
NOR,Norway,2002,72.69682181
NOR,Norway,2003,76.7127689
NOR,Norway,2004,77.54825205
NOR,Norway,2005,74.50899094
NOR,Norway,2006,74.85733565
NOR,Norway,2007,75.54859567
NOR,Norway,2008,76.04152033
NOR,Norway,2009,73.27200718
NOR,Norway,2010,76.16419045
NOR,Norway,2011,73.81092085
NOR,Norway,2012,72.39087105
NOR,Norway,2013,72.57262494
NOR,Norway,2014,72.53817355
NOR,Norway,2015,74.29556737
NOR,Norway,2016,73.37779417
NOR,Norway,2017,73.86242733
NOR,Norway,2018,72.7016597
NOR,Norway,2019,70.39571513
NOR,Norway,2020,70.08284842
NOR,Norway,2021,71.67911199
NOR,Norway,2022,69.96548401
NPL,Nepal,1970,25.31178749
NPL,Nepal,1971,25.63542444
NPL,Nepal,1972,25.30728292
NPL,Nepal,1973,26.45619117
NPL,Nepal,1974,26.81136813
NPL,Nepal,1975,27.2507013
NPL,Nepal,1976,27.52387125
NPL,Nepal,1977,27.95423352
NPL,Nepal,1978,28.18204064
NPL,Nepal,1979,28.39472448
NPL,Nepal,1980,29.25680808
NPL,Nepal,1981,29.36169269
NPL,Nepal,1982,28.90187907
NPL,Nepal,1983,30.04897182
NPL,Nepal,1984,30.53730153
NPL,Nepal,1985,30.43450104
NPL,Nepal,1986,30.20852552
NPL,Nepal,1987,31.09602151
NPL,Nepal,1988,31.38985409
NPL,Nepal,1989,31.11402681
NPL,Nepal,1990,31.60499222
NPL,Nepal,1991,31.52381474
NPL,Nepal,1992,30.37167903
NPL,Nepal,1993,31.95528194
NPL,Nepal,1994,32.24712789
NPL,Nepal,1995,33.76919501
NPL,Nepal,1996,34.14387431
NPL,Nepal,1997,34.44375298
NPL,Nepal,1998,34.79417751
NPL,Nepal,1999,35.723745
NPL,Nepal,2000,36.06350399
NPL,Nepal,2001,36.35016848
NPL,Nepal,2002,36.15809436
NPL,Nepal,2003,37.09834081
NPL,Nepal,2004,36.91493364
NPL,Nepal,2005,37.50923017
NPL,Nepal,2006,37.40725128
NPL,Nepal,2007,37.31280453
NPL,Nepal,2008,38.88829301
NPL,Nepal,2009,40.58954599
NPL,Nepal,2010,41.37546076
NPL,Nepal,2011,42.59892697
NPL,Nepal,2012,44.16487566
NPL,Nepal,2013,44.45606402
NPL,Nepal,2014,45.92201237
NPL,Nepal,2015,45.72637957
NPL,Nepal,2016,49.3764244
NPL,Nepal,2017,53.40130134
NPL,Nepal,2018,55.35634649
NPL,Nepal,2019,54.54112638
NPL,Nepal,2020,55.48455354
NPL,Nepal,2021,56.55624126
NPL,Nepal,2022,56.73514222
NZL,New Zealand,1970,57.27736041
NZL,New Zealand,1971,55.55954503
NZL,New Zealand,1972,59.71706726
NZL,New Zealand,1973,60.54462253
NZL,New Zealand,1974,61.7160802
NZL,New Zealand,1975,60.78566904
NZL,New Zealand,1976,63.12082799
NZL,New Zealand,1977,64.17478206
NZL,New Zealand,1978,64.02979147
NZL,New Zealand,1979,62.12054689
NZL,New Zealand,1980,64.53825563
NZL,New Zealand,1981,64.51568605
NZL,New Zealand,1982,66.45747139
NZL,New Zealand,1983,66.71403766
NZL,New Zealand,1984,67.86779588
NZL,New Zealand,1985,68.39101483
NZL,New Zealand,1986,68.4360977
NZL,New Zealand,1987,68.00156652
NZL,New Zealand,1988,69.76006438
NZL,New Zealand,1989,68.59031008
NZL,New Zealand,1990,70.54439609
NZL,New Zealand,1991,70.88925723
NZL,New Zealand,1992,72.00922755
NZL,New Zealand,1993,72.68548253
NZL,New Zealand,1994,75.05445149
NZL,New Zealand,1995,76.42511751
NZL,New Zealand,1996,77.16786897
NZL,New Zealand,1997,79.73077183
NZL,New Zealand,1998,78.61685754
NZL,New Zealand,1999,80.88184361
NZL,New Zealand,2000,81.82409848
NZL,New Zealand,2001,84.29881999
NZL,New Zealand,2002,86.16903625
NZL,New Zealand,2003,87.64900349
NZL,New Zealand,2004,87.61486963
NZL,New Zealand,2005,88.08182058
NZL,New Zealand,2006,88.6465823
NZL,New Zealand,2007,87.40190706
NZL,New Zealand,2008,87.05733413
NZL,New Zealand,2009,84.83328002
NZL,New Zealand,2010,85.2133712
NZL,New Zealand,2011,84.73883511
NZL,New Zealand,2012,87.33270094
NZL,New Zealand,2013,86.19197162
NZL,New Zealand,2014,87.72410673
NZL,New Zealand,2015,86.67708359
NZL,New Zealand,2016,86.60583767
NZL,New Zealand,2017,87.97445475
NZL,New Zealand,2018,87.71567607
NZL,New Zealand,2019,88.88405614
NZL,New Zealand,2020,85.20868198
NZL,New Zealand,2021,85.14030612
NZL,New Zealand,2022,82.72040077
OMN,Oman,1970,14.17236004
OMN,Oman,1971,14.19439993
OMN,Oman,1972,14.05162676
OMN,Oman,1973,14.3683465
OMN,Oman,1974,14.72792802
OMN,Oman,1975,34.11570214
OMN,Oman,1976,37.66344205
OMN,Oman,1977,37.06381744
OMN,Oman,1978,31.61037409
OMN,Oman,1979,28.95110614
OMN,Oman,1980,20.22907255
OMN,Oman,1981,22.71448478
OMN,Oman,1982,21.04449572
OMN,Oman,1983,24.04467632
OMN,Oman,1984,22.96070378
OMN,Oman,1985,22.2335055
OMN,Oman,1986,25.56278186
OMN,Oman,1987,25.82352427
OMN,Oman,1988,27.95194833
OMN,Oman,1989,28.44974637
OMN,Oman,1990,33.4647873
OMN,Oman,1991,40.96786994
OMN,Oman,1992,38.17208425
OMN,Oman,1993,36.11504063
OMN,Oman,1994,35.29917943
OMN,Oman,1995,40.28396325
OMN,Oman,1996,42.54526624
OMN,Oman,1997,45.95191592
OMN,Oman,1998,42.32638757
OMN,Oman,1999,46.50144388
OMN,Oman,2000,52.02091613
OMN,Oman,2001,58.27900925
OMN,Oman,2002,61.44814221
OMN,Oman,2003,67.08056801
OMN,Oman,2004,65.59333503
OMN,Oman,2005,66.64775504
OMN,Oman,2006,74.56651544
OMN,Oman,2007,76.45025984
OMN,Oman,2008,75.86734972
OMN,Oman,2009,78.11420064
OMN,Oman,2010,82.9228778
OMN,Oman,2011,92.48343433
OMN,Oman,2012,101.6393232
OMN,Oman,2013,106.8937762
OMN,Oman,2014,111.2470564
OMN,Oman,2015,117.1684926
OMN,Oman,2016,120.7988598
OMN,Oman,2017,121.26211
OMN,Oman,2018,126.0003883
OMN,Oman,2019,127.3229961
OMN,Oman,2020,122.6442421
OMN,Oman,2021,131.6921288
OMN,Oman,2022,137.2437258
PAK,Pakistan,1970,104.9935123
PAK,Pakistan,1971,105.3157335
PAK,Pakistan,1972,107.2665791
PAK,Pakistan,1973,110.3564932
PAK,Pakistan,1974,114.3593453
PAK,Pakistan,1975,119.807278
PAK,Pakistan,1976,121.4402965
PAK,Pakistan,1977,127.251907
PAK,Pakistan,1978,132.4734769
PAK,Pakistan,1979,137.3134488
PAK,Pakistan,1980,138.0864911
PAK,Pakistan,1981,143.8939784
PAK,Pakistan,1982,150.9454242
PAK,Pakistan,1983,154.6448542
PAK,Pakistan,1984,159.6499995
PAK,Pakistan,1985,167.1884758
PAK,Pakistan,1986,182.1513861
PAK,Pakistan,1987,190.8208684
PAK,Pakistan,1988,198.7946916
PAK,Pakistan,1989,208.1122603
PAK,Pakistan,1990,215.0328795
PAK,Pakistan,1991,215.4934168
PAK,Pakistan,1992,226.4157484
PAK,Pakistan,1993,238.8180208
PAK,Pakistan,1994,243.6957326
PAK,Pakistan,1995,255.2872957
PAK,Pakistan,1996,264.69548
PAK,Pakistan,1997,272.035461
PAK,Pakistan,1998,278.467669
PAK,Pakistan,1999,291.9807125
PAK,Pakistan,2000,296.5939573
PAK,Pakistan,2001,300.2554147
PAK,Pakistan,2002,307.3543096
PAK,Pakistan,2003,320.84116
PAK,Pakistan,2004,341.862476
PAK,Pakistan,2005,351.1286537
PAK,Pakistan,2006,373.0644222
PAK,Pakistan,2007,395.3081459
PAK,Pakistan,2008,399.2880142
PAK,Pakistan,2009,409.5946292
PAK,Pakistan,2010,400.0936511
PAK,Pakistan,2011,411.1470169
PAK,Pakistan,2012,414.0767662
PAK,Pakistan,2013,428.0903369
PAK,Pakistan,2014,445.132805
PAK,Pakistan,2015,455.7529417
PAK,Pakistan,2016,487.4225678
PAK,Pakistan,2017,512.766219
PAK,Pakistan,2018,510.5590106
PAK,Pakistan,2019,517.3047119
PAK,Pakistan,2020,527.436054
PAK,Pakistan,2021,561.0149028
PAK,Pakistan,2022,546.0993069
PAN,Panama,1970,6.38124788
PAN,Panama,1971,6.571237173
PAN,Panama,1972,6.888963472
PAN,Panama,1973,7.280622949
PAN,Panama,1974,7.436552484
PAN,Panama,1975,7.58205444
PAN,Panama,1976,7.64680555
PAN,Panama,1977,7.606309455
PAN,Panama,1978,7.440516619
PAN,Panama,1979,7.762979947
PAN,Panama,1980,7.572162436
PAN,Panama,1981,7.253960985
PAN,Panama,1982,7.65501939
PAN,Panama,1983,8.148831034
PAN,Panama,1984,7.524904469
PAN,Panama,1985,7.329898811
PAN,Panama,1986,7.427876459
PAN,Panama,1987,7.726107759
PAN,Panama,1988,7.019948727
PAN,Panama,1989,7.190833672
PAN,Panama,1990,7.365886992
PAN,Panama,1991,7.858860577
PAN,Panama,1992,8.580796217
PAN,Panama,1993,8.727709846
PAN,Panama,1994,9.063843178
PAN,Panama,1995,9.417067707
PAN,Panama,1996,9.456939822
PAN,Panama,1997,9.472696364
PAN,Panama,1998,10.76670039
PAN,Panama,1999,10.0212043
PAN,Panama,2000,10.19541432
PAN,Panama,2001,11.71546615
PAN,Panama,2002,11.01091332
PAN,Panama,2003,11.12029578
PAN,Panama,2004,11.13863789
PAN,Panama,2005,12.93492305
PAN,Panama,2006,13.41970525
PAN,Panama,2007,13.35352536
PAN,Panama,2008,13.35337253
PAN,Panama,2009,14.85743869
PAN,Panama,2010,15.46470781
PAN,Panama,2011,16.52529371
PAN,Panama,2012,16.98535406
PAN,Panama,2013,16.8810063
PAN,Panama,2014,17.22934431
PAN,Panama,2015,17.03105407
PAN,Panama,2016,17.22068037
PAN,Panama,2017,16.74904998
PAN,Panama,2018,16.70446563
PAN,Panama,2019,19.90970836
PAN,Panama,2020,16.4644611
PAN,Panama,2021,17.86419001
PAN,Panama,2022,18.47764433
PER,Peru,1970,39.37586652
PER,Peru,1971,40.29518305
PER,Peru,1972,39.42555576
PER,Peru,1973,40.58465155
PER,Peru,1974,42.70657653
PER,Peru,1975,43.05993626
PER,Peru,1976,44.06569724
PER,Peru,1977,44.13083935
PER,Peru,1978,45.12307354
PER,Peru,1979,47.17844389
PER,Peru,1980,48.00189029
PER,Peru,1981,50.01696575
PER,Peru,1982,50.09188159
PER,Peru,1983,45.69873269
PER,Peru,1984,47.64046853
PER,Peru,1985,46.50878699
PER,Peru,1986,48.50708722
PER,Peru,1987,50.99980571
PER,Peru,1988,51.15300974
PER,Peru,1989,47.98146316
PER,Peru,1990,47.00329807
PER,Peru,1991,46.25106523
PER,Peru,1992,47.04183325
PER,Peru,1993,48.79538609
PER,Peru,1994,50.17439668
PER,Peru,1995,54.84465191
PER,Peru,1996,57.90402724
PER,Peru,1997,57.98271625
PER,Peru,1998,58.26263606
PER,Peru,1999,61.09215183
PER,Peru,2000,61.56879113
PER,Peru,2001,58.86665364
PER,Peru,2002,60.70676396
PER,Peru,2003,60.89538495
PER,Peru,2004,64.97546247
PER,Peru,2005,66.33850676
PER,Peru,2006,66.08396405
PER,Peru,2007,69.75320671
PER,Peru,2008,73.40399898
PER,Peru,2009,77.37783693
PER,Peru,2010,82.96203531
PER,Peru,2011,88.34370753
PER,Peru,2012,88.73300329
PER,Peru,2013,90.38652072
PER,Peru,2014,93.87012209
PER,Peru,2015,95.6127257
PER,Peru,2016,99.08953377
PER,Peru,2017,96.52113335
PER,Peru,2018,96.67523073
PER,Peru,2019,100.8267408
PER,Peru,2020,89.32034333
PER,Peru,2021,97.73399468
PER,Peru,2022,105.1393593
PHL,Philippines,1970,90.67302615
PHL,Philippines,1971,92.92328675
PHL,Philippines,1972,92.96707758
PHL,Philippines,1973,101.6368973
PHL,Philippines,1974,99.33885634
PHL,Philippines,1975,100.6045839
PHL,Philippines,1976,98.5657511
PHL,Philippines,1977,101.8119269
PHL,Philippines,1978,103.6425358
PHL,Philippines,1979,107.7485443
PHL,Philippines,1980,102.3062451
PHL,Philippines,1981,99.81784095
PHL,Philippines,1982,98.84705498
PHL,Philippines,1983,100.669009
PHL,Philippines,1984,96.95126333
PHL,Philippines,1985,97.89182361
PHL,Philippines,1986,96.69094331
PHL,Philippines,1987,102.1809777
PHL,Philippines,1988,105.4731801
PHL,Philippines,1989,108.0421355
PHL,Philippines,1990,109.8124374
PHL,Philippines,1991,109.7243774
PHL,Philippines,1992,111.723872
PHL,Philippines,1993,116.3775767
PHL,Philippines,1994,122.9872386
PHL,Philippines,1995,135.1183464
PHL,Philippines,1996,140.9045631
PHL,Philippines,1997,149.6322718
PHL,Philippines,1998,142.7631262
PHL,Philippines,1999,148.130803
PHL,Philippines,2000,149.3622917
PHL,Philippines,2001,148.2258238
PHL,Philippines,2002,151.5865754
PHL,Philippines,2003,155.1940906
PHL,Philippines,2004,158.7461836
PHL,Philippines,2005,162.9580102
PHL,Philippines,2006,155.8579379
PHL,Philippines,2007,165.0832513
PHL,Philippines,2008,167.5267948
PHL,Philippines,2009,170.5845318
PHL,Philippines,2010,176.2076402
PHL,Philippines,2011,177.7336959
PHL,Philippines,2012,182.9571372
PHL,Philippines,2013,193.8690356
PHL,Philippines,2014,200.9184208
PHL,Philippines,2015,210.1037289
PHL,Philippines,2016,221.0367881
PHL,Philippines,2017,239.38569
PHL,Philippines,2018,246.0318036
PHL,Philippines,2019,253.3936024
PHL,Philippines,2020,242.6426933
PHL,Philippines,2021,254.430064
PHL,Philippines,2022,265.2959407
PLW,Palau,1970,2.149708935
PLW,Palau,1971,2.14991596
PLW,Palau,1972,2.149918427
PLW,Palau,1973,2.150011675
PLW,Palau,1974,2.150109214
PLW,Palau,1975,2.150170874
PLW,Palau,1976,2.150329395
PLW,Palau,1977,2.150394028
PLW,Palau,1978,2.150456254
PLW,Palau,1979,2.150403229
PLW,Palau,1980,2.150213731
PLW,Palau,1981,2.182756425
PLW,Palau,1982,2.167340668
PLW,Palau,1983,2.250374464
PLW,Palau,1984,2.488478387
PLW,Palau,1985,2.014441194
PLW,Palau,1986,2.196111708
PLW,Palau,1987,2.302401161
PLW,Palau,1988,2.204097335
PLW,Palau,1989,2.301554508
PLW,Palau,1990,2.326248714
PLW,Palau,1991,2.308998486
PLW,Palau,1992,2.112244131
PLW,Palau,1993,2.161707972
PLW,Palau,1994,3.234449821
PLW,Palau,1995,2.53756566
PLW,Palau,1996,2.387599378
PLW,Palau,1997,2.683618919
PLW,Palau,1998,2.42586342
PLW,Palau,1999,2.586792705
PLW,Palau,2000,2.233509165
PLW,Palau,2001,2.476739769
PLW,Palau,2002,1.508363361
PLW,Palau,2003,1.79341615
PLW,Palau,2004,1.596526338
PLW,Palau,2005,1.841101458
PLW,Palau,2006,1.800077434
PLW,Palau,2007,1.463170834
PLW,Palau,2008,1.480553235
PLW,Palau,2009,2.281898901
PLW,Palau,2010,2.204632917
PLW,Palau,2011,2.46611304
PLW,Palau,2012,3.722041262
PLW,Palau,2013,1.881455097
PLW,Palau,2014,1.323041362
PLW,Palau,2015,1.253168466
PLW,Palau,2016,1.20068732
PLW,Palau,2017,1.255255456
PLW,Palau,2018,1.287040633
PLW,Palau,2019,1.326746455
PLW,Palau,2020,1.335787599
PLW,Palau,2021,1.389350284
PLW,Palau,2022,1.418060484
PNG,Papua New Guinea,1970,1.855546249
PNG,Papua New Guinea,1971,1.897622496
PNG,Papua New Guinea,1972,2.015291742
PNG,Papua New Guinea,1973,2.302276814
PNG,Papua New Guinea,1974,2.685351682
PNG,Papua New Guinea,1975,2.41464047
PNG,Papua New Guinea,1976,2.435467501
PNG,Papua New Guinea,1977,2.545719163
PNG,Papua New Guinea,1978,2.562360832
PNG,Papua New Guinea,1979,2.712572948
PNG,Papua New Guinea,1980,2.866296496
PNG,Papua New Guinea,1981,2.884370495
PNG,Papua New Guinea,1982,2.928367254
PNG,Papua New Guinea,1983,2.96922257
PNG,Papua New Guinea,1984,3.092775532
PNG,Papua New Guinea,1985,3.255764676
PNG,Papua New Guinea,1986,3.175696537
PNG,Papua New Guinea,1987,3.625302744
PNG,Papua New Guinea,1988,3.516467928
PNG,Papua New Guinea,1989,3.448719168
PNG,Papua New Guinea,1990,3.847950322
PNG,Papua New Guinea,1991,3.912223365
PNG,Papua New Guinea,1992,4.158116234
PNG,Papua New Guinea,1993,4.225352856
PNG,Papua New Guinea,1994,4.253467159
PNG,Papua New Guinea,1995,4.494475181
PNG,Papua New Guinea,1996,4.72721891
PNG,Papua New Guinea,1997,4.780126246
PNG,Papua New Guinea,1998,8.096182542
PNG,Papua New Guinea,1999,5.160805046
PNG,Papua New Guinea,2000,6.537605132
PNG,Papua New Guinea,2001,6.63080096
PNG,Papua New Guinea,2002,7.389014954
PNG,Papua New Guinea,2003,7.652124244
PNG,Papua New Guinea,2004,8.170907249
PNG,Papua New Guinea,2005,9.572291032
PNG,Papua New Guinea,2006,10.09296991
PNG,Papua New Guinea,2007,9.034358787
PNG,Papua New Guinea,2008,9.637685773
PNG,Papua New Guinea,2009,8.108249172
PNG,Papua New Guinea,2010,6.978223235
PNG,Papua New Guinea,2011,7.259344079
PNG,Papua New Guinea,2012,7.055440388
PNG,Papua New Guinea,2013,7.441326526
PNG,Papua New Guinea,2014,9.705268925
PNG,Papua New Guinea,2015,11.14021922
PNG,Papua New Guinea,2016,11.97308418
PNG,Papua New Guinea,2017,11.82260747
PNG,Papua New Guinea,2018,11.79245221
PNG,Papua New Guinea,2019,12.30267502
PNG,Papua New Guinea,2020,8.88508811
PNG,Papua New Guinea,2021,9.128328607
PNG,Papua New Guinea,2022,9.096812603
POL,Poland,1970,486.545021
POL,Poland,1971,498.0742832
POL,Poland,1972,515.4475286
POL,Poland,1973,540.873472
POL,Poland,1974,560.3494361
POL,Poland,1975,580.8457891
POL,Poland,1976,607.1429482
POL,Poland,1977,622.370043
POL,Poland,1978,657.9998634
POL,Poland,1979,660.0061262
POL,Poland,1980,661.3686795
POL,Poland,1981,601.3382124
POL,Poland,1982,621.6246566
POL,Poland,1983,622.0621076
POL,Poland,1984,634.4339652
POL,Poland,1985,641.8450478
POL,Poland,1986,648.5440941
POL,Poland,1987,660.8776971
POL,Poland,1988,648.0243029
POL,Poland,1989,616.827165
POL,Poland,1990,514.6131733
POL,Poland,1991,503.7000305
POL,Poland,1992,489.5467665
POL,Poland,1993,485.4103867
POL,Poland,1994,478.4723365
POL,Poland,1995,479.6059363
POL,Poland,1996,492.7821896
POL,Poland,1997,484.0367866
POL,Poland,1998,443.7726569
POL,Poland,1999,430.4447151
POL,Poland,2000,413.2143815
POL,Poland,2001,408.1132121
POL,Poland,2002,400.8726525
POL,Poland,2003,410.9964991
POL,Poland,2004,411.4096505
POL,Poland,2005,412.0293393
POL,Poland,2006,426.2634491
POL,Poland,2007,424.179344
POL,Poland,2008,415.8218913
POL,Poland,2009,397.6888648
POL,Poland,2010,418.102387
POL,Poland,2011,414.8478137
POL,Poland,2012,409.9089647
POL,Poland,2013,403.7583853
POL,Poland,2014,388.4658504
POL,Poland,2015,389.9911308
POL,Poland,2016,400.0406635
POL,Poland,2017,413.8028879
POL,Poland,2018,411.1161189
POL,Poland,2019,392.3673797
POL,Poland,2020,374.3348545
POL,Poland,2021,406.9368987
POL,Poland,2022,400.823804
PRI,Puerto Rico,1970,30.65400945
PRI,Puerto Rico,1971,32.79021495
PRI,Puerto Rico,1972,39.55064436
PRI,Puerto Rico,1973,43.96316087
PRI,Puerto Rico,1974,41.62082686
PRI,Puerto Rico,1975,39.09563501
PRI,Puerto Rico,1976,42.75295187
PRI,Puerto Rico,1977,47.85259054
PRI,Puerto Rico,1978,48.51532707
PRI,Puerto Rico,1979,41.85021562
PRI,Puerto Rico,1980,34.58661827
PRI,Puerto Rico,1981,30.11197402
PRI,Puerto Rico,1982,23.5513296
PRI,Puerto Rico,1983,24.01956129
PRI,Puerto Rico,1984,21.84996655
PRI,Puerto Rico,1985,19.45009992
PRI,Puerto Rico,1986,23.68826571
PRI,Puerto Rico,1987,21.28528007
PRI,Puerto Rico,1988,24.53891073
PRI,Puerto Rico,1989,25.57857584
PRI,Puerto Rico,1990,21.71095128
PRI,Puerto Rico,1991,22.33412992
PRI,Puerto Rico,1992,22.76334789
PRI,Puerto Rico,1993,23.3755417
PRI,Puerto Rico,1994,23.87750039
PRI,Puerto Rico,1995,24.26906362
PRI,Puerto Rico,1996,24.60518769
PRI,Puerto Rico,1997,25.21063208
PRI,Puerto Rico,1998,25.59206497
PRI,Puerto Rico,1999,27.29695917
PRI,Puerto Rico,2000,27.36368415
PRI,Puerto Rico,2001,27.17486961
PRI,Puerto Rico,2002,22.6282347
PRI,Puerto Rico,2003,28.5505013
PRI,Puerto Rico,2004,28.71185955
PRI,Puerto Rico,2005,28.58548751
PRI,Puerto Rico,2006,19.1775895
PRI,Puerto Rico,2007,20.12691122
PRI,Puerto Rico,2008,17.66258992
PRI,Puerto Rico,2009,16.26277808
PRI,Puerto Rico,2010,15.66246628
PRI,Puerto Rico,2011,14.02705657
PRI,Puerto Rico,2012,13.65788116
PRI,Puerto Rico,2013,13.70337219
PRI,Puerto Rico,2014,14.02014555
PRI,Puerto Rico,2015,14.2154071
PRI,Puerto Rico,2016,13.41436626
PRI,Puerto Rico,2017,13.99777911
PRI,Puerto Rico,2018,16.20275126
PRI,Puerto Rico,2019,14.93424089
PRI,Puerto Rico,2020,14.95918864
PRI,Puerto Rico,2021,15.51749011
PRI,Puerto Rico,2022,15.264586
PRK,North Korea,1970,100.0880593
PRK,North Korea,1971,100.721238
PRK,North Korea,1972,104.0236921
PRK,North Korea,1973,106.4937835
PRK,North Korea,1974,110.3480143
PRK,North Korea,1975,114.7451768
PRK,North Korea,1976,121.6885627
PRK,North Korea,1977,128.3769066
PRK,North Korea,1978,137.0428285
PRK,North Korea,1979,146.548181
PRK,North Korea,1980,153.5230196
PRK,North Korea,1981,157.8176374
PRK,North Korea,1982,163.9125554
PRK,North Korea,1983,169.4125771
PRK,North Korea,1984,174.8940399
PRK,North Korea,1985,180.4963555
PRK,North Korea,1986,178.3908798
PRK,North Korea,1987,172.7912763
PRK,North Korea,1988,176.314713
PRK,North Korea,1989,176.506459
PRK,North Korea,1990,169.8363275
PRK,North Korea,1991,163.4469367
PRK,North Korea,1992,147.336843
PRK,North Korea,1993,137.7089157
PRK,North Korea,1994,125.9172149
PRK,North Korea,1995,117.3435268
PRK,North Korea,1996,107.5237902
PRK,North Korea,1997,105.2664631
PRK,North Korea,1998,90.06027667
PRK,North Korea,1999,97.61931606
PRK,North Korea,2000,103.9438561
PRK,North Korea,2001,107.7258447
PRK,North Korea,2002,104.0383722
PRK,North Korea,2003,106.2140201
PRK,North Korea,2004,108.7584853
PRK,North Korea,2005,113.5631873
PRK,North Korea,2006,115.3078012
PRK,North Korea,2007,99.66750616
PRK,North Korea,2008,106.9923465
PRK,North Korea,2009,85.97013984
PRK,North Korea,2010,82.34894358
PRK,North Korea,2011,68.15894432
PRK,North Korea,2012,69.21931886
PRK,North Korea,2013,58.45251296
PRK,North Korea,2014,62.05751104
PRK,North Korea,2015,55.74601657
PRK,North Korea,2016,61.37597944
PRK,North Korea,2017,83.98679721
PRK,North Korea,2018,78.54633671
PRK,North Korea,2019,84.58247239
PRK,North Korea,2020,80.42387863
PRK,North Korea,2021,82.59283215
PRK,North Korea,2022,81.29251556
PRT,Portugal,1970,29.95099354
PRT,Portugal,1971,30.89151529
PRT,Portugal,1972,31.58638388
PRT,Portugal,1973,33.98159982
PRT,Portugal,1974,33.44081268
PRT,Portugal,1975,35.01297772
PRT,Portugal,1976,36.21863123
PRT,Portugal,1977,36.88362606
PRT,Portugal,1978,38.95171036
PRT,Portugal,1979,42.03044146
PRT,Portugal,1980,43.21268682
PRT,Portugal,1981,45.00438942
PRT,Portugal,1982,47.63979073
PRT,Portugal,1983,46.36099956
PRT,Portugal,1984,44.477056
PRT,Portugal,1985,43.28984511
PRT,Portugal,1986,47.87722861
PRT,Portugal,1987,47.81882001
PRT,Portugal,1988,48.7412041
PRT,Portugal,1989,57.84260713
PRT,Portugal,1990,59.46477215
PRT,Portugal,1991,61.01489854
PRT,Portugal,1992,64.78338683
PRT,Portugal,1993,63.59917113
PRT,Portugal,1994,66.57333534
PRT,Portugal,1995,69.37455855
PRT,Portugal,1996,68.32007821
PRT,Portugal,1997,71.16703289
PRT,Portugal,1998,76.02961676
PRT,Portugal,1999,83.04753763
PRT,Portugal,2000,81.9294391
PRT,Portugal,2001,80.44478815
PRT,Portugal,2002,84.83388413
PRT,Portugal,2003,79.69789323
PRT,Portugal,2004,81.25707964
PRT,Portugal,2005,84.1176946
PRT,Portugal,2006,79.44404551
PRT,Portugal,2007,77.97367738
PRT,Portugal,2008,75.3824276
PRT,Portugal,2009,74.38952068
PRT,Portugal,2010,69.13470955
PRT,Portugal,2011,67.44995309
PRT,Portugal,2012,65.56626103
PRT,Portugal,2013,63.75184396
PRT,Portugal,2014,63.51745487
PRT,Portugal,2015,67.7793864
PRT,Portugal,2016,66.89242474
PRT,Portugal,2017,72.18882818
PRT,Portugal,2018,68.29549159
PRT,Portugal,2019,63.91699149
PRT,Portugal,2020,58.4305868
PRT,Portugal,2021,57.57871023
PRT,Portugal,2022,59.71253487
PRY,Paraguay,1970,10.66082323
PRY,Paraguay,1971,10.98114867
PRY,Paraguay,1972,11.32658187
PRY,Paraguay,1973,11.94477425
PRY,Paraguay,1974,12.25906769
PRY,Paraguay,1975,12.85341003
PRY,Paraguay,1976,14.03164397
PRY,Paraguay,1977,14.92586191
PRY,Paraguay,1978,15.20415961
PRY,Paraguay,1979,14.94550731
PRY,Paraguay,1980,15.16360032
PRY,Paraguay,1981,16.2847744
PRY,Paraguay,1982,16.99892647
PRY,Paraguay,1983,17.47687231
PRY,Paraguay,1984,18.22349782
PRY,Paraguay,1985,18.80496712
PRY,Paraguay,1986,19.19007066
PRY,Paraguay,1987,19.9797824
PRY,Paraguay,1988,20.97459497
PRY,Paraguay,1989,21.17005554
PRY,Paraguay,1990,21.37978575
PRY,Paraguay,1991,20.0736118
PRY,Paraguay,1992,21.01119298
PRY,Paraguay,1993,22.94560236
PRY,Paraguay,1994,24.36524871
PRY,Paraguay,1995,26.20882394
PRY,Paraguay,1996,26.1877859
PRY,Paraguay,1997,26.58589453
PRY,Paraguay,1998,26.76155066
PRY,Paraguay,1999,26.28836855
PRY,Paraguay,2000,25.63406111
PRY,Paraguay,2001,26.2140236
PRY,Paraguay,2002,25.39737226
PRY,Paraguay,2003,27.31532417
PRY,Paraguay,2004,26.42215589
PRY,Paraguay,2005,26.63246412
PRY,Paraguay,2006,28.46824534
PRY,Paraguay,2007,30.53210104
PRY,Paraguay,2008,31.72521382
PRY,Paraguay,2009,34.30209095
PRY,Paraguay,2010,37.2822654
PRY,Paraguay,2011,37.6644358
PRY,Paraguay,2012,38.86113556
PRY,Paraguay,2013,39.37044114
PRY,Paraguay,2014,41.81283223
PRY,Paraguay,2015,41.69079277
PRY,Paraguay,2016,42.19624552
PRY,Paraguay,2017,43.2370766
PRY,Paraguay,2018,42.81855548
PRY,Paraguay,2019,43.25361761
PRY,Paraguay,2020,43.49144213
PRY,Paraguay,2021,45.56604549
PRY,Paraguay,2022,45.56526005
PYF,French Polynesia,1970,0.213055341
PYF,French Polynesia,1971,0.21501233
PYF,French Polynesia,1972,0.225083973
PYF,French Polynesia,1973,0.256440269
PYF,French Polynesia,1974,0.298405641
PYF,French Polynesia,1975,0.262353146
PYF,French Polynesia,1976,0.261812449
PYF,French Polynesia,1977,0.27513056
PYF,French Polynesia,1978,0.275672653
PYF,French Polynesia,1979,0.291896344
PYF,French Polynesia,1980,0.312003786
PYF,French Polynesia,1981,0.436216408
PYF,French Polynesia,1982,0.532806253
PYF,French Polynesia,1983,0.67053703
PYF,French Polynesia,1984,0.869709637
PYF,French Polynesia,1985,0.844537906
PYF,French Polynesia,1986,0.921958226
PYF,French Polynesia,1987,1.032666375
PYF,French Polynesia,1988,1.027004311
PYF,French Polynesia,1989,1.000895319
PYF,French Polynesia,1990,0.960614733
PYF,French Polynesia,1991,0.971423467
PYF,French Polynesia,1992,0.93133176
PYF,French Polynesia,1993,0.916541653
PYF,French Polynesia,1994,0.781158035
PYF,French Polynesia,1995,0.783340039
PYF,French Polynesia,1996,0.787161682
PYF,French Polynesia,1997,0.84249809
PYF,French Polynesia,1998,0.874342806
PYF,French Polynesia,1999,0.854887469
PYF,French Polynesia,2000,0.941333793
PYF,French Polynesia,2001,1.049137403
PYF,French Polynesia,2002,1.084762121
PYF,French Polynesia,2003,1.143015402
PYF,French Polynesia,2004,1.089498976
PYF,French Polynesia,2005,1.150052081
PYF,French Polynesia,2006,1.08580671
PYF,French Polynesia,2007,1.101267873
PYF,French Polynesia,2008,1.12636235
PYF,French Polynesia,2009,1.123431781
PYF,French Polynesia,2010,1.162055879
PYF,French Polynesia,2011,1.132810114
PYF,French Polynesia,2012,1.099825579
PYF,French Polynesia,2013,1.163807592
PYF,French Polynesia,2014,1.153510855
PYF,French Polynesia,2015,1.190797802
PYF,French Polynesia,2016,1.193728903
PYF,French Polynesia,2017,1.189014758
PYF,French Polynesia,2018,1.22313743
PYF,French Polynesia,2019,1.278429324
PYF,French Polynesia,2020,1.061449228
PYF,French Polynesia,2021,1.099220742
PYF,French Polynesia,2022,1.122112222
QAT,Qatar,1970,24.29446714
QAT,Qatar,1971,27.9210176
QAT,Qatar,1972,32.95548257
QAT,Qatar,1973,37.56878731
QAT,Qatar,1974,32.44007175
QAT,Qatar,1975,30.34776292
QAT,Qatar,1976,30.15141684
QAT,Qatar,1977,27.01697886
QAT,Qatar,1978,30.00343382
QAT,Qatar,1979,29.89364504
QAT,Qatar,1980,26.39493683
QAT,Qatar,1981,22.56524112
QAT,Qatar,1982,22.07088352
QAT,Qatar,1983,20.1455673
QAT,Qatar,1984,27.62626059
QAT,Qatar,1985,24.75273456
QAT,Qatar,1986,25.9565975
QAT,Qatar,1987,25.81906004
QAT,Qatar,1988,27.34544636
QAT,Qatar,1989,29.0615499
QAT,Qatar,1990,29.08065387
QAT,Qatar,1991,30.21054064
QAT,Qatar,1992,31.91509281
QAT,Qatar,1993,32.33922874
QAT,Qatar,1994,33.62443393
QAT,Qatar,1995,33.37966502
QAT,Qatar,1996,39.02556393
QAT,Qatar,1997,56.84271815
QAT,Qatar,1998,59.17469244
QAT,Qatar,1999,66.00833836
QAT,Qatar,2000,69.91205527
QAT,Qatar,2001,67.04823763
QAT,Qatar,2002,71.37608499
QAT,Qatar,2003,77.81949359
QAT,Qatar,2004,82.43312489
QAT,Qatar,2005,83.44548519
QAT,Qatar,2006,91.80513399
QAT,Qatar,2007,103.3355994
QAT,Qatar,2008,113.9083796
QAT,Qatar,2009,118.9655614
QAT,Qatar,2010,137.2115978
QAT,Qatar,2011,157.8379194
QAT,Qatar,2012,166.6436412
QAT,Qatar,2013,176.8541121
QAT,Qatar,2014,182.4028927
QAT,Qatar,2015,187.6059357
QAT,Qatar,2016,190.2863522
QAT,Qatar,2017,190.788393
QAT,Qatar,2018,190.6426714
QAT,Qatar,2019,192.4052902
QAT,Qatar,2020,191.1989537
QAT,Qatar,2021,197.5112087
QAT,Qatar,2022,194.6521137
REU,Réunion,1970,0.492185642
REU,Réunion,1971,0.491767121
REU,Réunion,1972,0.495710492
REU,Réunion,1973,0.513412836
REU,Réunion,1974,0.539101827
REU,Réunion,1975,0.554852038
REU,Réunion,1976,0.585059915
REU,Réunion,1977,0.616445956
REU,Réunion,1978,0.601085515
REU,Réunion,1979,0.665358132
REU,Réunion,1980,0.650799045
REU,Réunion,1981,0.652213601
REU,Réunion,1982,0.667636264
REU,Réunion,1983,0.790868551
REU,Réunion,1984,0.846166736
REU,Réunion,1985,0.846721785
REU,Réunion,1986,0.863674376
REU,Réunion,1987,1.217654695
REU,Réunion,1988,1.302349374
REU,Réunion,1989,1.276235017
REU,Réunion,1990,1.16311373
REU,Réunion,1991,1.575980549
REU,Réunion,1992,1.439145358
REU,Réunion,1993,1.665795438
REU,Réunion,1994,1.717853155
REU,Réunion,1995,1.726160708
REU,Réunion,1996,1.783927085
REU,Réunion,1997,1.781806028
REU,Réunion,1998,2.263725087
REU,Réunion,1999,2.306122256
REU,Réunion,2000,2.425221524
REU,Réunion,2001,2.441890083
REU,Réunion,2002,2.552345671
REU,Réunion,2003,2.622865168
REU,Réunion,2004,2.859475978
REU,Réunion,2005,2.757102928
REU,Réunion,2006,2.676833275
REU,Réunion,2007,2.540307548
REU,Réunion,2008,2.739903608
REU,Réunion,2009,2.826766641
REU,Réunion,2010,3.039594556
REU,Réunion,2011,2.946368846
REU,Réunion,2012,2.789048408
REU,Réunion,2013,2.705558205
REU,Réunion,2014,2.807211417
REU,Réunion,2015,2.926096774
REU,Réunion,2016,3.020849445
REU,Réunion,2017,3.056727379
REU,Réunion,2018,3.061665503
REU,Réunion,2019,3.057435497
REU,Réunion,2020,3.000734162
REU,Réunion,2021,3.062320549
REU,Réunion,2022,3.147161618
ROU,Romania,1970,180.7203689
ROU,Romania,1971,183.1857394
ROU,Romania,1972,189.5061991
ROU,Romania,1973,204.5717159
ROU,Romania,1974,208.6872014
ROU,Romania,1975,223.1719699
ROU,Romania,1976,241.648636
ROU,Romania,1977,251.5931916
ROU,Romania,1978,268.4575093
ROU,Romania,1979,273.6502563
ROU,Romania,1980,270.4687551
ROU,Romania,1981,273.7039588
ROU,Romania,1982,271.6161488
ROU,Romania,1983,274.1962681
ROU,Romania,1984,274.2677782
ROU,Romania,1985,273.7590404
ROU,Romania,1986,276.217753
ROU,Romania,1987,283.5652505
ROU,Romania,1988,287.2926899
ROU,Romania,1989,279.2628681
ROU,Romania,1990,245.7735776
ROU,Romania,1991,201.3430755
ROU,Romania,1992,181.9623478
ROU,Romania,1993,170.9952313
ROU,Romania,1994,166.0731656
ROU,Romania,1995,171.5302401
ROU,Romania,1996,175.6833051
ROU,Romania,1997,163.3706125
ROU,Romania,1998,146.0349766
ROU,Romania,1999,128.2679861
ROU,Romania,2000,133.2705849
ROU,Romania,2001,139.039177
ROU,Romania,2002,138.6516478
ROU,Romania,2003,142.4914746
ROU,Romania,2004,142.4594747
ROU,Romania,2005,140.1232865
ROU,Romania,2006,145.9459736
ROU,Romania,2007,144.808607
ROU,Romania,2008,142.6552516
ROU,Romania,2009,121.5581808
ROU,Romania,2010,119.9347874
ROU,Romania,2011,126.0283486
ROU,Romania,2012,123.4232203
ROU,Romania,2013,115.5028342
ROU,Romania,2014,116.2884693
ROU,Romania,2015,117.5959054
ROU,Romania,2016,117.3155593
ROU,Romania,2017,121.0129677
ROU,Romania,2018,122.2929151
ROU,Romania,2019,120.549585
ROU,Romania,2020,114.4353383
ROU,Romania,2021,119.9598367
ROU,Romania,2022,117.0609701
RUS,Russia,1970,1910.915844
RUS,Russia,1971,1940.906199
RUS,Russia,1972,2024.795723
RUS,Russia,1973,2130.275048
RUS,Russia,1974,2224.345641
RUS,Russia,1975,2348.922508
RUS,Russia,1976,2425.840858
RUS,Russia,1977,2475.257905
RUS,Russia,1978,2540.079132
RUS,Russia,1979,2573.244991
RUS,Russia,1980,2635.415638
RUS,Russia,1981,2627.759842
RUS,Russia,1982,2660.332584
RUS,Russia,1983,2694.783439
RUS,Russia,1984,2732.015007
RUS,Russia,1985,2771.430708
RUS,Russia,1986,2838.883801
RUS,Russia,1987,2908.796116
RUS,Russia,1988,2958.912095
RUS,Russia,1989,2968.208209
RUS,Russia,1990,3053.150176
RUS,Russia,1991,3000.284859
RUS,Russia,1992,2773.801073
RUS,Russia,1993,2546.768429
RUS,Russia,1994,2308.683315
RUS,Russia,1995,2242.074771
RUS,Russia,1996,2178.518407
RUS,Russia,1997,2047.796893
RUS,Russia,1998,2037.665507
RUS,Russia,1999,2088.652541
RUS,Russia,2000,2134.350213
RUS,Russia,2001,2147.074877
RUS,Russia,2002,2137.838588
RUS,Russia,2003,2206.030126
RUS,Russia,2004,2219.011596
RUS,Russia,2005,2221.772825
RUS,Russia,2006,2260.779633
RUS,Russia,2007,2273.323547
RUS,Russia,2008,2267.192528
RUS,Russia,2009,2147.711288
RUS,Russia,2010,2245.315051
RUS,Russia,2011,2343.087869
RUS,Russia,2012,2347.465826
RUS,Russia,2013,2299.377537
RUS,Russia,2014,2280.821607
RUS,Russia,2015,2294.777394
RUS,Russia,2016,2281.109859
RUS,Russia,2017,2339.247951
RUS,Russia,2018,2443.981183
RUS,Russia,2019,2530.195265
RUS,Russia,2020,2432.511966
RUS,Russia,2021,2606.63214
RUS,Russia,2022,2579.798066
RWA,Rwanda,1970,4.34832675
RWA,Rwanda,1971,4.396484299
RWA,Rwanda,1972,4.504816484
RWA,Rwanda,1973,4.634151194
RWA,Rwanda,1974,4.686543213
RWA,Rwanda,1975,4.851749219
RWA,Rwanda,1976,4.843124685
RWA,Rwanda,1977,4.971642265
RWA,Rwanda,1978,5.101267475
RWA,Rwanda,1979,4.93832507
RWA,Rwanda,1980,5.256596134
RWA,Rwanda,1981,5.422497999
RWA,Rwanda,1982,5.575118491
RWA,Rwanda,1983,5.746913096
RWA,Rwanda,1984,5.882407757
RWA,Rwanda,1985,6.086859564
RWA,Rwanda,1986,6.177098153
RWA,Rwanda,1987,6.354539809
RWA,Rwanda,1988,6.542434637
RWA,Rwanda,1989,6.78982763
RWA,Rwanda,1990,6.219768269
RWA,Rwanda,1991,5.972488213
RWA,Rwanda,1992,5.611326529
RWA,Rwanda,1993,5.317573932
RWA,Rwanda,1994,5.378287092
RWA,Rwanda,1995,5.385145507
RWA,Rwanda,1996,5.643931561
RWA,Rwanda,1997,6.256731799
RWA,Rwanda,1998,4.537773886
RWA,Rwanda,1999,4.885569728
RWA,Rwanda,2000,4.731693677
RWA,Rwanda,2001,4.922320833
RWA,Rwanda,2002,5.151939729
RWA,Rwanda,2003,5.297194148
RWA,Rwanda,2004,5.45536538
RWA,Rwanda,2005,5.541325972
RWA,Rwanda,2006,5.839917984
RWA,Rwanda,2007,5.98313306
RWA,Rwanda,2008,6.210584486
RWA,Rwanda,2009,6.385447049
RWA,Rwanda,2010,6.689414019
RWA,Rwanda,2011,6.674390769
RWA,Rwanda,2012,6.870260651
RWA,Rwanda,2013,7.095016094
RWA,Rwanda,2014,7.19950231
RWA,Rwanda,2015,7.875400786
RWA,Rwanda,2016,7.936736503
RWA,Rwanda,2017,8.107054893
RWA,Rwanda,2018,8.430082025
RWA,Rwanda,2019,8.691245416
RWA,Rwanda,2020,8.732517499
RWA,Rwanda,2021,8.934444274
RWA,Rwanda,2022,9.031766409
SAU,Saudi Arabia,1970,76.31999342
SAU,Saudi Arabia,1971,87.85991178
SAU,Saudi Arabia,1972,112.4482827
SAU,Saudi Arabia,1973,148.4558845
SAU,Saudi Arabia,1974,159.015093
SAU,Saudi Arabia,1975,132.8633854
SAU,Saudi Arabia,1976,163.5661564
SAU,Saudi Arabia,1977,176.3202929
SAU,Saudi Arabia,1978,181.7906602
SAU,Saudi Arabia,1979,213.5726884
SAU,Saudi Arabia,1980,255.5726083
SAU,Saudi Arabia,1981,243.9493298
SAU,Saudi Arabia,1982,231.9780357
SAU,Saudi Arabia,1983,224.5239183
SAU,Saudi Arabia,1984,183.5607486
SAU,Saudi Arabia,1985,177.7767406
SAU,Saudi Arabia,1986,189.3294872
SAU,Saudi Arabia,1987,198.9035773
SAU,Saudi Arabia,1988,216.9455595
SAU,Saudi Arabia,1989,219.0936994
SAU,Saudi Arabia,1990,238.3912212
SAU,Saudi Arabia,1991,252.1187282
SAU,Saudi Arabia,1992,268.2320923
SAU,Saudi Arabia,1993,278.9224668
SAU,Saudi Arabia,1994,296.9186571
SAU,Saudi Arabia,1995,293.5823365
SAU,Saudi Arabia,1996,310.9663238
SAU,Saudi Arabia,1997,317.266934
SAU,Saudi Arabia,1998,333.6318677
SAU,Saudi Arabia,1999,335.6485137
SAU,Saudi Arabia,2000,355.0240412
SAU,Saudi Arabia,2001,367.9486419
SAU,Saudi Arabia,2002,388.5710766
SAU,Saudi Arabia,2003,414.7699083
SAU,Saudi Arabia,2004,437.9239039
SAU,Saudi Arabia,2005,466.4936452
SAU,Saudi Arabia,2006,491.2462152
SAU,Saudi Arabia,2007,513.9486614
SAU,Saudi Arabia,2008,551.7652869
SAU,Saudi Arabia,2009,571.8016284
SAU,Saudi Arabia,2010,619.468663
SAU,Saudi Arabia,2011,649.8321707
SAU,Saudi Arabia,2012,686.8813289
SAU,Saudi Arabia,2013,696.0184847
SAU,Saudi Arabia,2014,739.7471586
SAU,Saudi Arabia,2015,771.9037262
SAU,Saudi Arabia,2016,777.2628982
SAU,Saudi Arabia,2017,774.5725662
SAU,Saudi Arabia,2018,758.4725919
SAU,Saudi Arabia,2019,761.4850778
SAU,Saudi Arabia,2020,755.3688563
SAU,Saudi Arabia,2021,779.9731622
SAU,Saudi Arabia,2022,810.5116069
SCG,Serbia and Montenegro,1970,46.14306565
SCG,Serbia and Montenegro,1971,47.10443267
SCG,Serbia and Montenegro,1972,46.94922481
SCG,Serbia and Montenegro,1973,50.20477741
SCG,Serbia and Montenegro,1974,53.82634797
SCG,Serbia and Montenegro,1975,55.97306559
SCG,Serbia and Montenegro,1976,57.41754647
SCG,Serbia and Montenegro,1977,59.32264471
SCG,Serbia and Montenegro,1978,62.3629641
SCG,Serbia and Montenegro,1979,64.33989256
SCG,Serbia and Montenegro,1980,63.35004403
SCG,Serbia and Montenegro,1981,72.05507466
SCG,Serbia and Montenegro,1982,76.33730462
SCG,Serbia and Montenegro,1983,79.84818802
SCG,Serbia and Montenegro,1984,82.39218336
SCG,Serbia and Montenegro,1985,85.23533684
SCG,Serbia and Montenegro,1986,87.49185594
SCG,Serbia and Montenegro,1987,83.94805362
SCG,Serbia and Montenegro,1988,83.57385947
SCG,Serbia and Montenegro,1989,82.111437
SCG,Serbia and Montenegro,1990,85.52626368
SCG,Serbia and Montenegro,1991,73.65098406
SCG,Serbia and Montenegro,1992,67.58643358
SCG,Serbia and Montenegro,1993,60.44136496
SCG,Serbia and Montenegro,1994,56.00560595
SCG,Serbia and Montenegro,1995,62.75486604
SCG,Serbia and Montenegro,1996,71.06597736
SCG,Serbia and Montenegro,1997,77.08118607
SCG,Serbia and Montenegro,1998,76.95894132
SCG,Serbia and Montenegro,1999,58.52143254
SCG,Serbia and Montenegro,2000,66.39616965
SCG,Serbia and Montenegro,2001,70.35411673
SCG,Serbia and Montenegro,2002,74.37223669
SCG,Serbia and Montenegro,2003,77.39848155
SCG,Serbia and Montenegro,2004,82.85212942
SCG,Serbia and Montenegro,2005,76.98772191
SCG,Serbia and Montenegro,2006,78.42829587
SCG,Serbia and Montenegro,2007,76.91468008
SCG,Serbia and Montenegro,2008,75.33545211
SCG,Serbia and Montenegro,2009,70.95786913
SCG,Serbia and Montenegro,2010,72.66069794
SCG,Serbia and Montenegro,2011,77.09575343
SCG,Serbia and Montenegro,2012,69.91384273
SCG,Serbia and Montenegro,2013,71.15597429
SCG,Serbia and Montenegro,2014,61.78334031
SCG,Serbia and Montenegro,2015,69.94338017
SCG,Serbia and Montenegro,2016,72.01708177
SCG,Serbia and Montenegro,2017,71.88755535
SCG,Serbia and Montenegro,2018,70.38366869
SCG,Serbia and Montenegro,2019,70.93637924
SCG,Serbia and Montenegro,2020,71.9234388
SCG,Serbia and Montenegro,2021,70.00837538
SCG,Serbia and Montenegro,2022,69.94496837
SDN,Sudan and South Sudan,1970,38.91359625
SDN,Sudan and South Sudan,1971,39.71550104
SDN,Sudan and South Sudan,1972,40.56610612
SDN,Sudan and South Sudan,1973,44.03768452
SDN,Sudan and South Sudan,1974,44.7711971
SDN,Sudan and South Sudan,1975,45.95322546
SDN,Sudan and South Sudan,1976,46.3646184
SDN,Sudan and South Sudan,1977,46.35214331
SDN,Sudan and South Sudan,1978,47.39804958
SDN,Sudan and South Sudan,1979,50.25209037
SDN,Sudan and South Sudan,1980,53.38903889
SDN,Sudan and South Sudan,1981,55.69962402
SDN,Sudan and South Sudan,1982,60.19497242
SDN,Sudan and South Sudan,1983,59.93105293
SDN,Sudan and South Sudan,1984,60.87586223
SDN,Sudan and South Sudan,1985,62.34716509
SDN,Sudan and South Sudan,1986,59.13052065
SDN,Sudan and South Sudan,1987,57.87165552
SDN,Sudan and South Sudan,1988,59.69212879
SDN,Sudan and South Sudan,1989,60.17215329
SDN,Sudan and South Sudan,1990,62.64491573
SDN,Sudan and South Sudan,1991,63.79446644
SDN,Sudan and South Sudan,1992,69.00448983
SDN,Sudan and South Sudan,1993,72.23602486
SDN,Sudan and South Sudan,1994,79.00197714
SDN,Sudan and South Sudan,1995,79.76815913
SDN,Sudan and South Sudan,1996,82.55337503
SDN,Sudan and South Sudan,1997,85.10378889
SDN,Sudan and South Sudan,1998,88.85162384
SDN,Sudan and South Sudan,1999,92.80258171
SDN,Sudan and South Sudan,2000,97.22607283
SDN,Sudan and South Sudan,2001,102.6113219
SDN,Sudan and South Sudan,2002,106.2538097
SDN,Sudan and South Sudan,2003,109.7833848
SDN,Sudan and South Sudan,2004,112.4937035
SDN,Sudan and South Sudan,2005,116.4511789
SDN,Sudan and South Sudan,2006,119.5091722
SDN,Sudan and South Sudan,2007,122.3161358
SDN,Sudan and South Sudan,2008,124.0451107
SDN,Sudan and South Sudan,2009,126.0080921
SDN,Sudan and South Sudan,2010,126.9736442
SDN,Sudan and South Sudan,2011,123.8708153
SDN,Sudan and South Sudan,2012,126.4934045
SDN,Sudan and South Sudan,2013,127.7162811
SDN,Sudan and South Sudan,2014,129.614806
SDN,Sudan and South Sudan,2015,133.1980886
SDN,Sudan and South Sudan,2016,137.1462223
SDN,Sudan and South Sudan,2017,137.0897948
SDN,Sudan and South Sudan,2018,141.8242919
SDN,Sudan and South Sudan,2019,142.3732383
SDN,Sudan and South Sudan,2020,142.0633111
SDN,Sudan and South Sudan,2021,145.1271728
SDN,Sudan and South Sudan,2022,146.9553715
SEA,International Shipping,1970,375.5836295
SEA,International Shipping,1971,375.5836295
SEA,International Shipping,1972,393.4962043
SEA,International Shipping,1973,416.5311925
SEA,International Shipping,1974,389.6925097
SEA,International Shipping,1975,363.2885025
SEA,International Shipping,1976,375.5341457
SEA,International Shipping,1977,375.4894533
SEA,International Shipping,1978,377.2609784
SEA,International Shipping,1979,389.228311
SEA,International Shipping,1980,380.1566455
SEA,International Shipping,1981,352.9628517
SEA,International Shipping,1982,317.8538165
SEA,International Shipping,1983,297.7963575
SEA,International Shipping,1984,301.8069383
SEA,International Shipping,1985,324.6704292
SEA,International Shipping,1986,345.3830964
SEA,International Shipping,1987,341.799795
SEA,International Shipping,1988,358.6694538
SEA,International Shipping,1989,358.5922816
SEA,International Shipping,1990,394.7507906
SEA,International Shipping,1991,410.0888983
SEA,International Shipping,1992,440.0513907
SEA,International Shipping,1993,427.0702321
SEA,International Shipping,1994,439.9511324
SEA,International Shipping,1995,456.0981256
SEA,International Shipping,1996,465.3521505
SEA,International Shipping,1997,477.0580375
SEA,International Shipping,1998,491.6432536
SEA,International Shipping,1999,519.5551127
SEA,International Shipping,2000,533.720582
SEA,International Shipping,2001,506.8890162
SEA,International Shipping,2002,525.5406754
SEA,International Shipping,2003,534.3685591
SEA,International Shipping,2004,586.8846426
SEA,International Shipping,2005,607.2699275
SEA,International Shipping,2006,645.9696323
SEA,International Shipping,2007,683.572753
SEA,International Shipping,2008,684.8759763
SEA,International Shipping,2009,651.4519146
SEA,International Shipping,2010,700.4711891
SEA,International Shipping,2011,702.0543327
SEA,International Shipping,2012,655.3711643
SEA,International Shipping,2013,652.7685368
SEA,International Shipping,2014,674.0936673
SEA,International Shipping,2015,702.3031952
SEA,International Shipping,2016,720.2289375
SEA,International Shipping,2017,747.8491075
SEA,International Shipping,2018,750.7574277
SEA,International Shipping,2019,734.543742
SEA,International Shipping,2020,671.9628648
SEA,International Shipping,2021,710.4615299
SEA,International Shipping,2022,750.6992684
SEN,Senegal,1970,8.020465605
SEN,Senegal,1971,8.123877177
SEN,Senegal,1972,7.853743684
SEN,Senegal,1973,7.69420324
SEN,Senegal,1974,7.98112339
SEN,Senegal,1975,8.28829447
SEN,Senegal,1976,8.473508996
SEN,Senegal,1977,8.641656351
SEN,Senegal,1978,8.843531579
SEN,Senegal,1979,8.946958711
SEN,Senegal,1980,8.645524219
SEN,Senegal,1981,8.753970057
SEN,Senegal,1982,8.866461857
SEN,Senegal,1983,8.57382989
SEN,Senegal,1984,8.788486128
SEN,Senegal,1985,9.29736437
SEN,Senegal,1986,9.563146891
SEN,Senegal,1987,9.918759157
SEN,Senegal,1988,9.933532676
SEN,Senegal,1989,10.22542041
SEN,Senegal,1990,10.46170265
SEN,Senegal,1991,10.68539807
SEN,Senegal,1992,11.076749
SEN,Senegal,1993,11.27953195
SEN,Senegal,1994,11.6092702
SEN,Senegal,1995,11.87079408
SEN,Senegal,1996,12.41676358
SEN,Senegal,1997,12.84695536
SEN,Senegal,1998,13.41951855
SEN,Senegal,1999,14.43124612
SEN,Senegal,2000,14.32469372
SEN,Senegal,2001,15.17062504
SEN,Senegal,2002,15.2730434
SEN,Senegal,2003,15.25798018
SEN,Senegal,2004,16.11565553
SEN,Senegal,2005,16.95626324
SEN,Senegal,2006,17.24536788
SEN,Senegal,2007,18.21846068
SEN,Senegal,2008,18.94827877
SEN,Senegal,2009,19.71723734
SEN,Senegal,2010,20.46171899
SEN,Senegal,2011,21.26450698
SEN,Senegal,2012,21.62995244
SEN,Senegal,2013,22.16693741
SEN,Senegal,2014,22.93908873
SEN,Senegal,2015,24.54230886
SEN,Senegal,2016,26.10393431
SEN,Senegal,2017,25.91677461
SEN,Senegal,2018,26.6501607
SEN,Senegal,2019,29.25963489
SEN,Senegal,2020,28.46689447
SEN,Senegal,2021,29.70389481
SEN,Senegal,2022,30.61453108
SGP,Singapore,1970,7.648123028
SGP,Singapore,1971,7.705816288
SGP,Singapore,1972,9.064282704
SGP,Singapore,1973,10.03001594
SGP,Singapore,1974,10.42645802
SGP,Singapore,1975,10.44118156
SGP,Singapore,1976,11.32552734
SGP,Singapore,1977,12.53380588
SGP,Singapore,1978,14.17939881
SGP,Singapore,1979,15.20903328
SGP,Singapore,1980,15.30569175
SGP,Singapore,1981,16.49878905
SGP,Singapore,1982,17.16509403
SGP,Singapore,1983,18.51648789
SGP,Singapore,1984,20.10572851
SGP,Singapore,1985,20.94463583
SGP,Singapore,1986,21.36508329
SGP,Singapore,1987,21.77491371
SGP,Singapore,1988,24.23952343
SGP,Singapore,1989,25.63575809
SGP,Singapore,1990,34.20321938
SGP,Singapore,1991,36.26081818
SGP,Singapore,1992,37.08624891
SGP,Singapore,1993,42.94105047
SGP,Singapore,1994,45.93178935
SGP,Singapore,1995,47.37069753
SGP,Singapore,1996,49.34402207
SGP,Singapore,1997,50.96052009
SGP,Singapore,1998,55.40985248
SGP,Singapore,1999,53.37421354
SGP,Singapore,2000,57.88074685
SGP,Singapore,2001,59.46582303
SGP,Singapore,2002,52.16604433
SGP,Singapore,2003,50.6228595
SGP,Singapore,2004,53.34163049
SGP,Singapore,2005,51.21401009
SGP,Singapore,2006,51.50810475
SGP,Singapore,2007,52.22992247
SGP,Singapore,2008,51.50126656
SGP,Singapore,2009,52.52727546
SGP,Singapore,2010,59.23162826
SGP,Singapore,2011,61.64252714
SGP,Singapore,2012,59.79958577
SGP,Singapore,2013,63.26953175
SGP,Singapore,2014,65.15836664
SGP,Singapore,2015,67.02978216
SGP,Singapore,2016,65.10494057
SGP,Singapore,2017,70.39795711
SGP,Singapore,2018,68.52713368
SGP,Singapore,2019,71.02416074
SGP,Singapore,2020,69.40752523
SGP,Singapore,2021,71.33966029
SGP,Singapore,2022,70.46953667
SHN,"Saint Helena, Ascension and Tristan da Cunha",1970,0.003867834
SHN,"Saint Helena, Ascension and Tristan da Cunha",1971,0.003878702
SHN,"Saint Helena, Ascension and Tristan da Cunha",1972,0.003355138
SHN,"Saint Helena, Ascension and Tristan da Cunha",1973,0.003623733
SHN,"Saint Helena, Ascension and Tristan da Cunha",1974,0.003800968
SHN,"Saint Helena, Ascension and Tristan da Cunha",1975,0.003459062
SHN,"Saint Helena, Ascension and Tristan da Cunha",1976,0.002983803
SHN,"Saint Helena, Ascension and Tristan da Cunha",1977,0.00452953
SHN,"Saint Helena, Ascension and Tristan da Cunha",1978,0.004006066
SHN,"Saint Helena, Ascension and Tristan da Cunha",1979,0.004182079
SHN,"Saint Helena, Ascension and Tristan da Cunha",1980,0.004415979
SHN,"Saint Helena, Ascension and Tristan da Cunha",1981,0.003266145
SHN,"Saint Helena, Ascension and Tristan da Cunha",1982,0.003065559
SHN,"Saint Helena, Ascension and Tristan da Cunha",1983,0.004219682
SHN,"Saint Helena, Ascension and Tristan da Cunha",1984,0.003908288
SHN,"Saint Helena, Ascension and Tristan da Cunha",1985,0.00422101
SHN,"Saint Helena, Ascension and Tristan da Cunha",1986,0.004548451
SHN,"Saint Helena, Ascension and Tristan da Cunha",1987,0.005923963
SHN,"Saint Helena, Ascension and Tristan da Cunha",1988,0.00648283
SHN,"Saint Helena, Ascension and Tristan da Cunha",1989,0.006553061
SHN,"Saint Helena, Ascension and Tristan da Cunha",1990,0.010899414
SHN,"Saint Helena, Ascension and Tristan da Cunha",1991,0.006706521
SHN,"Saint Helena, Ascension and Tristan da Cunha",1992,0.006407878
SHN,"Saint Helena, Ascension and Tristan da Cunha",1993,0.007732231
SHN,"Saint Helena, Ascension and Tristan da Cunha",1994,0.006825213
SHN,"Saint Helena, Ascension and Tristan da Cunha",1995,0.007094417
SHN,"Saint Helena, Ascension and Tristan da Cunha",1996,0.004714412
SHN,"Saint Helena, Ascension and Tristan da Cunha",1997,0.005082866
SHN,"Saint Helena, Ascension and Tristan da Cunha",1998,0.00507663
SHN,"Saint Helena, Ascension and Tristan da Cunha",1999,0.005343501
SHN,"Saint Helena, Ascension and Tristan da Cunha",2000,0.012805611
SHN,"Saint Helena, Ascension and Tristan da Cunha",2001,0.008956904
SHN,"Saint Helena, Ascension and Tristan da Cunha",2002,0.008976949
SHN,"Saint Helena, Ascension and Tristan da Cunha",2003,0.009438899
SHN,"Saint Helena, Ascension and Tristan da Cunha",2004,0.010764091
SHN,"Saint Helena, Ascension and Tristan da Cunha",2005,0.011395906
SHN,"Saint Helena, Ascension and Tristan da Cunha",2006,0.01014044
SHN,"Saint Helena, Ascension and Tristan da Cunha",2007,0.011660699
SHN,"Saint Helena, Ascension and Tristan da Cunha",2008,0.012314206
SHN,"Saint Helena, Ascension and Tristan da Cunha",2009,0.012532765
SHN,"Saint Helena, Ascension and Tristan da Cunha",2010,0.013449967
SHN,"Saint Helena, Ascension and Tristan da Cunha",2011,0.013986164
SHN,"Saint Helena, Ascension and Tristan da Cunha",2012,0.014149372
SHN,"Saint Helena, Ascension and Tristan da Cunha",2013,0.017045775
SHN,"Saint Helena, Ascension and Tristan da Cunha",2014,0.017013128
SHN,"Saint Helena, Ascension and Tristan da Cunha",2015,0.01713319
SHN,"Saint Helena, Ascension and Tristan da Cunha",2016,0.017902013
SHN,"Saint Helena, Ascension and Tristan da Cunha",2017,0.018649731
SHN,"Saint Helena, Ascension and Tristan da Cunha",2018,0.019561301
SHN,"Saint Helena, Ascension and Tristan da Cunha",2019,0.01930214
SHN,"Saint Helena, Ascension and Tristan da Cunha",2020,0.017969666
SHN,"Saint Helena, Ascension and Tristan da Cunha",2021,0.018294215
SHN,"Saint Helena, Ascension and Tristan da Cunha",2022,0.020334135
SLB,Solomon Islands,1970,0.137053671
SLB,Solomon Islands,1971,0.147646266
SLB,Solomon Islands,1972,0.150693317
SLB,Solomon Islands,1973,0.169980272
SLB,Solomon Islands,1974,0.199592484
SLB,Solomon Islands,1975,0.188145885
SLB,Solomon Islands,1976,0.198848699
SLB,Solomon Islands,1977,0.213914286
SLB,Solomon Islands,1978,0.222794612
SLB,Solomon Islands,1979,0.229035069
SLB,Solomon Islands,1980,0.247501046
SLB,Solomon Islands,1981,0.294625509
SLB,Solomon Islands,1982,0.273286076
SLB,Solomon Islands,1983,0.281066873
SLB,Solomon Islands,1984,0.266136015
SLB,Solomon Islands,1985,0.265653332
SLB,Solomon Islands,1986,0.236808907
SLB,Solomon Islands,1987,0.239742023
SLB,Solomon Islands,1988,0.270179923
SLB,Solomon Islands,1989,0.265808234
SLB,Solomon Islands,1990,0.272464198
SLB,Solomon Islands,1991,0.27807338
SLB,Solomon Islands,1992,0.283245662
SLB,Solomon Islands,1993,0.282648175
SLB,Solomon Islands,1994,0.2929483
SLB,Solomon Islands,1995,0.294370428
SLB,Solomon Islands,1996,0.302788814
SLB,Solomon Islands,1997,0.314329982
SLB,Solomon Islands,1998,0.322300875
SLB,Solomon Islands,1999,0.321529607
SLB,Solomon Islands,2000,0.414238378
SLB,Solomon Islands,2001,0.43082121
SLB,Solomon Islands,2002,0.443152321
SLB,Solomon Islands,2003,0.457398936
SLB,Solomon Islands,2004,0.472198136
SLB,Solomon Islands,2005,0.491577781
SLB,Solomon Islands,2006,0.496952286
SLB,Solomon Islands,2007,0.508630241
SLB,Solomon Islands,2008,0.520828407
SLB,Solomon Islands,2009,0.535159609
SLB,Solomon Islands,2010,0.565829052
SLB,Solomon Islands,2011,0.588786426
SLB,Solomon Islands,2012,0.594732522
SLB,Solomon Islands,2013,0.621283471
SLB,Solomon Islands,2014,0.608845275
SLB,Solomon Islands,2015,0.577206533
SLB,Solomon Islands,2016,0.571962992
SLB,Solomon Islands,2017,0.586969613
SLB,Solomon Islands,2018,0.610191671
SLB,Solomon Islands,2019,0.628757997
SLB,Solomon Islands,2020,0.562302204
SLB,Solomon Islands,2021,0.580473115
SLB,Solomon Islands,2022,0.593815415
SLE,Sierra Leone,1970,3.206168272
SLE,Sierra Leone,1971,3.303098392
SLE,Sierra Leone,1972,3.279147558
SLE,Sierra Leone,1973,3.293014305
SLE,Sierra Leone,1974,3.378618539
SLE,Sierra Leone,1975,3.447202183
SLE,Sierra Leone,1976,3.552726948
SLE,Sierra Leone,1977,3.603808857
SLE,Sierra Leone,1978,3.677273151
SLE,Sierra Leone,1979,3.649828103
SLE,Sierra Leone,1980,3.673055181
SLE,Sierra Leone,1981,3.613704481
SLE,Sierra Leone,1982,3.662336651
SLE,Sierra Leone,1983,3.568903049
SLE,Sierra Leone,1984,3.340416379
SLE,Sierra Leone,1985,3.46608567
SLE,Sierra Leone,1986,3.540356647
SLE,Sierra Leone,1987,3.902745074
SLE,Sierra Leone,1988,3.987934792
SLE,Sierra Leone,1989,3.926007477
SLE,Sierra Leone,1990,4.06933001
SLE,Sierra Leone,1991,4.218619222
SLE,Sierra Leone,1992,3.815206149
SLE,Sierra Leone,1993,3.847239239
SLE,Sierra Leone,1994,3.761256413
SLE,Sierra Leone,1995,3.70840716
SLE,Sierra Leone,1996,3.74340815
SLE,Sierra Leone,1997,3.782235005
SLE,Sierra Leone,1998,3.779829807
SLE,Sierra Leone,1999,3.665031937
SLE,Sierra Leone,2000,3.394776849
SLE,Sierra Leone,2001,3.717471542
SLE,Sierra Leone,2002,4.07496226
SLE,Sierra Leone,2003,4.299092976
SLE,Sierra Leone,2004,4.663023669
SLE,Sierra Leone,2005,5.002044927
SLE,Sierra Leone,2006,5.592699822
SLE,Sierra Leone,2007,4.90421981
SLE,Sierra Leone,2008,5.104078772
SLE,Sierra Leone,2009,5.388626402
SLE,Sierra Leone,2010,5.701333809
SLE,Sierra Leone,2011,6.133511699
SLE,Sierra Leone,2012,6.654936054
SLE,Sierra Leone,2013,6.840392326
SLE,Sierra Leone,2014,7.177426242
SLE,Sierra Leone,2015,6.652555678
SLE,Sierra Leone,2016,6.971100702
SLE,Sierra Leone,2017,7.007790489
SLE,Sierra Leone,2018,7.922276483
SLE,Sierra Leone,2019,6.775229742
SLE,Sierra Leone,2020,6.87074492
SLE,Sierra Leone,2021,7.025865973
SLE,Sierra Leone,2022,7.123096813
SLV,El Salvador,1970,5.963277045
SLV,El Salvador,1971,5.848886485
SLV,El Salvador,1972,6.214994732
SLV,El Salvador,1973,6.21435962
SLV,El Salvador,1974,6.358803763
SLV,El Salvador,1975,6.714273526
SLV,El Salvador,1976,7.006341257
SLV,El Salvador,1977,7.429202014
SLV,El Salvador,1978,7.816500843
SLV,El Salvador,1979,7.595264538
SLV,El Salvador,1980,6.851829985
SLV,El Salvador,1981,6.74609703
SLV,El Salvador,1982,6.257676139
SLV,El Salvador,1983,6.393203073
SLV,El Salvador,1984,6.318455101
SLV,El Salvador,1985,6.769084256
SLV,El Salvador,1986,6.724530789
SLV,El Salvador,1987,7.342230755
SLV,El Salvador,1988,7.420597671
SLV,El Salvador,1989,7.462905562
SLV,El Salvador,1990,7.77707148
SLV,El Salvador,1991,8.659169966
SLV,El Salvador,1992,9.207845431
SLV,El Salvador,1993,9.473806666
SLV,El Salvador,1994,10.23127567
SLV,El Salvador,1995,10.42716126
SLV,El Salvador,1996,10.39513071
SLV,El Salvador,1997,11.56837256
SLV,El Salvador,1998,11.49148852
SLV,El Salvador,1999,11.60487465
SLV,El Salvador,2000,11.11135354
SLV,El Salvador,2001,11.69158294
SLV,El Salvador,2002,11.86590717
SLV,El Salvador,2003,12.33287495
SLV,El Salvador,2004,12.75147358
SLV,El Salvador,2005,13.0293066
SLV,El Salvador,2006,13.53259966
SLV,El Salvador,2007,13.77400552
SLV,El Salvador,2008,12.92132809
SLV,El Salvador,2009,12.65920581
SLV,El Salvador,2010,12.31131655
SLV,El Salvador,2011,12.22835655
SLV,El Salvador,2012,12.49306473
SLV,El Salvador,2013,11.65751846
SLV,El Salvador,2014,12.14965454
SLV,El Salvador,2015,12.64943966
SLV,El Salvador,2016,12.59884959
SLV,El Salvador,2017,11.95650622
SLV,El Salvador,2018,12.15292772
SLV,El Salvador,2019,13.12509526
SLV,El Salvador,2020,11.79327589
SLV,El Salvador,2021,12.66352602
SLV,El Salvador,2022,13.0738811
SOM,Somalia,1970,18.70718827
SOM,Somalia,1971,18.57737037
SOM,Somalia,1972,18.9342011
SOM,Somalia,1973,18.7736787
SOM,Somalia,1974,18.51918218
SOM,Somalia,1975,19.93806789
SOM,Somalia,1976,19.93235926
SOM,Somalia,1977,21.28283131
SOM,Somalia,1978,22.90958118
SOM,Somalia,1979,22.95977244
SOM,Somalia,1980,22.90758766
SOM,Somalia,1981,23.85140433
SOM,Somalia,1982,24.4911403
SOM,Somalia,1983,23.88052159
SOM,Somalia,1984,24.2693742
SOM,Somalia,1985,25.06672042
SOM,Somalia,1986,25.43629734
SOM,Somalia,1987,26.38064418
SOM,Somalia,1988,27.41518457
SOM,Somalia,1989,27.25175397
SOM,Somalia,1990,25.34543856
SOM,Somalia,1991,22.50453034
SOM,Somalia,1992,20.58343277
SOM,Somalia,1993,22.51698433
SOM,Somalia,1994,24.28805835
SOM,Somalia,1995,25.02716168
SOM,Somalia,1996,25.62364443
SOM,Somalia,1997,26.1912972
SOM,Somalia,1998,26.27007203
SOM,Somalia,1999,26.74676209
SOM,Somalia,2000,27.48275008
SOM,Somalia,2001,28.15682147
SOM,Somalia,2002,28.70034968
SOM,Somalia,2003,29.1355768
SOM,Somalia,2004,29.67819045
SOM,Somalia,2005,30.3423772
SOM,Somalia,2006,29.38294256
SOM,Somalia,2007,28.23753852
SOM,Somalia,2008,28.53911328
SOM,Somalia,2009,28.81602717
SOM,Somalia,2010,29.18954102
SOM,Somalia,2011,29.55968296
SOM,Somalia,2012,29.90471484
SOM,Somalia,2013,30.043353
SOM,Somalia,2014,30.32614148
SOM,Somalia,2015,30.57978147
SOM,Somalia,2016,30.86700832
SOM,Somalia,2017,30.97354305
SOM,Somalia,2018,31.28333006
SOM,Somalia,2019,32.12500544
SOM,Somalia,2020,32.57217192
SOM,Somalia,2021,33.05066982
SOM,Somalia,2022,33.35822988
SPM,Saint Pierre and Miquelon,1970,0.04174643
SPM,Saint Pierre and Miquelon,1971,0.041781977
SPM,Saint Pierre and Miquelon,1972,0.050017483
SPM,Saint Pierre and Miquelon,1973,0.050447949
SPM,Saint Pierre and Miquelon,1974,0.045487006
SPM,Saint Pierre and Miquelon,1975,0.054304219
SPM,Saint Pierre and Miquelon,1976,0.049618761
SPM,Saint Pierre and Miquelon,1977,0.054334706
SPM,Saint Pierre and Miquelon,1978,0.054347915
SPM,Saint Pierre and Miquelon,1979,0.053796667
SPM,Saint Pierre and Miquelon,1980,0.053312563
SPM,Saint Pierre and Miquelon,1981,0.052408909
SPM,Saint Pierre and Miquelon,1982,0.045669011
SPM,Saint Pierre and Miquelon,1983,0.049030767
SPM,Saint Pierre and Miquelon,1984,0.054049744
SPM,Saint Pierre and Miquelon,1985,0.049378528
SPM,Saint Pierre and Miquelon,1986,0.061632233
SPM,Saint Pierre and Miquelon,1987,0.081285225
SPM,Saint Pierre and Miquelon,1988,0.087464341
SPM,Saint Pierre and Miquelon,1989,0.107362414
SPM,Saint Pierre and Miquelon,1990,0.093936461
SPM,Saint Pierre and Miquelon,1991,0.089812733
SPM,Saint Pierre and Miquelon,1992,0.084409546
SPM,Saint Pierre and Miquelon,1993,0.049911133
SPM,Saint Pierre and Miquelon,1994,0.05043344
SPM,Saint Pierre and Miquelon,1995,0.033752422
SPM,Saint Pierre and Miquelon,1996,0.033619274
SPM,Saint Pierre and Miquelon,1997,0.022267049
SPM,Saint Pierre and Miquelon,1998,0.028188178
SPM,Saint Pierre and Miquelon,1999,0.027505809
SPM,Saint Pierre and Miquelon,2000,0.022424508
SPM,Saint Pierre and Miquelon,2001,0.022509198
SPM,Saint Pierre and Miquelon,2002,0.024629401
SPM,Saint Pierre and Miquelon,2003,0.028019307
SPM,Saint Pierre and Miquelon,2004,0.027062483
SPM,Saint Pierre and Miquelon,2005,0.028200312
SPM,Saint Pierre and Miquelon,2006,0.029932659
SPM,Saint Pierre and Miquelon,2007,0.032474482
SPM,Saint Pierre and Miquelon,2008,0.033805588
SPM,Saint Pierre and Miquelon,2009,0.036747919
SPM,Saint Pierre and Miquelon,2010,0.040700865
SPM,Saint Pierre and Miquelon,2011,0.033023821
SPM,Saint Pierre and Miquelon,2012,0.034662323
SPM,Saint Pierre and Miquelon,2013,0.0412104
SPM,Saint Pierre and Miquelon,2014,0.043638681
SPM,Saint Pierre and Miquelon,2015,0.042766366
SPM,Saint Pierre and Miquelon,2016,0.045365289
SPM,Saint Pierre and Miquelon,2017,0.041131104
SPM,Saint Pierre and Miquelon,2018,0.048647985
SPM,Saint Pierre and Miquelon,2019,0.04699066
SPM,Saint Pierre and Miquelon,2020,0.043835422
SPM,Saint Pierre and Miquelon,2021,0.044687134
SPM,Saint Pierre and Miquelon,2022,0.044105422
STP,São Tomé and Príncipe,1970,0.040807117
STP,São Tomé and Príncipe,1971,0.040997914
STP,São Tomé and Príncipe,1972,0.040611886
STP,São Tomé and Príncipe,1973,0.042019832
STP,São Tomé and Príncipe,1974,0.043005462
STP,São Tomé and Príncipe,1975,0.044981568
STP,São Tomé and Príncipe,1976,0.047330283
STP,São Tomé and Príncipe,1977,0.048065943
STP,São Tomé and Príncipe,1978,0.049085466
STP,São Tomé and Príncipe,1979,0.052355161
STP,São Tomé and Príncipe,1980,0.052420465
STP,São Tomé and Príncipe,1981,0.053480549
STP,São Tomé and Príncipe,1982,0.052469244
STP,São Tomé and Príncipe,1983,0.055308441
STP,São Tomé and Príncipe,1984,0.055918499
STP,São Tomé and Príncipe,1985,0.056524502
STP,São Tomé and Príncipe,1986,0.06018907
STP,São Tomé and Príncipe,1987,0.070487779
STP,São Tomé and Príncipe,1988,0.068849264
STP,São Tomé and Príncipe,1989,0.067627957
STP,São Tomé and Príncipe,1990,0.086622851
STP,São Tomé and Príncipe,1991,0.101925753
STP,São Tomé and Príncipe,1992,0.094800008
STP,São Tomé and Príncipe,1993,0.093967915
STP,São Tomé and Príncipe,1994,0.104957063
STP,São Tomé and Príncipe,1995,0.107502949
STP,São Tomé and Príncipe,1996,0.110700042
STP,São Tomé and Príncipe,1997,0.111665869
STP,São Tomé and Príncipe,1998,0.113858187
STP,São Tomé and Príncipe,1999,0.117430174
STP,São Tomé and Príncipe,2000,0.116790674
STP,São Tomé and Príncipe,2001,0.118062342
STP,São Tomé and Príncipe,2002,0.128783319
STP,São Tomé and Príncipe,2003,0.139570414
STP,São Tomé and Príncipe,2004,0.151322628
STP,São Tomé and Príncipe,2005,0.159497455
STP,São Tomé and Príncipe,2006,0.167011255
STP,São Tomé and Príncipe,2007,0.170789476
STP,São Tomé and Príncipe,2008,0.179922386
STP,São Tomé and Príncipe,2009,0.190444962
STP,São Tomé and Príncipe,2010,0.203098397
STP,São Tomé and Príncipe,2011,0.206910269
STP,São Tomé and Príncipe,2012,0.214862806
STP,São Tomé and Príncipe,2013,0.217113709
STP,São Tomé and Príncipe,2014,0.21936791
STP,São Tomé and Príncipe,2015,0.229750333
STP,São Tomé and Príncipe,2016,0.233003105
STP,São Tomé and Príncipe,2017,0.235265655
STP,São Tomé and Príncipe,2018,0.235690885
STP,São Tomé and Príncipe,2019,0.256054692
STP,São Tomé and Príncipe,2020,0.261841719
STP,São Tomé and Príncipe,2021,0.271622521
STP,São Tomé and Príncipe,2022,0.262365742
SUR,Suriname,1970,2.075365958
SUR,Suriname,1971,2.08554358
SUR,Suriname,1972,2.028861694
SUR,Suriname,1973,2.276881232
SUR,Suriname,1974,2.187979416
SUR,Suriname,1975,2.093013317
SUR,Suriname,1976,2.160617973
SUR,Suriname,1977,2.301292559
SUR,Suriname,1978,2.463487912
SUR,Suriname,1979,2.472254023
SUR,Suriname,1980,2.547945611
SUR,Suriname,1981,2.353163473
SUR,Suriname,1982,2.334457556
SUR,Suriname,1983,2.139641355
SUR,Suriname,1984,1.975981265
SUR,Suriname,1985,2.096676783
SUR,Suriname,1986,2.101373828
SUR,Suriname,1987,1.78963965
SUR,Suriname,1988,1.872428165
SUR,Suriname,1989,2.069328568
SUR,Suriname,1990,1.922278089
SUR,Suriname,1991,1.970476602
SUR,Suriname,1992,2.104594117
SUR,Suriname,1993,1.962069212
SUR,Suriname,1994,1.896176643
SUR,Suriname,1995,1.918354498
SUR,Suriname,1996,1.908684065
SUR,Suriname,1997,1.844776262
SUR,Suriname,1998,1.847120157
SUR,Suriname,1999,1.732871847
SUR,Suriname,2000,2.563399675
SUR,Suriname,2001,2.584502857
SUR,Suriname,2002,2.004679025
SUR,Suriname,2003,2.231240057
SUR,Suriname,2004,2.376554794
SUR,Suriname,2005,2.648026889
SUR,Suriname,2006,2.504120333
SUR,Suriname,2007,2.389158235
SUR,Suriname,2008,2.473681398
SUR,Suriname,2009,2.57775915
SUR,Suriname,2010,2.890563114
SUR,Suriname,2011,3.122459152
SUR,Suriname,2012,3.592739205
SUR,Suriname,2013,3.467848194
SUR,Suriname,2014,3.838245744
SUR,Suriname,2015,3.92471721
SUR,Suriname,2016,4.197652864
SUR,Suriname,2017,3.64763208
SUR,Suriname,2018,3.310938712
SUR,Suriname,2019,3.879275069
SUR,Suriname,2020,3.804974278
SUR,Suriname,2021,4.486579287
SUR,Suriname,2022,4.500302254
SVK,Slovakia,1970,57.91917556
SVK,Slovakia,1971,58.09909548
SVK,Slovakia,1972,58.95375595
SVK,Slovakia,1973,60.21018402
SVK,Slovakia,1974,60.73773711
SVK,Slovakia,1975,62.18756301
SVK,Slovakia,1976,63.02766186
SVK,Slovakia,1977,65.10767609
SVK,Slovakia,1978,71.86002119
SVK,Slovakia,1979,72.95545426
SVK,Slovakia,1980,76.6936415
SVK,Slovakia,1981,74.72881112
SVK,Slovakia,1982,72.99870009
SVK,Slovakia,1983,72.86750037
SVK,Slovakia,1984,75.10137077
SVK,Slovakia,1985,74.75117139
SVK,Slovakia,1986,71.81544774
SVK,Slovakia,1987,73.72672787
SVK,Slovakia,1988,74.79364467
SVK,Slovakia,1989,74.29573476
SVK,Slovakia,1990,74.71195121
SVK,Slovakia,1991,64.84893025
SVK,Slovakia,1992,60.27936116
SVK,Slovakia,1993,58.19573975
SVK,Slovakia,1994,55.67316969
SVK,Slovakia,1995,55.77142586
SVK,Slovakia,1996,56.44672011
SVK,Slovakia,1997,55.98802602
SVK,Slovakia,1998,54.92589562
SVK,Slovakia,1999,54.03852009
SVK,Slovakia,2000,51.42602576
SVK,Slovakia,2001,52.10127395
SVK,Slovakia,2002,51.57864254
SVK,Slovakia,2003,52.18604001
SVK,Slovakia,2004,51.84824315
SVK,Slovakia,2005,52.15182629
SVK,Slovakia,2006,51.88941409
SVK,Slovakia,2007,51.29178718
SVK,Slovakia,2008,51.23398381
SVK,Slovakia,2009,47.02943545
SVK,Slovakia,2010,49.5674207
SVK,Slovakia,2011,48.06762027
SVK,Slovakia,2012,45.83891295
SVK,Slovakia,2013,46.25640635
SVK,Slovakia,2014,43.40256541
SVK,Slovakia,2015,44.24324764
SVK,Slovakia,2016,45.21064376
SVK,Slovakia,2017,47.43948268
SVK,Slovakia,2018,46.78644559
SVK,Slovakia,2019,44.47782594
SVK,Slovakia,2020,42.4308912
SVK,Slovakia,2021,46.67286404
SVK,Slovakia,2022,45.56418229
SVN,Slovenia,1970,14.80878169
SVN,Slovenia,1971,15.05738993
SVN,Slovenia,1972,14.69686448
SVN,Slovenia,1973,16.38864275
SVN,Slovenia,1974,17.51026311
SVN,Slovenia,1975,17.22851798
SVN,Slovenia,1976,16.8253486
SVN,Slovenia,1977,17.87512419
SVN,Slovenia,1978,18.67543489
SVN,Slovenia,1979,19.51781692
SVN,Slovenia,1980,19.70808548
SVN,Slovenia,1981,17.30930886
SVN,Slovenia,1982,17.30331271
SVN,Slovenia,1983,19.93544274
SVN,Slovenia,1984,20.35339924
SVN,Slovenia,1985,19.94666253
SVN,Slovenia,1986,19.7917169
SVN,Slovenia,1987,19.36980357
SVN,Slovenia,1988,23.69866133
SVN,Slovenia,1989,22.44726273
SVN,Slovenia,1990,21.42611181
SVN,Slovenia,1991,19.94874587
SVN,Slovenia,1992,18.90520754
SVN,Slovenia,1993,19.47103456
SVN,Slovenia,1994,19.3200429
SVN,Slovenia,1995,20.23684696
SVN,Slovenia,1996,20.89997495
SVN,Slovenia,1997,21.62858091
SVN,Slovenia,1998,21.47078982
SVN,Slovenia,1999,20.79194757
SVN,Slovenia,2000,20.49978505
SVN,Slovenia,2001,22.30811473
SVN,Slovenia,2002,23.07057408
SVN,Slovenia,2003,22.89809191
SVN,Slovenia,2004,23.47056087
SVN,Slovenia,2005,23.66760662
SVN,Slovenia,2006,23.80370106
SVN,Slovenia,2007,23.70213
SVN,Slovenia,2008,24.32396373
SVN,Slovenia,2009,22.07137426
SVN,Slovenia,2010,22.18539087
SVN,Slovenia,2011,21.11830535
SVN,Slovenia,2012,20.51239645
SVN,Slovenia,2013,20.37132244
SVN,Slovenia,2014,18.75266738
SVN,Slovenia,2015,19.00553634
SVN,Slovenia,2016,19.73020712
SVN,Slovenia,2017,20.09123828
SVN,Slovenia,2018,19.94234299
SVN,Slovenia,2019,19.48175095
SVN,Slovenia,2020,18.1181957
SVN,Slovenia,2021,18.67716495
SVN,Slovenia,2022,18.27581154
SWE,Sweden,1970,116.2373931
SWE,Sweden,1971,109.0239198
SWE,Sweden,1972,109.5971291
SWE,Sweden,1973,113.0639295
SWE,Sweden,1974,105.9922686
SWE,Sweden,1975,106.8875795
SWE,Sweden,1976,113.632777
SWE,Sweden,1977,109.6575861
SWE,Sweden,1978,104.895787
SWE,Sweden,1979,108.3250547
SWE,Sweden,1980,100.8349481
SWE,Sweden,1981,93.31344067
SWE,Sweden,1982,86.76192335
SWE,Sweden,1983,81.75262847
SWE,Sweden,1984,81.73866797
SWE,Sweden,1985,85.4775166
SWE,Sweden,1986,86.52723209
SWE,Sweden,1987,84.53101336
SWE,Sweden,1988,82.49744269
SWE,Sweden,1989,79.75368664
SWE,Sweden,1990,79.21473953
SWE,Sweden,1991,79.23698971
SWE,Sweden,1992,82.05248445
SWE,Sweden,1993,82.46288887
SWE,Sweden,1994,85.07268649
SWE,Sweden,1995,84.4791172
SWE,Sweden,1996,89.86479106
SWE,Sweden,1997,85.18874178
SWE,Sweden,1998,85.3308411
SWE,Sweden,1999,84.16296106
SWE,Sweden,2000,80.7972778
SWE,Sweden,2001,80.57645832
SWE,Sweden,2002,82.43591944
SWE,Sweden,2003,83.25731655
SWE,Sweden,2004,82.09097357
SWE,Sweden,2005,81.44005607
SWE,Sweden,2006,84.19532093
SWE,Sweden,2007,81.46617927
SWE,Sweden,2008,78.27665954
SWE,Sweden,2009,72.55842195
SWE,Sweden,2010,78.5784552
SWE,Sweden,2011,73.63762369
SWE,Sweden,2012,70.32771278
SWE,Sweden,2013,68.06358849
SWE,Sweden,2014,66.40702653
SWE,Sweden,2015,66.67040868
SWE,Sweden,2016,66.38352745
SWE,Sweden,2017,66.11435257
SWE,Sweden,2018,63.35554653
SWE,Sweden,2019,62.68399766
SWE,Sweden,2020,62.77517912
SWE,Sweden,2021,61.41208142
SWE,Sweden,2022,60.63681341
SWZ,Eswatini,1970,1.896537451
SWZ,Eswatini,1971,1.914034394
SWZ,Eswatini,1972,1.993529524
SWZ,Eswatini,1973,2.060519583
SWZ,Eswatini,1974,2.098843577
SWZ,Eswatini,1975,2.173788638
SWZ,Eswatini,1976,2.265438362
SWZ,Eswatini,1977,2.218649166
SWZ,Eswatini,1978,2.632876173
SWZ,Eswatini,1979,2.69015074
SWZ,Eswatini,1980,2.758821639
SWZ,Eswatini,1981,2.72543283
SWZ,Eswatini,1982,2.696161778
SWZ,Eswatini,1983,2.560554864
SWZ,Eswatini,1984,2.571574092
SWZ,Eswatini,1985,2.716705247
SWZ,Eswatini,1986,2.825362604
SWZ,Eswatini,1987,2.824901186
SWZ,Eswatini,1988,2.864605948
SWZ,Eswatini,1989,2.94928292
SWZ,Eswatini,1990,3.344975444
SWZ,Eswatini,1991,3.446376667
SWZ,Eswatini,1992,3.301765226
SWZ,Eswatini,1993,2.953239232
SWZ,Eswatini,1994,3.711014851
SWZ,Eswatini,1995,3.687217976
SWZ,Eswatini,1996,3.484037452
SWZ,Eswatini,1997,3.531410742
SWZ,Eswatini,1998,3.469208677
SWZ,Eswatini,1999,3.707355102
SWZ,Eswatini,2000,3.411464208
SWZ,Eswatini,2001,3.291924417
SWZ,Eswatini,2002,3.322209363
SWZ,Eswatini,2003,3.354217159
SWZ,Eswatini,2004,3.396770314
SWZ,Eswatini,2005,3.369457822
SWZ,Eswatini,2006,3.295836526
SWZ,Eswatini,2007,3.378116388
SWZ,Eswatini,2008,3.300137278
SWZ,Eswatini,2009,3.244736731
SWZ,Eswatini,2010,2.905731194
SWZ,Eswatini,2011,2.77371114
SWZ,Eswatini,2012,2.789753013
SWZ,Eswatini,2013,3.004436331
SWZ,Eswatini,2014,3.016312428
SWZ,Eswatini,2015,3.056247816
SWZ,Eswatini,2016,3.134706974
SWZ,Eswatini,2017,3.08978464
SWZ,Eswatini,2018,3.11679259
SWZ,Eswatini,2019,3.201546015
SWZ,Eswatini,2020,3.177185808
SWZ,Eswatini,2021,3.222076564
SWZ,Eswatini,2022,3.386863518
SYC,Seychelles,1970,0.135357099
SYC,Seychelles,1971,0.139374808
SYC,Seychelles,1972,0.141327147
SYC,Seychelles,1973,0.146971998
SYC,Seychelles,1974,0.158061249
SYC,Seychelles,1975,0.165221246
SYC,Seychelles,1976,0.171453748
SYC,Seychelles,1977,0.176680726
SYC,Seychelles,1978,0.180782868
SYC,Seychelles,1979,0.203619715
SYC,Seychelles,1980,0.202507653
SYC,Seychelles,1981,0.167302673
SYC,Seychelles,1982,0.149768738
SYC,Seychelles,1983,0.240333741
SYC,Seychelles,1984,0.243904494
SYC,Seychelles,1985,0.253867638
SYC,Seychelles,1986,0.251780861
SYC,Seychelles,1987,0.350118159
SYC,Seychelles,1988,0.458360575
SYC,Seychelles,1989,0.441416431
SYC,Seychelles,1990,0.330345908
SYC,Seychelles,1991,0.453675643
SYC,Seychelles,1992,0.39119898
SYC,Seychelles,1993,0.392403822
SYC,Seychelles,1994,0.39280403
SYC,Seychelles,1995,0.411003605
SYC,Seychelles,1996,0.426209117
SYC,Seychelles,1997,0.4492436
SYC,Seychelles,1998,0.457484465
SYC,Seychelles,1999,0.465470166
SYC,Seychelles,2000,0.853993078
SYC,Seychelles,2001,0.922208433
SYC,Seychelles,2002,0.834866683
SYC,Seychelles,2003,0.838040129
SYC,Seychelles,2004,1.152425825
SYC,Seychelles,2005,1.051026814
SYC,Seychelles,2006,1.146380137
SYC,Seychelles,2007,0.957227712
SYC,Seychelles,2008,1.01464974
SYC,Seychelles,2009,1.096710785
SYC,Seychelles,2010,1.009657289
SYC,Seychelles,2011,0.861434046
SYC,Seychelles,2012,0.976595851
SYC,Seychelles,2013,0.884803711
SYC,Seychelles,2014,1.023147734
SYC,Seychelles,2015,1.077706944
SYC,Seychelles,2016,1.160222147
SYC,Seychelles,2017,1.188032253
SYC,Seychelles,2018,1.076223506
SYC,Seychelles,2019,1.115337766
SYC,Seychelles,2020,1.131756799
SYC,Seychelles,2021,1.177950238
SYC,Seychelles,2022,1.199378759
SYR,Syria,1970,15.92157579
SYR,Syria,1971,15.94610554
SYR,Syria,1972,16.32006552
SYR,Syria,1973,15.65332873
SYR,Syria,1974,18.96516754
SYR,Syria,1975,23.54136626
SYR,Syria,1976,25.77135303
SYR,Syria,1977,26.29983203
SYR,Syria,1978,27.68846967
SYR,Syria,1979,30.29267801
SYR,Syria,1980,30.29667571
SYR,Syria,1981,32.65087406
SYR,Syria,1982,35.65277584
SYR,Syria,1983,40.13236455
SYR,Syria,1984,42.88811216
SYR,Syria,1985,40.71861157
SYR,Syria,1986,42.79186679
SYR,Syria,1987,51.52295321
SYR,Syria,1988,53.61253867
SYR,Syria,1989,56.68460041
SYR,Syria,1990,64.09777326
SYR,Syria,1991,72.4716485
SYR,Syria,1992,71.90826692
SYR,Syria,1993,75.88849586
SYR,Syria,1994,78.87496009
SYR,Syria,1995,80.62527088
SYR,Syria,1996,83.83451568
SYR,Syria,1997,83.15448418
SYR,Syria,1998,85.58008755
SYR,Syria,1999,84.90159326
SYR,Syria,2000,87.17033656
SYR,Syria,2001,79.89486838
SYR,Syria,2002,75.66396485
SYR,Syria,2003,76.32087819
SYR,Syria,2004,77.59008191
SYR,Syria,2005,89.63740485
SYR,Syria,2006,91.60292032
SYR,Syria,2007,95.59290005
SYR,Syria,2008,95.31396077
SYR,Syria,2009,92.78076157
SYR,Syria,2010,92.96827828
SYR,Syria,2011,88.43474625
SYR,Syria,2012,70.43275194
SYR,Syria,2013,51.724963
SYR,Syria,2014,46.60179261
SYR,Syria,2015,44.70907462
SYR,Syria,2016,43.43795341
SYR,Syria,2017,44.94911291
SYR,Syria,2018,45.90538777
SYR,Syria,2019,45.04461344
SYR,Syria,2020,44.14244819
SYR,Syria,2021,45.05227259
SYR,Syria,2022,46.31180509
TCA,Turks and Caicos Islands,1970,0.005164691
TCA,Turks and Caicos Islands,1971,0.005322597
TCA,Turks and Caicos Islands,1972,0.006095816
TCA,Turks and Caicos Islands,1973,0.006231785
TCA,Turks and Caicos Islands,1974,0.005884043
TCA,Turks and Caicos Islands,1975,0.00672334
TCA,Turks and Caicos Islands,1976,0.006402658
TCA,Turks and Caicos Islands,1977,0.006888871
TCA,Turks and Caicos Islands,1978,0.006967974
TCA,Turks and Caicos Islands,1979,0.007029266
TCA,Turks and Caicos Islands,1980,0.007085646
TCA,Turks and Caicos Islands,1981,0.007208971
TCA,Turks and Caicos Islands,1982,0.00720339
TCA,Turks and Caicos Islands,1983,0.007379116
TCA,Turks and Caicos Islands,1984,0.008098034
TCA,Turks and Caicos Islands,1985,0.008413223
TCA,Turks and Caicos Islands,1986,0.008861641
TCA,Turks and Caicos Islands,1987,0.009394248
TCA,Turks and Caicos Islands,1988,0.010077112
TCA,Turks and Caicos Islands,1989,0.010523911
TCA,Turks and Caicos Islands,1990,0.010697327
TCA,Turks and Caicos Islands,1991,0.011164766
TCA,Turks and Caicos Islands,1992,0.011672288
TCA,Turks and Caicos Islands,1993,0.012175299
TCA,Turks and Caicos Islands,1994,0.012700698
TCA,Turks and Caicos Islands,1995,0.013171845
TCA,Turks and Caicos Islands,1996,0.013518081
TCA,Turks and Caicos Islands,1997,0.013745248
TCA,Turks and Caicos Islands,1998,0.014673206
TCA,Turks and Caicos Islands,1999,0.015120953
TCA,Turks and Caicos Islands,2000,0.027309559
TCA,Turks and Caicos Islands,2001,0.029135663
TCA,Turks and Caicos Islands,2002,0.03684945
TCA,Turks and Caicos Islands,2003,0.033990376
TCA,Turks and Caicos Islands,2004,0.03794391
TCA,Turks and Caicos Islands,2005,0.044327444
TCA,Turks and Caicos Islands,2006,0.051966588
TCA,Turks and Caicos Islands,2007,0.062289409
TCA,Turks and Caicos Islands,2008,0.06945166
TCA,Turks and Caicos Islands,2009,0.07594103
TCA,Turks and Caicos Islands,2010,0.08351621
TCA,Turks and Caicos Islands,2011,0.068981884
TCA,Turks and Caicos Islands,2012,0.073488243
TCA,Turks and Caicos Islands,2013,0.086084927
TCA,Turks and Caicos Islands,2014,0.09080071
TCA,Turks and Caicos Islands,2015,0.091608034
TCA,Turks and Caicos Islands,2016,0.097267102
TCA,Turks and Caicos Islands,2017,0.095203806
TCA,Turks and Caicos Islands,2018,0.105251176
TCA,Turks and Caicos Islands,2019,0.117882797
TCA,Turks and Caicos Islands,2020,0.10147813
TCA,Turks and Caicos Islands,2021,0.097724469
TCA,Turks and Caicos Islands,2022,0.100741663
TCD,Chad,1970,9.09730622
TCD,Chad,1971,9.250733559
TCD,Chad,1972,9.829371579
TCD,Chad,1973,8.95536349
TCD,Chad,1974,7.471490016
TCD,Chad,1975,7.744620549
TCD,Chad,1976,8.057566327
TCD,Chad,1977,8.603226092
TCD,Chad,1978,9.009049187
TCD,Chad,1979,9.302724
TCD,Chad,1980,9.480409676
TCD,Chad,1981,9.628222308
TCD,Chad,1982,10.1920762
TCD,Chad,1983,10.16716773
TCD,Chad,1984,8.426086514
TCD,Chad,1985,8.523182541
TCD,Chad,1986,9.129025371
TCD,Chad,1987,9.614611716
TCD,Chad,1988,9.961277057
TCD,Chad,1989,10.43485779
TCD,Chad,1990,11.13642908
TCD,Chad,1991,18.04907361
TCD,Chad,1992,18.80926423
TCD,Chad,1993,19.36797012
TCD,Chad,1994,20.39876325
TCD,Chad,1995,21.3801778
TCD,Chad,1996,22.18757787
TCD,Chad,1997,22.99710304
TCD,Chad,1998,24.26946522
TCD,Chad,1999,25.53125794
TCD,Chad,2000,26.65982826
TCD,Chad,2001,28.04792384
TCD,Chad,2002,29.58710501
TCD,Chad,2003,31.65589695
TCD,Chad,2004,34.617703
TCD,Chad,2005,36.54811618
TCD,Chad,2006,38.24356029
TCD,Chad,2007,40.1965468
TCD,Chad,2008,42.01096195
TCD,Chad,2009,44.13509795
TCD,Chad,2010,46.76083972
TCD,Chad,2011,49.1238905
TCD,Chad,2012,52.32857478
TCD,Chad,2013,55.22735286
TCD,Chad,2014,58.09911907
TCD,Chad,2015,63.00045125
TCD,Chad,2016,66.40741489
TCD,Chad,2017,70.2264437
TCD,Chad,2018,74.25146315
TCD,Chad,2019,78.217178
TCD,Chad,2020,82.0850609
TCD,Chad,2021,86.01695982
TCD,Chad,2022,89.83731687
TGO,Togo,1970,1.995309237
TGO,Togo,1971,2.001996273
TGO,Togo,1972,2.093036325
TGO,Togo,1973,2.029680201
TGO,Togo,1974,2.038014698
TGO,Togo,1975,2.162963484
TGO,Togo,1976,2.144151057
TGO,Togo,1977,2.288331157
TGO,Togo,1978,2.374391123
TGO,Togo,1979,2.439113045
TGO,Togo,1980,2.337804039
TGO,Togo,1981,2.368862967
TGO,Togo,1982,2.651759943
TGO,Togo,1983,2.431906075
TGO,Togo,1984,2.557376761
TGO,Togo,1985,2.621266752
TGO,Togo,1986,2.940352614
TGO,Togo,1987,3.085801319
TGO,Togo,1988,3.33107083
TGO,Togo,1989,3.357215488
TGO,Togo,1990,3.568698109
TGO,Togo,1991,3.481475772
TGO,Togo,1992,3.201023486
TGO,Togo,1993,3.182750395
TGO,Togo,1994,3.717909509
TGO,Togo,1995,3.65430662
TGO,Togo,1996,4.398446946
TGO,Togo,1997,4.271456417
TGO,Togo,1998,4.72236109
TGO,Togo,1999,5.229984805
TGO,Togo,2000,5.244291196
TGO,Togo,2001,5.252586406
TGO,Togo,2002,5.44506256
TGO,Togo,2003,5.810240335
TGO,Togo,2004,5.861257531
TGO,Togo,2005,6.063713595
TGO,Togo,2006,6.049926909
TGO,Togo,2007,6.138990887
TGO,Togo,2008,6.650228085
TGO,Togo,2009,8.095478023
TGO,Togo,2010,8.027699716
TGO,Togo,2011,7.965292721
TGO,Togo,2012,8.427055309
TGO,Togo,2013,8.306015486
TGO,Togo,2014,8.290048419
TGO,Togo,2015,8.297512066
TGO,Togo,2016,8.921747213
TGO,Togo,2017,8.914323664
TGO,Togo,2018,9.42762639
TGO,Togo,2019,9.952767165
TGO,Togo,2020,10.38022362
TGO,Togo,2021,10.80948228
TGO,Togo,2022,11.08764877
THA,Thailand,1970,120.3859831
THA,Thailand,1971,121.1796263
THA,Thailand,1972,120.3123548
THA,Thailand,1973,130.6915251
THA,Thailand,1974,127.2610502
THA,Thailand,1975,136.7023367
THA,Thailand,1976,139.9109913
THA,Thailand,1977,147.4713748
THA,Thailand,1978,153.285444
THA,Thailand,1979,152.3621446
THA,Thailand,1980,156.4778531
THA,Thailand,1981,157.3060242
THA,Thailand,1982,156.0155832
THA,Thailand,1983,162.7342044
THA,Thailand,1984,168.9108002
THA,Thailand,1985,176.134895
THA,Thailand,1986,174.4639441
THA,Thailand,1987,182.8378714
THA,Thailand,1988,197.472234
THA,Thailand,1989,210.8903147
THA,Thailand,1990,221.8984786
THA,Thailand,1991,237.4435932
THA,Thailand,1992,248.0139579
THA,Thailand,1993,261.8961909
THA,Thailand,1994,277.1533431
THA,Thailand,1995,293.3130264
THA,Thailand,1996,313.4423694
THA,Thailand,1997,320.2497563
THA,Thailand,1998,294.901058
THA,Thailand,1999,305.7730937
THA,Thailand,2000,305.6329741
THA,Thailand,2001,318.0166832
THA,Thailand,2002,330.3551742
THA,Thailand,2003,345.9866025
THA,Thailand,2004,367.9187132
THA,Thailand,2005,381.1829692
THA,Thailand,2006,386.7056076
THA,Thailand,2007,401.5410258
THA,Thailand,2008,404.9785191
THA,Thailand,2009,403.2945372
THA,Thailand,2010,426.5043203
THA,Thailand,2011,425.2664242
THA,Thailand,2012,446.1882681
THA,Thailand,2013,457.6392899
THA,Thailand,2014,447.4441696
THA,Thailand,2015,447.4459287
THA,Thailand,2016,449.9240688
THA,Thailand,2017,449.4594776
THA,Thailand,2018,446.2920626
THA,Thailand,2019,453.5654746
THA,Thailand,2020,449.399833
THA,Thailand,2021,455.6714002
THA,Thailand,2022,463.8746883
TJK,Tajikistan,1970,13.29277014
TJK,Tajikistan,1971,13.64203986
TJK,Tajikistan,1972,14.21336588
TJK,Tajikistan,1973,14.8171045
TJK,Tajikistan,1974,15.44171889
TJK,Tajikistan,1975,16.32985659
TJK,Tajikistan,1976,16.6046322
TJK,Tajikistan,1977,16.93625271
TJK,Tajikistan,1978,17.3655621
TJK,Tajikistan,1979,17.78521482
TJK,Tajikistan,1980,19.14349003
TJK,Tajikistan,1981,19.26904757
TJK,Tajikistan,1982,19.10186206
TJK,Tajikistan,1983,19.58445787
TJK,Tajikistan,1984,19.81498821
TJK,Tajikistan,1985,20.57517324
TJK,Tajikistan,1986,21.29518996
TJK,Tajikistan,1987,21.84576247
TJK,Tajikistan,1988,22.08600914
TJK,Tajikistan,1989,22.19200292
TJK,Tajikistan,1990,22.325112
TJK,Tajikistan,1991,22.91242934
TJK,Tajikistan,1992,18.84196654
TJK,Tajikistan,1993,14.45626214
TJK,Tajikistan,1994,11.90913527
TJK,Tajikistan,1995,11.33823084
TJK,Tajikistan,1996,10.19016537
TJK,Tajikistan,1997,10.34706536
TJK,Tajikistan,1998,10.46718694
TJK,Tajikistan,1999,10.31695809
TJK,Tajikistan,2000,10.77976051
TJK,Tajikistan,2001,10.28775413
TJK,Tajikistan,2002,11.13726877
TJK,Tajikistan,2003,10.47207811
TJK,Tajikistan,2004,12.6071029
TJK,Tajikistan,2005,12.08083016
TJK,Tajikistan,2006,12.76602571
TJK,Tajikistan,2007,14.25396799
TJK,Tajikistan,2008,13.04614944
TJK,Tajikistan,2009,12.28941356
TJK,Tajikistan,2010,12.17099105
TJK,Tajikistan,2011,12.14037725
TJK,Tajikistan,2012,13.11773698
TJK,Tajikistan,2013,13.33822262
TJK,Tajikistan,2014,14.80737723
TJK,Tajikistan,2015,15.59021116
TJK,Tajikistan,2016,16.62421414
TJK,Tajikistan,2017,18.35131888
TJK,Tajikistan,2018,19.74205241
TJK,Tajikistan,2019,20.69703078
TJK,Tajikistan,2020,21.19105852
TJK,Tajikistan,2021,22.43052085
TJK,Tajikistan,2022,22.8336241
TKM,Turkmenistan,1970,45.0780774
TKM,Turkmenistan,1971,45.41854709
TKM,Turkmenistan,1972,47.44821831
TKM,Turkmenistan,1973,49.82041807
TKM,Turkmenistan,1974,52.57127928
TKM,Turkmenistan,1975,56.96726901
TKM,Turkmenistan,1976,58.95693796
TKM,Turkmenistan,1977,60.91702115
TKM,Turkmenistan,1978,63.1525009
TKM,Turkmenistan,1979,65.49234512
TKM,Turkmenistan,1980,68.45188224
TKM,Turkmenistan,1981,69.75136571
TKM,Turkmenistan,1982,71.54035539
TKM,Turkmenistan,1983,73.4473299
TKM,Turkmenistan,1984,76.05934984
TKM,Turkmenistan,1985,78.92782059
TKM,Turkmenistan,1986,81.54803799
TKM,Turkmenistan,1987,84.23323902
TKM,Turkmenistan,1988,86.44321149
TKM,Turkmenistan,1989,87.30132007
TKM,Turkmenistan,1990,86.64089518
TKM,Turkmenistan,1991,80.65551649
TKM,Turkmenistan,1992,58.95871323
TKM,Turkmenistan,1993,61.76744695
TKM,Turkmenistan,1994,58.18694104
TKM,Turkmenistan,1995,57.96384907
TKM,Turkmenistan,1996,56.19489473
TKM,Turkmenistan,1997,47.90822156
TKM,Turkmenistan,1998,50.81132364
TKM,Turkmenistan,1999,64.19881995
TKM,Turkmenistan,2000,73.96566781
TKM,Turkmenistan,2001,75.8828141
TKM,Turkmenistan,2002,82.83520741
TKM,Turkmenistan,2003,93.79857709
TKM,Turkmenistan,2004,98.59791096
TKM,Turkmenistan,2005,100.2661345
TKM,Turkmenistan,2006,104.3506723
TKM,Turkmenistan,2007,110.6557463
TKM,Turkmenistan,2008,114.8960519
TKM,Turkmenistan,2009,93.48198446
TKM,Turkmenistan,2010,102.7165987
TKM,Turkmenistan,2011,115.9603409
TKM,Turkmenistan,2012,121.1158953
TKM,Turkmenistan,2013,123.2221569
TKM,Turkmenistan,2014,122.5363607
TKM,Turkmenistan,2015,126.7521966
TKM,Turkmenistan,2016,124.3588553
TKM,Turkmenistan,2017,123.1270603
TKM,Turkmenistan,2018,123.455945
TKM,Turkmenistan,2019,124.5061098
TKM,Turkmenistan,2020,123.4831677
TKM,Turkmenistan,2021,128.0044539
TKM,Turkmenistan,2022,128.9191687
TLS,Timor-Leste,1970,0.71527929
TLS,Timor-Leste,1971,0.736305066
TLS,Timor-Leste,1972,0.792476047
TLS,Timor-Leste,1973,0.804430833
TLS,Timor-Leste,1974,0.793907393
TLS,Timor-Leste,1975,0.745977295
TLS,Timor-Leste,1976,0.677923771
TLS,Timor-Leste,1977,0.607224111
TLS,Timor-Leste,1978,0.55286172
TLS,Timor-Leste,1979,0.472988793
TLS,Timor-Leste,1980,0.441394327
TLS,Timor-Leste,1981,0.448111613
TLS,Timor-Leste,1982,0.472556871
TLS,Timor-Leste,1983,0.496776914
TLS,Timor-Leste,1984,0.53149056
TLS,Timor-Leste,1985,0.540956936
TLS,Timor-Leste,1986,0.549260739
TLS,Timor-Leste,1987,0.554094759
TLS,Timor-Leste,1988,0.530641222
TLS,Timor-Leste,1989,0.557130388
TLS,Timor-Leste,1990,0.595075722
TLS,Timor-Leste,1991,0.689479738
TLS,Timor-Leste,1992,0.670652462
TLS,Timor-Leste,1993,0.694383511
TLS,Timor-Leste,1994,0.769902179
TLS,Timor-Leste,1995,0.797973894
TLS,Timor-Leste,1996,0.825590853
TLS,Timor-Leste,1997,0.795557561
TLS,Timor-Leste,1998,0.890693905
TLS,Timor-Leste,1999,0.883649996
TLS,Timor-Leste,2000,1.023238222
TLS,Timor-Leste,2001,1.137570545
TLS,Timor-Leste,2002,1.120875629
TLS,Timor-Leste,2003,1.328552439
TLS,Timor-Leste,2004,1.768177133
TLS,Timor-Leste,2005,2.040967157
TLS,Timor-Leste,2006,3.745607349
TLS,Timor-Leste,2007,4.075253407
TLS,Timor-Leste,2008,4.564311633
TLS,Timor-Leste,2009,4.066352598
TLS,Timor-Leste,2010,3.9295724
TLS,Timor-Leste,2011,4.246072436
TLS,Timor-Leste,2012,4.62124909
TLS,Timor-Leste,2013,4.524141862
TLS,Timor-Leste,2014,3.639836841
TLS,Timor-Leste,2015,3.672439422
TLS,Timor-Leste,2016,3.262445617
TLS,Timor-Leste,2017,3.135477109
TLS,Timor-Leste,2018,3.154789136
TLS,Timor-Leste,2019,3.006406762
TLS,Timor-Leste,2020,2.582996619
TLS,Timor-Leste,2021,2.568359029
TLS,Timor-Leste,2022,2.475682992
TON,Tonga,1970,0.078952509
TON,Tonga,1971,0.078190078
TON,Tonga,1972,0.079340849
TON,Tonga,1973,0.088674428
TON,Tonga,1974,0.096851549
TON,Tonga,1975,0.099262269
TON,Tonga,1976,0.105149734
TON,Tonga,1977,0.114121547
TON,Tonga,1978,0.130834138
TON,Tonga,1979,0.133360783
TON,Tonga,1980,0.137630355
TON,Tonga,1981,0.162974114
TON,Tonga,1982,0.152735225
TON,Tonga,1983,0.136604125
TON,Tonga,1984,0.123390636
TON,Tonga,1985,0.140215567
TON,Tonga,1986,0.123584286
TON,Tonga,1987,0.168715849
TON,Tonga,1988,0.191263455
TON,Tonga,1989,0.196307563
TON,Tonga,1990,0.189229247
TON,Tonga,1991,0.192118553
TON,Tonga,1992,0.193624494
TON,Tonga,1993,0.191285123
TON,Tonga,1994,0.226820945
TON,Tonga,1995,0.207017108
TON,Tonga,1996,0.224596412
TON,Tonga,1997,0.238381365
TON,Tonga,1998,0.246203844
TON,Tonga,1999,0.243935268
TON,Tonga,2000,0.218089666
TON,Tonga,2001,0.210382115
TON,Tonga,2002,0.220324244
TON,Tonga,2003,0.242639902
TON,Tonga,2004,0.227405376
TON,Tonga,2005,0.237809922
TON,Tonga,2006,0.250359634
TON,Tonga,2007,0.223635128
TON,Tonga,2008,0.233972006
TON,Tonga,2009,0.246074656
TON,Tonga,2010,0.23898112
TON,Tonga,2011,0.233020369
TON,Tonga,2012,0.232079755
TON,Tonga,2013,0.232538782
TON,Tonga,2014,0.246143571
TON,Tonga,2015,0.251871551
TON,Tonga,2016,0.261452298
TON,Tonga,2017,0.296065692
TON,Tonga,2018,0.274037314
TON,Tonga,2019,0.310477764
TON,Tonga,2020,0.272911181
TON,Tonga,2021,0.279772841
TON,Tonga,2022,0.284130892
TTO,Trinidad and Tobago,1970,9.436679969
TTO,Trinidad and Tobago,1971,9.474499368
TTO,Trinidad and Tobago,1972,9.768900594
TTO,Trinidad and Tobago,1973,10.17150321
TTO,Trinidad and Tobago,1974,10.0512812
TTO,Trinidad and Tobago,1975,9.585316597
TTO,Trinidad and Tobago,1976,10.81996068
TTO,Trinidad and Tobago,1977,11.76647922
TTO,Trinidad and Tobago,1978,12.4820197
TTO,Trinidad and Tobago,1979,12.12598519
TTO,Trinidad and Tobago,1980,13.04137162
TTO,Trinidad and Tobago,1981,13.72040322
TTO,Trinidad and Tobago,1982,15.30362593
TTO,Trinidad and Tobago,1983,15.88231448
TTO,Trinidad and Tobago,1984,16.52626059
TTO,Trinidad and Tobago,1985,16.92415313
TTO,Trinidad and Tobago,1986,16.71614061
TTO,Trinidad and Tobago,1987,17.17310209
TTO,Trinidad and Tobago,1988,18.26617709
TTO,Trinidad and Tobago,1989,18.21416176
TTO,Trinidad and Tobago,1990,18.19359707
TTO,Trinidad and Tobago,1991,18.43958459
TTO,Trinidad and Tobago,1992,18.70154888
TTO,Trinidad and Tobago,1993,18.52602824
TTO,Trinidad and Tobago,1994,20.46538731
TTO,Trinidad and Tobago,1995,19.81354999
TTO,Trinidad and Tobago,1996,21.18462862
TTO,Trinidad and Tobago,1997,21.22211591
TTO,Trinidad and Tobago,1998,25.65509171
TTO,Trinidad and Tobago,1999,26.74917952
TTO,Trinidad and Tobago,2000,28.46833309
TTO,Trinidad and Tobago,2001,31.66112505
TTO,Trinidad and Tobago,2002,34.63332565
TTO,Trinidad and Tobago,2003,41.25762062
TTO,Trinidad and Tobago,2004,44.72825048
TTO,Trinidad and Tobago,2005,51.84038819
TTO,Trinidad and Tobago,2006,58.22190397
TTO,Trinidad and Tobago,2007,59.73369462
TTO,Trinidad and Tobago,2008,58.47678652
TTO,Trinidad and Tobago,2009,57.86146884
TTO,Trinidad and Tobago,2010,62.00160267
TTO,Trinidad and Tobago,2011,61.47885294
TTO,Trinidad and Tobago,2012,58.12590301
TTO,Trinidad and Tobago,2013,57.4630579
TTO,Trinidad and Tobago,2014,57.26046756
TTO,Trinidad and Tobago,2015,55.97446194
TTO,Trinidad and Tobago,2016,50.25265133
TTO,Trinidad and Tobago,2017,50.98859275
TTO,Trinidad and Tobago,2018,51.23039067
TTO,Trinidad and Tobago,2019,52.01652367
TTO,Trinidad and Tobago,2020,47.25523587
TTO,Trinidad and Tobago,2021,45.3262098
TTO,Trinidad and Tobago,2022,45.9109246
TUN,Tunisia,1970,10.85346228
TUN,Tunisia,1971,11.23444659
TUN,Tunisia,1972,11.97389579
TUN,Tunisia,1973,12.12053518
TUN,Tunisia,1974,12.99057008
TUN,Tunisia,1975,13.42537975
TUN,Tunisia,1976,13.46255075
TUN,Tunisia,1977,14.54594542
TUN,Tunisia,1978,15.24414783
TUN,Tunisia,1979,16.38039259
TUN,Tunisia,1980,17.58158078
TUN,Tunisia,1981,18.07342326
TUN,Tunisia,1982,17.97854814
TUN,Tunisia,1983,19.71360436
TUN,Tunisia,1984,20.45630606
TUN,Tunisia,1985,20.97085525
TUN,Tunisia,1986,21.22338414
TUN,Tunisia,1987,21.55288154
TUN,Tunisia,1988,22.28940966
TUN,Tunisia,1989,23.45428309
TUN,Tunisia,1990,23.92318746
TUN,Tunisia,1991,24.97676511
TUN,Tunisia,1992,26.13852729
TUN,Tunisia,1993,26.75647912
TUN,Tunisia,1994,26.5334109
TUN,Tunisia,1995,27.04177604
TUN,Tunisia,1996,28.28703158
TUN,Tunisia,1997,29.05126651
TUN,Tunisia,1998,30.46582311
TUN,Tunisia,1999,32.00849647
TUN,Tunisia,2000,33.17483077
TUN,Tunisia,2001,34.26296886
TUN,Tunisia,2002,33.9807469
TUN,Tunisia,2003,33.72398201
TUN,Tunisia,2004,35.34548057
TUN,Tunisia,2005,36.49860543
TUN,Tunisia,2006,37.91075257
TUN,Tunisia,2007,38.67246973
TUN,Tunisia,2008,39.98456692
TUN,Tunisia,2009,40.00367913
TUN,Tunisia,2010,42.19592444
TUN,Tunisia,2011,40.28151609
TUN,Tunisia,2012,42.27383876
TUN,Tunisia,2013,42.02703958
TUN,Tunisia,2014,43.93087173
TUN,Tunisia,2015,44.35720966
TUN,Tunisia,2016,43.49223425
TUN,Tunisia,2017,43.52100554
TUN,Tunisia,2018,43.75301861
TUN,Tunisia,2019,43.79554807
TUN,Tunisia,2020,42.08932769
TUN,Tunisia,2021,48.9902177
TUN,Tunisia,2022,49.820073
TUR,Türkiye,1970,102.4773726
TUR,Türkiye,1971,106.7589188
TUR,Türkiye,1972,115.521348
TUR,Türkiye,1973,121.5701987
TUR,Türkiye,1974,124.7141584
TUR,Türkiye,1975,131.7772053
TUR,Türkiye,1976,141.9381163
TUR,Türkiye,1977,151.6631596
TUR,Türkiye,1978,151.4155306
TUR,Türkiye,1979,146.4296627
TUR,Türkiye,1980,151.3576522
TUR,Türkiye,1981,154.5926525
TUR,Türkiye,1982,162.9088302
TUR,Türkiye,1983,167.037514
TUR,Türkiye,1984,173.6906508
TUR,Türkiye,1985,178.1055211
TUR,Türkiye,1986,190.7502488
TUR,Türkiye,1987,203.6827933
TUR,Türkiye,1988,199.4675868
TUR,Türkiye,1989,214.056518
TUR,Türkiye,1990,228.0857134
TUR,Türkiye,1991,224.3646496
TUR,Türkiye,1992,234.0893391
TUR,Türkiye,1993,240.5336018
TUR,Türkiye,1994,236.1580706
TUR,Türkiye,1995,254.6444044
TUR,Türkiye,1996,275.4968806
TUR,Türkiye,1997,290.1446989
TUR,Türkiye,1998,295.2084007
TUR,Türkiye,1999,297.1554213
TUR,Türkiye,2000,323.0356293
TUR,Türkiye,2001,301.4492816
TUR,Türkiye,2002,307.4733221
TUR,Türkiye,2003,321.175218
TUR,Türkiye,2004,325.0466002
TUR,Türkiye,2005,336.5152612
TUR,Türkiye,2006,372.4640239
TUR,Türkiye,2007,402.0241383
TUR,Türkiye,2008,400.370004
TUR,Türkiye,2009,408.2311116
TUR,Türkiye,2010,425.1069384
TUR,Türkiye,2011,449.7440913
TUR,Türkiye,2012,482.0890544
TUR,Türkiye,2013,479.3185553
TUR,Türkiye,2014,506.6117968
TUR,Türkiye,2015,521.9147725
TUR,Türkiye,2016,551.5648939
TUR,Türkiye,2017,597.5565367
TUR,Türkiye,2018,603.8610335
TUR,Türkiye,2019,593.4663299
TUR,Türkiye,2020,614.4939648
TUR,Türkiye,2021,666.7963429
TUR,Türkiye,2022,687.5263095
TWN,Taiwan,1970,54.46824329
TWN,Taiwan,1971,54.37104817
TWN,Taiwan,1972,58.81036192
TWN,Taiwan,1973,63.17779977
TWN,Taiwan,1974,62.52360533
TWN,Taiwan,1975,66.64155589
TWN,Taiwan,1976,75.99461686
TWN,Taiwan,1977,80.52145769
TWN,Taiwan,1978,88.6601183
TWN,Taiwan,1979,92.04585036
TWN,Taiwan,1980,98.383788
TWN,Taiwan,1981,91.68014883
TWN,Taiwan,1982,90.43952623
TWN,Taiwan,1983,94.9003432
TWN,Taiwan,1984,97.81608204
TWN,Taiwan,1985,94.95051873
TWN,Taiwan,1986,107.5962343
TWN,Taiwan,1987,112.3986068
TWN,Taiwan,1988,127.9782688
TWN,Taiwan,1989,137.4382507
TWN,Taiwan,1990,140.5764686
TWN,Taiwan,1991,150.7269876
TWN,Taiwan,1992,158.86475
TWN,Taiwan,1993,169.678212
TWN,Taiwan,1994,179.2084713
TWN,Taiwan,1995,189.1307129
TWN,Taiwan,1996,198.4757923
TWN,Taiwan,1997,212.1142673
TWN,Taiwan,1998,224.08553
TWN,Taiwan,1999,232.1411611
TWN,Taiwan,2000,248.9793111
TWN,Taiwan,2001,258.4069827
TWN,Taiwan,2002,313.5694747
TWN,Taiwan,2003,325.0850112
TWN,Taiwan,2004,338.3252814
TWN,Taiwan,2005,332.1399735
TWN,Taiwan,2006,321.9033578
TWN,Taiwan,2007,331.2375429
TWN,Taiwan,2008,314.3045924
TWN,Taiwan,2009,296.9723702
TWN,Taiwan,2010,302.9335037
TWN,Taiwan,2011,308.4811756
TWN,Taiwan,2012,301.7158487
TWN,Taiwan,2013,307.2167216
TWN,Taiwan,2014,313.15427
TWN,Taiwan,2015,310.3037516
TWN,Taiwan,2016,314.0387016
TWN,Taiwan,2017,319.3227308
TWN,Taiwan,2018,317.9431642
TWN,Taiwan,2019,307.7927436
TWN,Taiwan,2020,305.5022843
TWN,Taiwan,2021,320.517244
TWN,Taiwan,2022,307.6823443
TZA,Tanzania,1970,21.126172
TZA,Tanzania,1971,21.33687228
TZA,Tanzania,1972,21.88474132
TZA,Tanzania,1973,22.07071518
TZA,Tanzania,1974,22.46809011
TZA,Tanzania,1975,23.00662238
TZA,Tanzania,1976,24.04152821
TZA,Tanzania,1977,24.49659358
TZA,Tanzania,1978,25.20362796
TZA,Tanzania,1979,25.91580741
TZA,Tanzania,1980,26.24203893
TZA,Tanzania,1981,27.12657079
TZA,Tanzania,1982,27.95029043
TZA,Tanzania,1983,28.37852969
TZA,Tanzania,1984,27.60388962
TZA,Tanzania,1985,28.19487501
TZA,Tanzania,1986,28.94897101
TZA,Tanzania,1987,29.85209165
TZA,Tanzania,1988,30.23123155
TZA,Tanzania,1989,30.5926345
TZA,Tanzania,1990,31.16997032
TZA,Tanzania,1991,31.59987222
TZA,Tanzania,1992,31.89441863
TZA,Tanzania,1993,32.97520272
TZA,Tanzania,1994,33.81761994
TZA,Tanzania,1995,37.86862557
TZA,Tanzania,1996,36.64661605
TZA,Tanzania,1997,36.42112972
TZA,Tanzania,1998,38.13393666
TZA,Tanzania,1999,41.47000256
TZA,Tanzania,2000,42.55614374
TZA,Tanzania,2001,43.3600915
TZA,Tanzania,2002,45.45438956
TZA,Tanzania,2003,47.26552124
TZA,Tanzania,2004,48.82155142
TZA,Tanzania,2005,50.94867618
TZA,Tanzania,2006,52.48950058
TZA,Tanzania,2007,52.74388483
TZA,Tanzania,2008,55.15309049
TZA,Tanzania,2009,55.90208128
TZA,Tanzania,2010,59.1813643
TZA,Tanzania,2011,63.64972168
TZA,Tanzania,2012,66.57496467
TZA,Tanzania,2013,71.23341368
TZA,Tanzania,2014,72.68426889
TZA,Tanzania,2015,75.4522298
TZA,Tanzania,2016,76.25974576
TZA,Tanzania,2017,77.56151853
TZA,Tanzania,2018,79.18046374
TZA,Tanzania,2019,83.74867874
TZA,Tanzania,2020,85.14571332
TZA,Tanzania,2021,88.12139672
TZA,Tanzania,2022,89.37841003
UGA,Uganda,1970,13.21323923
UGA,Uganda,1971,13.31523541
UGA,Uganda,1972,13.69434046
UGA,Uganda,1973,13.97335498
UGA,Uganda,1974,14.36202731
UGA,Uganda,1975,14.70764942
UGA,Uganda,1976,15.34918792
UGA,Uganda,1977,15.34975925
UGA,Uganda,1978,16.02938135
UGA,Uganda,1979,16.31870168
UGA,Uganda,1980,15.81528017
UGA,Uganda,1981,15.84160172
UGA,Uganda,1982,16.07687675
UGA,Uganda,1983,16.28998051
UGA,Uganda,1984,16.72715807
UGA,Uganda,1985,17.11748166
UGA,Uganda,1986,17.68301837
UGA,Uganda,1987,15.92780616
UGA,Uganda,1988,16.68808926
UGA,Uganda,1989,17.24042124
UGA,Uganda,1990,18.45243396
UGA,Uganda,1991,19.15455095
UGA,Uganda,1992,19.6821417
UGA,Uganda,1993,20.22680319
UGA,Uganda,1994,20.08735989
UGA,Uganda,1995,20.73872776
UGA,Uganda,1996,21.24729418
UGA,Uganda,1997,21.83686691
UGA,Uganda,1998,22.62423532
UGA,Uganda,1999,23.23044634
UGA,Uganda,2000,23.80335997
UGA,Uganda,2001,24.49404305
UGA,Uganda,2002,25.47657258
UGA,Uganda,2003,26.46669141
UGA,Uganda,2004,27.21135487
UGA,Uganda,2005,28.49605485
UGA,Uganda,2006,29.57501517
UGA,Uganda,2007,30.97095172
UGA,Uganda,2008,38.56519505
UGA,Uganda,2009,39.85026807
UGA,Uganda,2010,40.90096162
UGA,Uganda,2011,42.29913712
UGA,Uganda,2012,43.21644931
UGA,Uganda,2013,44.48151686
UGA,Uganda,2014,46.20550066
UGA,Uganda,2015,48.27398313
UGA,Uganda,2016,45.69646309
UGA,Uganda,2017,46.92247122
UGA,Uganda,2018,49.4209617
UGA,Uganda,2019,52.26783417
UGA,Uganda,2020,53.92462503
UGA,Uganda,2021,55.54451458
UGA,Uganda,2022,56.49037828
UKR,Ukraine,1970,651.1440211
UKR,Ukraine,1971,666.267594
UKR,Ukraine,1972,694.8184339
UKR,Ukraine,1973,726.7658582
UKR,Ukraine,1974,753.6939523
UKR,Ukraine,1975,776.2585798
UKR,Ukraine,1976,804.4043252
UKR,Ukraine,1977,820.2468291
UKR,Ukraine,1978,831.2907019
UKR,Ukraine,1979,848.7223748
UKR,Ukraine,1980,865.5457327
UKR,Ukraine,1981,854.7255298
UKR,Ukraine,1982,853.7459794
UKR,Ukraine,1983,854.2548984
UKR,Ukraine,1984,856.0847975
UKR,Ukraine,1985,863.224623
UKR,Ukraine,1986,880.7599591
UKR,Ukraine,1987,903.5282151
UKR,Ukraine,1988,909.2592184
UKR,Ukraine,1989,908.8469099
UKR,Ukraine,1990,952.14002
UKR,Ukraine,1991,896.1015871
UKR,Ukraine,1992,798.9441806
UKR,Ukraine,1993,708.0479778
UKR,Ukraine,1994,597.4404333
UKR,Ukraine,1995,581.7455288
UKR,Ukraine,1996,502.8307664
UKR,Ukraine,1997,482.0996543
UKR,Ukraine,1998,457.2123428
UKR,Ukraine,1999,454.1645223
UKR,Ukraine,2000,448.0543727
UKR,Ukraine,2001,447.2621878
UKR,Ukraine,2002,450.4990245
UKR,Ukraine,2003,483.1204462
UKR,Ukraine,2004,456.4262076
UKR,Ukraine,2005,444.0005207
UKR,Ukraine,2006,443.5114748
UKR,Ukraine,2007,455.2222014
UKR,Ukraine,2008,440.8519547
UKR,Ukraine,2009,375.7462634
UKR,Ukraine,2010,396.0242879
UKR,Ukraine,2011,423.5734141
UKR,Ukraine,2012,414.9150679
UKR,Ukraine,2013,405.9431023
UKR,Ukraine,2014,357.0017362
UKR,Ukraine,2015,301.1233852
UKR,Ukraine,2016,307.430669
UKR,Ukraine,2017,280.727846
UKR,Ukraine,2018,294.7546602
UKR,Ukraine,2019,284.7254439
UKR,Ukraine,2020,274.4608648
UKR,Ukraine,2021,260.0797555
UKR,Ukraine,2022,208.6069428
URY,Uruguay,1970,29.1220095
URY,Uruguay,1971,28.73477313
URY,Uruguay,1972,29.64676121
URY,Uruguay,1973,30.42636522
URY,Uruguay,1974,31.56413135
URY,Uruguay,1975,33.54832064
URY,Uruguay,1976,32.03618109
URY,Uruguay,1977,31.76852864
URY,Uruguay,1978,32.05374259
URY,Uruguay,1979,33.74022649
URY,Uruguay,1980,35.8803907
URY,Uruguay,1981,36.08302916
URY,Uruguay,1982,35.26581419
URY,Uruguay,1983,31.01977767
URY,Uruguay,1984,29.36156578
URY,Uruguay,1985,29.86904451
URY,Uruguay,1986,30.04425941
URY,Uruguay,1987,31.8484217
URY,Uruguay,1988,33.9243481
URY,Uruguay,1989,32.59447224
URY,Uruguay,1990,29.64882396
URY,Uruguay,1991,31.54236883
URY,Uruguay,1992,33.46574653
URY,Uruguay,1993,34.20947714
URY,Uruguay,1994,34.34160655
URY,Uruguay,1995,34.6837881
URY,Uruguay,1996,36.08171879
URY,Uruguay,1997,35.8048959
URY,Uruguay,1998,35.39012795
URY,Uruguay,1999,36.54865391
URY,Uruguay,2000,34.62543068
URY,Uruguay,2001,34.21988968
URY,Uruguay,2002,34.96312633
URY,Uruguay,2003,35.90674198
URY,Uruguay,2004,37.976391
URY,Uruguay,2005,38.12505063
URY,Uruguay,2006,40.13087621
URY,Uruguay,2007,39.1806794
URY,Uruguay,2008,43.34709426
URY,Uruguay,2009,42.77629741
URY,Uruguay,2010,39.8049721
URY,Uruguay,2011,41.04966405
URY,Uruguay,2012,41.6410063
URY,Uruguay,2013,40.47840139
URY,Uruguay,2014,40.96325502
URY,Uruguay,2015,41.6798522
URY,Uruguay,2016,41.92476916
URY,Uruguay,2017,41.09188959
URY,Uruguay,2018,40.72600872
URY,Uruguay,2019,41.29569462
URY,Uruguay,2020,40.83852277
URY,Uruguay,2021,41.89578101
URY,Uruguay,2022,41.90775446
USA,United States,1970,5750.029633
USA,United States,1971,5624.320655
USA,United States,1972,5894.31589
USA,United States,1973,6093.637117
USA,United States,1974,5915.957818
USA,United States,1975,5699.331436
USA,United States,1976,6014.557728
USA,United States,1977,6170.764571
USA,United States,1978,6163.384588
USA,United States,1979,6230.31431
USA,United States,1980,5997.688955
USA,United States,1981,5917.983071
USA,United States,1982,5649.11198
USA,United States,1983,5618.754033
USA,United States,1984,5845.645879
USA,United States,1985,5854.256613
USA,United States,1986,5807.734393
USA,United States,1987,5967.301421
USA,United States,1988,6204.137294
USA,United States,1989,6270.475123
USA,United States,1990,6163.741598
USA,United States,1991,6115.600587
USA,United States,1992,6215.020469
USA,United States,1993,6341.283283
USA,United States,1994,6448.60354
USA,United States,1995,6517.886171
USA,United States,1996,6687.967131
USA,United States,1997,6971.156595
USA,United States,1998,7020.480586
USA,United States,1999,7023.791489
USA,United States,2000,7188.178567
USA,United States,2001,7105.9394
USA,United States,2002,6941.58964
USA,United States,2003,7007.774015
USA,United States,2004,7097.041408
USA,United States,2005,7101.881218
USA,United States,2006,6990.806198
USA,United States,2007,7087.000577
USA,United States,2008,6907.59416
USA,United States,2009,6439.869849
USA,United States,2010,6686.47466
USA,United States,2011,6485.321483
USA,United States,2012,6241.549906
USA,United States,2013,6382.441981
USA,United States,2014,6409.952019
USA,United States,2015,6288.541066
USA,United States,2016,6167.14111
USA,United States,2017,6110.706444
USA,United States,2018,6287.703095
USA,United States,2019,6153.23479
USA,United States,2020,5615.567418
USA,United States,2021,5923.303104
USA,United States,2022,6017.442983
UZB,Uzbekistan,1970,109.9952118
UZB,Uzbekistan,1971,111.3587818
UZB,Uzbekistan,1972,116.4721946
UZB,Uzbekistan,1973,122.0889076
UZB,Uzbekistan,1974,128.2264538
UZB,Uzbekistan,1975,136.5898092
UZB,Uzbekistan,1976,140.0998499
UZB,Uzbekistan,1977,143.9079842
UZB,Uzbekistan,1978,148.6636567
UZB,Uzbekistan,1979,152.6719808
UZB,Uzbekistan,1980,158.7985578
UZB,Uzbekistan,1981,159.6370146
UZB,Uzbekistan,1982,162.1267296
UZB,Uzbekistan,1983,165.4017445
UZB,Uzbekistan,1984,169.3077832
UZB,Uzbekistan,1985,173.6822638
UZB,Uzbekistan,1986,178.2441861
UZB,Uzbekistan,1987,182.9083894
UZB,Uzbekistan,1988,185.2539821
UZB,Uzbekistan,1989,185.4022133
UZB,Uzbekistan,1990,177.1730235
UZB,Uzbekistan,1991,176.7985877
UZB,Uzbekistan,1992,167.3509505
UZB,Uzbekistan,1993,168.5689035
UZB,Uzbekistan,1994,166.0770062
UZB,Uzbekistan,1995,154.7524394
UZB,Uzbekistan,1996,157.4684768
UZB,Uzbekistan,1997,157.5335669
UZB,Uzbekistan,1998,173.7969943
UZB,Uzbekistan,1999,172.4619421
UZB,Uzbekistan,2000,181.9394386
UZB,Uzbekistan,2001,187.7890775
UZB,Uzbekistan,2002,199.1642278
UZB,Uzbekistan,2003,187.6002572
UZB,Uzbekistan,2004,190.1256055
UZB,Uzbekistan,2005,191.5793187
UZB,Uzbekistan,2006,204.2921681
UZB,Uzbekistan,2007,198.4682542
UZB,Uzbekistan,2008,210.8109547
UZB,Uzbekistan,2009,192.6027715
UZB,Uzbekistan,2010,207.9645589
UZB,Uzbekistan,2011,212.8564508
UZB,Uzbekistan,2012,202.0993913
UZB,Uzbekistan,2013,200.4471706
UZB,Uzbekistan,2014,191.7964358
UZB,Uzbekistan,2015,187.8864726
UZB,Uzbekistan,2016,197.9596008
UZB,Uzbekistan,2017,203.0188143
UZB,Uzbekistan,2018,213.1679644
UZB,Uzbekistan,2019,219.0065213
UZB,Uzbekistan,2020,211.861638
UZB,Uzbekistan,2021,221.5981761
UZB,Uzbekistan,2022,227.2067462
VCT,Saint Vincent and the Grenadines,1970,0.055721737
VCT,Saint Vincent and the Grenadines,1971,0.056871341
VCT,Saint Vincent and the Grenadines,1972,0.059770557
VCT,Saint Vincent and the Grenadines,1973,0.061368087
VCT,Saint Vincent and the Grenadines,1974,0.060658375
VCT,Saint Vincent and the Grenadines,1975,0.064007983
VCT,Saint Vincent and the Grenadines,1976,0.0634342
VCT,Saint Vincent and the Grenadines,1977,0.06592399
VCT,Saint Vincent and the Grenadines,1978,0.066822198
VCT,Saint Vincent and the Grenadines,1979,0.067819554
VCT,Saint Vincent and the Grenadines,1980,0.068648293
VCT,Saint Vincent and the Grenadines,1981,0.06970839
VCT,Saint Vincent and the Grenadines,1982,0.07008156
VCT,Saint Vincent and the Grenadines,1983,0.071206246
VCT,Saint Vincent and the Grenadines,1984,0.075571768
VCT,Saint Vincent and the Grenadines,1985,0.076203271
VCT,Saint Vincent and the Grenadines,1986,0.074192616
VCT,Saint Vincent and the Grenadines,1987,0.071579546
VCT,Saint Vincent and the Grenadines,1988,0.079083352
VCT,Saint Vincent and the Grenadines,1989,0.088510031
VCT,Saint Vincent and the Grenadines,1990,0.087918215
VCT,Saint Vincent and the Grenadines,1991,0.08585434
VCT,Saint Vincent and the Grenadines,1992,0.092423635
VCT,Saint Vincent and the Grenadines,1993,0.08693756
VCT,Saint Vincent and the Grenadines,1994,0.108698153
VCT,Saint Vincent and the Grenadines,1995,0.114313019
VCT,Saint Vincent and the Grenadines,1996,0.109031574
VCT,Saint Vincent and the Grenadines,1997,0.118948106
VCT,Saint Vincent and the Grenadines,1998,0.126117923
VCT,Saint Vincent and the Grenadines,1999,0.124550717
VCT,Saint Vincent and the Grenadines,2000,0.102685638
VCT,Saint Vincent and the Grenadines,2001,0.109852383
VCT,Saint Vincent and the Grenadines,2002,0.115925525
VCT,Saint Vincent and the Grenadines,2003,0.120196007
VCT,Saint Vincent and the Grenadines,2004,0.125739454
VCT,Saint Vincent and the Grenadines,2005,0.127824354
VCT,Saint Vincent and the Grenadines,2006,0.133977232
VCT,Saint Vincent and the Grenadines,2007,0.141529723
VCT,Saint Vincent and the Grenadines,2008,0.145300331
VCT,Saint Vincent and the Grenadines,2009,0.187316534
VCT,Saint Vincent and the Grenadines,2010,0.161947031
VCT,Saint Vincent and the Grenadines,2011,0.137598177
VCT,Saint Vincent and the Grenadines,2012,0.157777197
VCT,Saint Vincent and the Grenadines,2013,0.154813206
VCT,Saint Vincent and the Grenadines,2014,0.161276341
VCT,Saint Vincent and the Grenadines,2015,0.15960484
VCT,Saint Vincent and the Grenadines,2016,0.164419708
VCT,Saint Vincent and the Grenadines,2017,0.170883825
VCT,Saint Vincent and the Grenadines,2018,0.171823104
VCT,Saint Vincent and the Grenadines,2019,0.168344382
VCT,Saint Vincent and the Grenadines,2020,0.153525766
VCT,Saint Vincent and the Grenadines,2021,0.151058547
VCT,Saint Vincent and the Grenadines,2022,0.154567741
VEN,Venezuela,1970,100.6576817
VEN,Venezuela,1971,100.1260411
VEN,Venezuela,1972,99.926103
VEN,Venezuela,1973,110.4133997
VEN,Venezuela,1974,108.7511273
VEN,Venezuela,1975,103.6521681
VEN,Venezuela,1976,108.506495
VEN,Venezuela,1977,112.4537107
VEN,Venezuela,1978,118.368181
VEN,Venezuela,1979,131.3606185
VEN,Venezuela,1980,140.1095929
VEN,Venezuela,1981,141.5864933
VEN,Venezuela,1982,142.6742211
VEN,Venezuela,1983,141.906821
VEN,Venezuela,1984,144.9174947
VEN,Venezuela,1985,146.1340241
VEN,Venezuela,1986,149.0977249
VEN,Venezuela,1987,150.308234
VEN,Venezuela,1988,153.4995077
VEN,Venezuela,1989,161.1424673
VEN,Venezuela,1990,166.7547079
VEN,Venezuela,1991,167.2193904
VEN,Venezuela,1992,169.7855192
VEN,Venezuela,1993,176.9794559
VEN,Venezuela,1994,179.2531883
VEN,Venezuela,1995,193.9904877
VEN,Venezuela,1996,204.8301134
VEN,Venezuela,1997,214.9741757
VEN,Venezuela,1998,220.8073994
VEN,Venezuela,1999,215.9983462
VEN,Venezuela,2000,226.307686
VEN,Venezuela,2001,231.3065958
VEN,Venezuela,2002,234.8038641
VEN,Venezuela,2003,230.0844434
VEN,Venezuela,2004,239.7800761
VEN,Venezuela,2005,247.4909517
VEN,Venezuela,2006,246.5377568
VEN,Venezuela,2007,246.2130095
VEN,Venezuela,2008,256.7278676
VEN,Venezuela,2009,255.4020719
VEN,Venezuela,2010,260.9133001
VEN,Venezuela,2011,257.9350106
VEN,Venezuela,2012,286.1306309
VEN,Venezuela,2013,284.7201324
VEN,Venezuela,2014,282.4498926
VEN,Venezuela,2015,264.0245829
VEN,Venezuela,2016,248.593269
VEN,Venezuela,2017,233.8648434
VEN,Venezuela,2018,217.1144969
VEN,Venezuela,2019,189.5524318
VEN,Venezuela,2020,148.6750377
VEN,Venezuela,2021,159.9769866
VEN,Venezuela,2022,169.5171346
VGB,British Virgin Islands,1970,0.009209186
VGB,British Virgin Islands,1971,0.00925213
VGB,British Virgin Islands,1972,0.010927297
VGB,British Virgin Islands,1973,0.011037236
VGB,British Virgin Islands,1974,0.010051101
VGB,British Virgin Islands,1975,0.01183937
VGB,British Virgin Islands,1976,0.010902223
VGB,British Virgin Islands,1977,0.011872723
VGB,British Virgin Islands,1978,0.011894832
VGB,British Virgin Islands,1979,0.011820227
VGB,British Virgin Islands,1980,0.011764465
VGB,British Virgin Islands,1981,0.016415706
VGB,British Virgin Islands,1982,0.015659351
VGB,British Virgin Islands,1983,0.015422666
VGB,British Virgin Islands,1984,0.012214729
VGB,British Virgin Islands,1985,0.012394448
VGB,British Virgin Islands,1986,0.008960611
VGB,British Virgin Islands,1987,0.020278609
VGB,British Virgin Islands,1988,0.021838153
VGB,British Virgin Islands,1989,0.02249743
VGB,British Virgin Islands,1990,0.021290008
VGB,British Virgin Islands,1991,0.021794699
VGB,British Virgin Islands,1992,0.022042129
VGB,British Virgin Islands,1993,0.021808603
VGB,British Virgin Islands,1994,0.021818046
VGB,British Virgin Islands,1995,0.021760166
VGB,British Virgin Islands,1996,0.027157968
VGB,British Virgin Islands,1997,0.02770806
VGB,British Virgin Islands,1998,0.028320254
VGB,British Virgin Islands,1999,0.027739731
VGB,British Virgin Islands,2000,0.031215141
VGB,British Virgin Islands,2001,0.032104374
VGB,British Virgin Islands,2002,0.034858409
VGB,British Virgin Islands,2003,0.03848064
VGB,British Virgin Islands,2004,0.039997031
VGB,British Virgin Islands,2005,0.041749432
VGB,British Virgin Islands,2006,0.048247049
VGB,British Virgin Islands,2007,0.052900708
VGB,British Virgin Islands,2008,0.058942224
VGB,British Virgin Islands,2009,0.067502126
VGB,British Virgin Islands,2010,0.074899277
VGB,British Virgin Islands,2011,0.061441428
VGB,British Virgin Islands,2012,0.065307776
VGB,British Virgin Islands,2013,0.077019357
VGB,British Virgin Islands,2014,0.079281109
VGB,British Virgin Islands,2015,0.077916091
VGB,British Virgin Islands,2016,0.082681946
VGB,British Virgin Islands,2017,0.071646485
VGB,British Virgin Islands,2018,0.096520431
VGB,British Virgin Islands,2019,0.086677258
VGB,British Virgin Islands,2020,0.075005904
VGB,British Virgin Islands,2021,0.072827955
VGB,British Virgin Islands,2022,0.075377581
VNM,Vietnam,1970,94.25084934
VNM,Vietnam,1971,93.60954798
VNM,Vietnam,1972,94.20587676
VNM,Vietnam,1973,98.11661042
VNM,Vietnam,1974,96.13957351
VNM,Vietnam,1975,95.93644445
VNM,Vietnam,1976,95.16837504
VNM,Vietnam,1977,98.91231612
VNM,Vietnam,1978,98.08299541
VNM,Vietnam,1979,97.98552834
VNM,Vietnam,1980,99.12764648
VNM,Vietnam,1981,100.9209477
VNM,Vietnam,1982,103.6760495
VNM,Vietnam,1983,105.0235895
VNM,Vietnam,1984,105.3055187
VNM,Vietnam,1985,106.4048282
VNM,Vietnam,1986,108.8962133
VNM,Vietnam,1987,110.4239568
VNM,Vietnam,1988,112.2739729
VNM,Vietnam,1989,110.7192546
VNM,Vietnam,1990,112.0207693
VNM,Vietnam,1991,116.3498147
VNM,Vietnam,1992,119.6485748
VNM,Vietnam,1993,125.7023433
VNM,Vietnam,1994,132.3003299
VNM,Vietnam,1995,139.9076279
VNM,Vietnam,1996,147.6268566
VNM,Vietnam,1997,153.6787719
VNM,Vietnam,1998,163.0845796
VNM,Vietnam,1999,168.6702837
VNM,Vietnam,2000,174.8969428
VNM,Vietnam,2001,179.9089577
VNM,Vietnam,2002,194.8476931
VNM,Vietnam,2003,203.639297
VNM,Vietnam,2004,227.28667
VNM,Vietnam,2005,239.8999355
VNM,Vietnam,2006,246.5139911
VNM,Vietnam,2007,260.470792
VNM,Vietnam,2008,271.7550882
VNM,Vietnam,2009,291.5925779
VNM,Vietnam,2010,308.8632537
VNM,Vietnam,2011,311.0023926
VNM,Vietnam,2012,310.9692452
VNM,Vietnam,2013,319.9631368
VNM,Vietnam,2014,336.2960195
VNM,Vietnam,2015,358.0616214
VNM,Vietnam,2016,379.7606764
VNM,Vietnam,2017,386.3381563
VNM,Vietnam,2018,441.9121541
VNM,Vietnam,2019,493.7613858
VNM,Vietnam,2020,499.4532917
VNM,Vietnam,2021,496.7250334
VNM,Vietnam,2022,489.1592353
VUT,Vanuatu,1970,0.297813924
VUT,Vanuatu,1971,0.319777032
VUT,Vanuatu,1972,0.327792749
VUT,Vanuatu,1973,0.37003032
VUT,Vanuatu,1974,0.405293234
VUT,Vanuatu,1975,0.397518336
VUT,Vanuatu,1976,0.408780369
VUT,Vanuatu,1977,0.404546761
VUT,Vanuatu,1978,0.394475251
VUT,Vanuatu,1979,0.395082796
VUT,Vanuatu,1980,0.401775316
VUT,Vanuatu,1981,0.38522568
VUT,Vanuatu,1982,0.39083994
VUT,Vanuatu,1983,0.397387546
VUT,Vanuatu,1984,0.388555137
VUT,Vanuatu,1985,0.42380861
VUT,Vanuatu,1986,0.412916185
VUT,Vanuatu,1987,0.424893559
VUT,Vanuatu,1988,0.456409212
VUT,Vanuatu,1989,0.450947658
VUT,Vanuatu,1990,0.479619764
VUT,Vanuatu,1991,0.483687749
VUT,Vanuatu,1992,0.462673388
VUT,Vanuatu,1993,0.486678602
VUT,Vanuatu,1994,0.495226772
VUT,Vanuatu,1995,0.496503535
VUT,Vanuatu,1996,0.503761254
VUT,Vanuatu,1997,0.511851276
VUT,Vanuatu,1998,0.519064646
VUT,Vanuatu,1999,0.528735917
VUT,Vanuatu,2000,0.553801291
VUT,Vanuatu,2001,0.542928144
VUT,Vanuatu,2002,0.5407128
VUT,Vanuatu,2003,0.57309627
VUT,Vanuatu,2004,0.553907957
VUT,Vanuatu,2005,0.563712265
VUT,Vanuatu,2006,0.563596757
VUT,Vanuatu,2007,0.687475322
VUT,Vanuatu,2008,0.692014146
VUT,Vanuatu,2009,0.680543377
VUT,Vanuatu,2010,0.701683383
VUT,Vanuatu,2011,0.737864285
VUT,Vanuatu,2012,0.706715942
VUT,Vanuatu,2013,0.710164481
VUT,Vanuatu,2014,0.737985633
VUT,Vanuatu,2015,0.670875284
VUT,Vanuatu,2016,0.598130516
VUT,Vanuatu,2017,0.637847255
VUT,Vanuatu,2018,0.693002863
VUT,Vanuatu,2019,0.669332637
VUT,Vanuatu,2020,0.610709622
VUT,Vanuatu,2021,0.598737989
VUT,Vanuatu,2022,0.585919351
WSM,Samoa,1970,0.16901932
WSM,Samoa,1971,0.169558412
WSM,Samoa,1972,0.174608184
WSM,Samoa,1973,0.189965798
WSM,Samoa,1974,0.213752231
WSM,Samoa,1975,0.20126516
WSM,Samoa,1976,0.202346152
WSM,Samoa,1977,0.207772646
WSM,Samoa,1978,0.209458082
WSM,Samoa,1979,0.219375942
WSM,Samoa,1980,0.230509492
WSM,Samoa,1981,0.23412436
WSM,Samoa,1982,0.252629279
WSM,Samoa,1983,0.253466695
WSM,Samoa,1984,0.271162401
WSM,Samoa,1985,0.265894059
WSM,Samoa,1986,0.253103093
WSM,Samoa,1987,0.277821824
WSM,Samoa,1988,0.279250249
WSM,Samoa,1989,0.301623847
WSM,Samoa,1990,0.301755021
WSM,Samoa,1991,0.302664593
WSM,Samoa,1992,0.285960076
WSM,Samoa,1993,0.300534691
WSM,Samoa,1994,0.309336247
WSM,Samoa,1995,0.302671205
WSM,Samoa,1996,0.307300664
WSM,Samoa,1997,0.315448738
WSM,Samoa,1998,0.322887757
WSM,Samoa,1999,0.319367952
WSM,Samoa,2000,0.39804326
WSM,Samoa,2001,0.422502046
WSM,Samoa,2002,0.427425858
WSM,Samoa,2003,0.435381908
WSM,Samoa,2004,0.432904803
WSM,Samoa,2005,0.441121611
WSM,Samoa,2006,0.441115275
WSM,Samoa,2007,0.440601376
WSM,Samoa,2008,0.44477003
WSM,Samoa,2009,0.464027236
WSM,Samoa,2010,0.488204858
WSM,Samoa,2011,0.501808744
WSM,Samoa,2012,0.506496845
WSM,Samoa,2013,0.518996449
WSM,Samoa,2014,0.528036553
WSM,Samoa,2015,0.588900963
WSM,Samoa,2016,0.59599247
WSM,Samoa,2017,0.592703756
WSM,Samoa,2018,0.590677573
WSM,Samoa,2019,0.598321982
WSM,Samoa,2020,0.542746245
WSM,Samoa,2021,0.548004776
WSM,Samoa,2022,0.548424096
YEM,Yemen,1970,5.959267178
YEM,Yemen,1971,6.270612412
YEM,Yemen,1972,6.54256182
YEM,Yemen,1973,6.860259401
YEM,Yemen,1974,7.098483094
YEM,Yemen,1975,7.133939326
YEM,Yemen,1976,7.4699021
YEM,Yemen,1977,7.615805115
YEM,Yemen,1978,7.978295832
YEM,Yemen,1979,8.286308554
YEM,Yemen,1980,9.278866323
YEM,Yemen,1981,9.436040716
YEM,Yemen,1982,10.05390346
YEM,Yemen,1983,10.65780839
YEM,Yemen,1984,10.91405616
YEM,Yemen,1985,11.4160022
YEM,Yemen,1986,12.06215805
YEM,Yemen,1987,12.98317786
YEM,Yemen,1988,16.47347533
YEM,Yemen,1989,17.27358984
YEM,Yemen,1990,18.24162476
YEM,Yemen,1991,20.13339803
YEM,Yemen,1992,20.84659978
YEM,Yemen,1993,20.88774501
YEM,Yemen,1994,23.25847461
YEM,Yemen,1995,23.90698831
YEM,Yemen,1996,24.84736953
YEM,Yemen,1997,26.53976237
YEM,Yemen,1998,27.55051362
YEM,Yemen,1999,30.44357833
YEM,Yemen,2000,33.23884875
YEM,Yemen,2001,34.26801047
YEM,Yemen,2002,34.65900722
YEM,Yemen,2003,39.93636524
YEM,Yemen,2004,41.03187684
YEM,Yemen,2005,45.37866446
YEM,Yemen,2006,50.04410076
YEM,Yemen,2007,52.43185686
YEM,Yemen,2008,51.88707961
YEM,Yemen,2009,55.46406032
YEM,Yemen,2010,56.6960005
YEM,Yemen,2011,52.24467546
YEM,Yemen,2012,48.98822179
YEM,Yemen,2013,58.25709925
YEM,Yemen,2014,56.94502275
YEM,Yemen,2015,35.06726808
YEM,Yemen,2016,30.19786851
YEM,Yemen,2017,31.80706401
YEM,Yemen,2018,34.85329482
YEM,Yemen,2019,36.61125751
YEM,Yemen,2020,35.64824673
YEM,Yemen,2021,36.98676871
YEM,Yemen,2022,38.00604313
ZAF,South Africa,1970,243.9369064
ZAF,South Africa,1971,243.5445308
ZAF,South Africa,1972,250.9398408
ZAF,South Africa,1973,270.1206449
ZAF,South Africa,1974,279.293423
ZAF,South Africa,1975,297.5918175
ZAF,South Africa,1976,313.7136246
ZAF,South Africa,1977,316.0150525
ZAF,South Africa,1978,295.6844419
ZAF,South Africa,1979,305.6105421
ZAF,South Africa,1980,321.3784797
ZAF,South Africa,1981,338.0259047
ZAF,South Africa,1982,347.2452326
ZAF,South Africa,1983,350.5950835
ZAF,South Africa,1984,371.7364041
ZAF,South Africa,1985,377.3209912
ZAF,South Africa,1986,375.4944756
ZAF,South Africa,1987,392.6583763
ZAF,South Africa,1988,398.503568
ZAF,South Africa,1989,397.7510594
ZAF,South Africa,1990,411.9376555
ZAF,South Africa,1991,404.4139671
ZAF,South Africa,1992,398.5116814
ZAF,South Africa,1993,402.5784237
ZAF,South Africa,1994,409.2831299
ZAF,South Africa,1995,428.3625431
ZAF,South Africa,1996,442.7205726
ZAF,South Africa,1997,462.4468686
ZAF,South Africa,1998,469.8415032
ZAF,South Africa,1999,452.4346311
ZAF,South Africa,2000,457.2350557
ZAF,South Africa,2001,468.1437223
ZAF,South Africa,2002,482.7313404
ZAF,South Africa,2003,509.9904634
ZAF,South Africa,2004,543.3708872
ZAF,South Africa,2005,555.4780829
ZAF,South Africa,2006,559.6626603
ZAF,South Africa,2007,581.3379718
ZAF,South Africa,2008,611.2660652
ZAF,South Africa,2009,579.5540675
ZAF,South Africa,2010,588.1280686
ZAF,South Africa,2011,569.1918614
ZAF,South Africa,2012,589.3013955
ZAF,South Africa,2013,601.8884915
ZAF,South Africa,2014,615.4524858
ZAF,South Africa,2015,590.0867674
ZAF,South Africa,2016,590.3914181
ZAF,South Africa,2017,602.7733957
ZAF,South Africa,2018,605.7886995
ZAF,South Africa,2019,611.1365637
ZAF,South Africa,2020,551.464312
ZAF,South Africa,2021,548.4758879
ZAF,South Africa,2022,534.5316515
ZMB,Zambia,1970,12.78494232
ZMB,Zambia,1971,13.05411272
ZMB,Zambia,1972,13.65880398
ZMB,Zambia,1973,14.13691011
ZMB,Zambia,1974,14.37924758
ZMB,Zambia,1975,14.69353305
ZMB,Zambia,1976,15.14569995
ZMB,Zambia,1977,14.92068243
ZMB,Zambia,1978,14.76129482
ZMB,Zambia,1979,14.58393409
ZMB,Zambia,1980,14.67603163
ZMB,Zambia,1981,14.67388059
ZMB,Zambia,1982,15.17389369
ZMB,Zambia,1983,14.94950286
ZMB,Zambia,1984,14.67126555
ZMB,Zambia,1985,15.3385235
ZMB,Zambia,1986,15.72068084
ZMB,Zambia,1987,15.84044035
ZMB,Zambia,1988,16.25624096
ZMB,Zambia,1989,16.60628238
ZMB,Zambia,1990,16.28738251
ZMB,Zambia,1991,16.49930863
ZMB,Zambia,1992,16.55589181
ZMB,Zambia,1993,16.24838894
ZMB,Zambia,1994,15.5319026
ZMB,Zambia,1995,15.20438814
ZMB,Zambia,1996,14.76237326
ZMB,Zambia,1997,15.93717577
ZMB,Zambia,1998,16.15186602
ZMB,Zambia,1999,16.21467291
ZMB,Zambia,2000,15.96295518
ZMB,Zambia,2001,16.38036938
ZMB,Zambia,2002,16.22151536
ZMB,Zambia,2003,16.4581122
ZMB,Zambia,2004,16.63222796
ZMB,Zambia,2005,17.32107602
ZMB,Zambia,2006,17.63387598
ZMB,Zambia,2007,17.06324052
ZMB,Zambia,2008,17.22886561
ZMB,Zambia,2009,19.02727267
ZMB,Zambia,2010,20.06229012
ZMB,Zambia,2011,19.92070333
ZMB,Zambia,2012,23.30063844
ZMB,Zambia,2013,24.16229091
ZMB,Zambia,2014,24.83024444
ZMB,Zambia,2015,24.98654637
ZMB,Zambia,2016,25.57579544
ZMB,Zambia,2017,27.24161672
ZMB,Zambia,2018,28.42376618
ZMB,Zambia,2019,28.64532998
ZMB,Zambia,2020,28.9537931
ZMB,Zambia,2021,29.68485675
ZMB,Zambia,2022,30.33058504
ZWE,Zimbabwe,1970,22.24578571
ZWE,Zimbabwe,1971,22.85942132
ZWE,Zimbabwe,1972,22.51602653
ZWE,Zimbabwe,1973,24.14029514
ZWE,Zimbabwe,1974,24.23967858
ZWE,Zimbabwe,1975,23.56668407
ZWE,Zimbabwe,1976,24.70948036
ZWE,Zimbabwe,1977,23.93264634
ZWE,Zimbabwe,1978,22.92731643
ZWE,Zimbabwe,1979,22.32280828
ZWE,Zimbabwe,1980,22.61416456
ZWE,Zimbabwe,1981,22.55095743
ZWE,Zimbabwe,1982,22.90461643
ZWE,Zimbabwe,1983,22.82812813
ZWE,Zimbabwe,1984,23.44301269
ZWE,Zimbabwe,1985,25.60303216
ZWE,Zimbabwe,1986,27.92690992
ZWE,Zimbabwe,1987,31.88839117
ZWE,Zimbabwe,1988,31.581923
ZWE,Zimbabwe,1989,32.00620623
ZWE,Zimbabwe,1990,35.25648509
ZWE,Zimbabwe,1991,35.26706921
ZWE,Zimbabwe,1992,36.23030002
ZWE,Zimbabwe,1993,31.77482574
ZWE,Zimbabwe,1994,30.92214207
ZWE,Zimbabwe,1995,30.83402459
ZWE,Zimbabwe,1996,32.28525587
ZWE,Zimbabwe,1997,31.33709823
ZWE,Zimbabwe,1998,32.24861551
ZWE,Zimbabwe,1999,35.53102705
ZWE,Zimbabwe,2000,33.73052367
ZWE,Zimbabwe,2001,33.92114421
ZWE,Zimbabwe,2002,31.3223367
ZWE,Zimbabwe,2003,28.09347621
ZWE,Zimbabwe,2004,27.276181
ZWE,Zimbabwe,2005,28.59307332
ZWE,Zimbabwe,2006,27.53928007
ZWE,Zimbabwe,2007,27.56990627
ZWE,Zimbabwe,2008,24.99143848
ZWE,Zimbabwe,2009,25.70629114
ZWE,Zimbabwe,2010,28.91082007
ZWE,Zimbabwe,2011,31.45056508
ZWE,Zimbabwe,2012,32.30379899
ZWE,Zimbabwe,2013,32.92706374
ZWE,Zimbabwe,2014,30.6914993
ZWE,Zimbabwe,2015,31.61037492
ZWE,Zimbabwe,2016,29.67686271
ZWE,Zimbabwe,2017,29.17490369
ZWE,Zimbabwe,2018,31.27337454
ZWE,Zimbabwe,2019,30.20733925
ZWE,Zimbabwe,2020,28.34156654
ZWE,Zimbabwe,2021,29.5253567
ZWE,Zimbabwe,2022,30.19014052
