State,Date,Year,Month Name,Petrol Price
Abia,01/01/2016,2016,January,129.3
Abia,01/02/2016,2016,February,112.2
Abia,01/03/2016,2016,March,148.1
Abia,01/04/2016,2016,April,191.7
Abia,01/05/2016,2016,May,149.3
Abia,01/06/2016,2016,June,147.9
Abia,01/07/2016,2016,July,152.3
Abia,01/08/2016,2016,August,147.2
Abia,01/09/2016,2016,September,147.1
Abia,01/10/2016,2016,October,148.3
Abia,01/11/2016,2016,November,146.8
Abia,01/12/2016,2016,December,147.1
Abia,01/01/2017,2017,January,148.6
Abia,01/02/2017,2017,February,147.5384615
Abia,01/03/2017,2017,March,150.4285714
Abia,01/04/2017,2017,April,148.5
Abia,01/05/2017,2017,May,151.9375
Abia,01/06/2017,2017,June,149.6875
Abia,01/07/2017,2017,July,147
Abia,01/08/2017,2017,August,144.6666667
Abia,01/09/2017,2017,September,144.5
Abia,01/10/2017,2017,October,147.8571429
Abia,01/11/2017,2017,November,147.5
Abia,01/12/2017,2017,December,220.4
Abia,01/01/2018,2018,January,227.5
Abia,01/02/2018,2018,February,191.125
Abia,01/03/2018,2018,March,164.5
Abia,01/04/2018,2018,April,147.55
Abia,01/05/2018,2018,May,145.45
Abia,01/06/2018,2018,June,146.3333333
Abia,01/07/2018,2018,July,146.5
Abia,01/08/2018,2018,August,147
Abia,01/09/2018,2018,September,146.3
Abia,01/10/2018,2018,October,147.6666667
Abia,01/11/2018,2018,November,150.6666667
Abia,01/12/2018,2018,December,144.7222222
Abia,01/01/2019,2019,January,144.6521739
Abia,01/02/2019,2019,February,145.9285714
Abia,01/03/2019,2019,March,146.12
Abia,01/05/2019,2019,May,145.6428571
Abia,01/06/2019,2019,June,145.6666667
Abia,01/07/2019,2019,July,145.2352941
Abia,01/08/2019,2019,August,146.71
Abia,01/09/2019,2019,September,146.7333333
Abia,01/10/2019,2019,October,147.0909091
Abia,01/11/2019,2019,November,150.6875
Abia,01/12/2019,2019,December,147.3333333
Abia,01/01/2020,2020,January,146.13
Abia,01/02/2020,2020,February,146.8666667
Abia,01/03/2020,2020,March,145.9090909
Abia,01/04/2020,2020,April,128.125
Abia,01/05/2020,2020,May,126.3333333
Abia,01/06/2020,2020,June,124.6
Abia,01/07/2020,2020,July,144.9285714
Abia,01/08/2020,2020,August,152
Abia,01/09/2020,2020,September,163.3076923
Abia,01/10/2020,2020,October,162
Abia,01/11/2020,2020,November,178.7
Abia,01/12/2020,2020,December,176.1875
Abia,01/01/2021,2021,January,173.75
Abia,01/02/2021,2021,February,180
Abia,01/03/2021,2021,March,183.1428571
Abia,01/04/2021,2021,April,175.9166667
Abia,01/05/2021,2021,May,171.8461538
Abia,01/06/2021,2021,June,171.875
Abia,01/07/2021,2021,July,167.0434783
Abia,01/08/2021,2021,August,173.1428571
Abia,01/09/2021,2021,September,172.5
Abia,01/10/2021,2021,October,170.25
Abia,01/11/2021,2021,November,178.1666667
Abia,01/12/2021,2021,December,166.3333333
Abia,01/01/2022,2022,January,177.3333333
Abia,01/02/2022,2022,February,178.2307692
Abia,01/03/2022,2022,March,210.3076923
Abia,01/04/2022,2022,April,195.27
Abia,01/05/2022,2022,May,193.2
Abia,01/06/2022,2022,June,179.6666667
Abia,01/07/2022,2022,July,185.7333333
Abia,01/08/2022,2022,August,185
Abia,01/09/2022,2022,September,187.33
Abia,01/10/2022,2022,October,186.5625
Abia,01/11/2022,2022,November,195.22
Abia,01/12/2022,2022,December,203.6363636
Abia,01/01/2023,2023,January,300.6923077
Abia,01/02/2023,2023,February,288.5714286
Abia,01/03/2023,2023,March,300.5384615
Abia,01/04/2023,2023,April,284.2857143
Abia,01/05/2023,2023,May,236.25
Abia,01/06/2023,2023,June,552.7272727
Abia,01/07/2023,2023,July,643.125
Abia,01/08/2023,2023,August,631.3333333
Abia,01/09/2023,2023,September,630.6428571
Abia,01/10/2023,2023,October,621.25
Abia,01/11/2023,2023,November,654.3571429
Abia,01/12/2023,2023,December,690.5263158
Abia,01/01/2024,2024,January,687.5
Abia,01/02/2024,2024,February,688.62
Abia,01/03/2024,2024,March,710.8333333
Abia,01/04/2024,2024,April,706
Adamawa,01/01/2016,2016,January,93.5
Adamawa,01/02/2016,2016,February,111.7
Adamawa,01/03/2016,2016,March,133.5
Adamawa,01/04/2016,2016,April,138.5
Adamawa,01/05/2016,2016,May,145
Adamawa,01/06/2016,2016,June,156.7
Adamawa,01/07/2016,2016,July,145
Adamawa,01/08/2016,2016,August,145
Adamawa,01/09/2016,2016,September,145
Adamawa,01/10/2016,2016,October,145
Adamawa,01/11/2016,2016,November,146.3
Adamawa,01/12/2016,2016,December,145
Adamawa,01/01/2017,2017,January,145
Adamawa,01/02/2017,2017,February,145
Adamawa,01/03/2017,2017,March,153.3333333
Adamawa,01/04/2017,2017,April,156.6666667
Adamawa,01/05/2017,2017,May,160
Adamawa,01/06/2017,2017,June,162.5
Adamawa,01/07/2017,2017,July,160
Adamawa,01/08/2017,2017,August,144
Adamawa,01/09/2017,2017,September,143
Adamawa,01/10/2017,2017,October,146.6666667
Adamawa,01/11/2017,2017,November,145
Adamawa,01/12/2017,2017,December,170
Adamawa,01/01/2018,2018,January,170
Adamawa,01/02/2018,2018,February,150
Adamawa,01/03/2018,2018,March,173
Adamawa,01/04/2018,2018,April,160.33
Adamawa,01/05/2018,2018,May,150.11
Adamawa,01/06/2018,2018,June,145
Adamawa,01/07/2018,2018,July,145.2857143
Adamawa,01/08/2018,2018,August,148.3333333
Adamawa,01/09/2018,2018,September,150
Adamawa,01/10/2018,2018,October,150.8333333
Adamawa,01/11/2018,2018,November,149.3312996
Adamawa,01/12/2018,2018,December,145
Adamawa,01/01/2019,2019,January,145
Adamawa,01/02/2019,2019,February,143.7777778
Adamawa,01/03/2019,2019,March,145.14
Adamawa,01/04/2019,2019,April,146.6
Adamawa,01/05/2019,2019,May,145.4444444
Adamawa,01/06/2019,2019,June,145.8
Adamawa,01/07/2019,2019,July,143.25
Adamawa,01/08/2019,2019,August,146.37
Adamawa,01/09/2019,2019,September,145
Adamawa,01/10/2019,2019,October,144.7
Adamawa,01/11/2019,2019,November,149.8461538
Adamawa,01/12/2019,2019,December,145.9411765
Adamawa,01/01/2020,2020,January,146.8
Adamawa,01/02/2020,2020,February,146.6666667
Adamawa,01/03/2020,2020,March,146
Adamawa,01/04/2020,2020,April,133.75
Adamawa,01/05/2020,2020,May,130.6666667
Adamawa,01/06/2020,2020,June,138
Adamawa,01/07/2020,2020,July,145
Adamawa,01/08/2020,2020,August,146.8888889
Adamawa,01/09/2020,2020,September,161.125
Adamawa,01/10/2020,2020,October,161
Adamawa,01/11/2020,2020,November,166.1666667
Adamawa,01/12/2020,2020,December,163.1428571
Adamawa,01/01/2021,2021,January,166.25
Adamawa,01/02/2021,2021,February,165
Adamawa,01/03/2021,2021,March,162.1666667
Adamawa,01/04/2021,2021,April,159.4
Adamawa,01/05/2021,2021,May,163.5
Adamawa,01/06/2021,2021,June,161.625
Adamawa,01/07/2021,2021,July,173.6666667
Adamawa,01/08/2021,2021,August,162.6666667
Adamawa,01/09/2021,2021,September,166.4
Adamawa,01/10/2021,2021,October,167.08
Adamawa,01/11/2021,2021,November,160.8571429
Adamawa,01/12/2021,2021,December,164.4444444
Adamawa,01/01/2022,2022,January,159.8888889
Adamawa,01/02/2022,2022,February,169
Adamawa,01/03/2022,2022,March,176.625
Adamawa,01/04/2022,2022,April,165.29
Adamawa,01/05/2022,2022,May,166.4
Adamawa,01/06/2022,2022,June,190.6666667
Adamawa,01/07/2022,2022,July,207.5714286
Adamawa,01/08/2022,2022,August,179
Adamawa,01/09/2022,2022,September,189.17
Adamawa,01/10/2022,2022,October,200.3333333
Adamawa,01/11/2022,2022,November,205.4
Adamawa,01/12/2022,2022,December,210.5
Adamawa,01/01/2023,2023,January,260.5
Adamawa,01/02/2023,2023,February,300.6666667
Adamawa,01/03/2023,2023,March,305.3333333
Adamawa,01/04/2023,2023,April,291.25
Adamawa,01/05/2023,2023,May,238.8888889
Adamawa,01/06/2023,2023,June,551.25
Adamawa,01/07/2023,2023,July,630
Adamawa,01/08/2023,2023,August,594.8125
Adamawa,01/09/2023,2023,September,621.4285714
Adamawa,01/10/2023,2023,October,615.7142857
Adamawa,01/11/2023,2023,November,638.375
Adamawa,01/12/2023,2023,December,745.7142857
Adamawa,01/01/2024,2024,January,671.4
Adamawa,01/02/2024,2024,February,680.42
Adamawa,01/03/2024,2024,March,735
Adamawa,01/04/2024,2024,April,741.6666667
Akwa Ibom,01/01/2016,2016,January,120
Akwa Ibom,01/02/2016,2016,February,102.5
Akwa Ibom,01/03/2016,2016,March,148
Akwa Ibom,01/04/2016,2016,April,180
Akwa Ibom,01/05/2016,2016,May,146.3
Akwa Ibom,01/06/2016,2016,June,145.7
Akwa Ibom,01/07/2016,2016,July,157.8
Akwa Ibom,01/08/2016,2016,August,146
Akwa Ibom,01/09/2016,2016,September,142.5
Akwa Ibom,01/10/2016,2016,October,146.3
Akwa Ibom,01/11/2016,2016,November,145.9
Akwa Ibom,01/12/2016,2016,December,143.8
Akwa Ibom,01/01/2017,2017,January,145.9
Akwa Ibom,01/02/2017,2017,February,150
Akwa Ibom,01/03/2017,2017,March,149.2857143
Akwa Ibom,01/04/2017,2017,April,147.5
Akwa Ibom,01/05/2017,2017,May,149.375
Akwa Ibom,01/06/2017,2017,June,149.5833333
Akwa Ibom,01/07/2017,2017,July,145
Akwa Ibom,01/08/2017,2017,August,144.55
Akwa Ibom,01/09/2017,2017,September,143.2727273
Akwa Ibom,01/10/2017,2017,October,146
Akwa Ibom,01/11/2017,2017,November,150.33
Akwa Ibom,01/12/2017,2017,December,166.5
Akwa Ibom,01/01/2018,2018,January,201.25
Akwa Ibom,01/02/2018,2018,February,183.8888889
Akwa Ibom,01/03/2018,2018,March,164
Akwa Ibom,01/04/2018,2018,April,154
Akwa Ibom,01/05/2018,2018,May,159.44
Akwa Ibom,01/06/2018,2018,June,145
Akwa Ibom,01/07/2018,2018,July,145.5833333
Akwa Ibom,01/08/2018,2018,August,145.4166667
Akwa Ibom,01/09/2018,2018,September,145.5
Akwa Ibom,01/10/2018,2018,October,145
Akwa Ibom,01/11/2018,2018,November,144.5454545
Akwa Ibom,01/12/2018,2018,December,145
Akwa Ibom,01/01/2019,2019,January,145
Akwa Ibom,01/02/2019,2019,February,144.7777778
Akwa Ibom,01/03/2019,2019,March,145
Akwa Ibom,01/04/2019,2019,April,145.9090909
Akwa Ibom,01/05/2019,2019,May,145.5
Akwa Ibom,01/06/2019,2019,June,145
Akwa Ibom,01/07/2019,2019,July,145.4166667
Akwa Ibom,01/08/2019,2019,August,145
Akwa Ibom,01/09/2019,2019,September,145
Akwa Ibom,01/10/2019,2019,October,144.8181818
Akwa Ibom,01/11/2019,2019,November,143.8333333
Akwa Ibom,01/12/2019,2019,December,144.8181818
Akwa Ibom,01/01/2020,2020,January,145
Akwa Ibom,01/02/2020,2020,February,145.7692308
Akwa Ibom,01/03/2020,2020,March,145
Akwa Ibom,01/04/2020,2020,April,127
Akwa Ibom,01/05/2020,2020,May,125.6666667
Akwa Ibom,01/06/2020,2020,June,125.6
Akwa Ibom,01/07/2020,2020,July,144
Akwa Ibom,01/08/2020,2020,August,149.0909091
Akwa Ibom,01/09/2020,2020,September,162.6666667
Akwa Ibom,01/10/2020,2020,October,162.0909091
Akwa Ibom,01/11/2020,2020,November,166.5
Akwa Ibom,01/12/2020,2020,December,166.62
Akwa Ibom,01/01/2021,2021,January,162.9090909
Akwa Ibom,01/02/2021,2021,February,167.1111111
Akwa Ibom,01/03/2021,2021,March,172.5
Akwa Ibom,01/04/2021,2021,April,169.3
Akwa Ibom,01/05/2021,2021,May,165
Akwa Ibom,01/06/2021,2021,June,165.5454545
Akwa Ibom,01/07/2021,2021,July,164.7272727
Akwa Ibom,01/08/2021,2021,August,165.8333333
Akwa Ibom,01/09/2021,2021,September,165.0833333
Akwa Ibom,01/10/2021,2021,October,164.75
Akwa Ibom,01/11/2021,2021,November,167.5
Akwa Ibom,01/12/2021,2021,December,167.8
Akwa Ibom,01/01/2022,2022,January,168.3636364
Akwa Ibom,01/02/2022,2022,February,168.3636364
Akwa Ibom,01/03/2022,2022,March,197.3076923
Akwa Ibom,01/04/2022,2022,April,194.53
Akwa Ibom,01/05/2022,2022,May,180.75
Akwa Ibom,01/06/2022,2022,June,176
Akwa Ibom,01/07/2022,2022,July,186.25
Akwa Ibom,01/08/2022,2022,August,185
Akwa Ibom,01/09/2022,2022,September,187.78
Akwa Ibom,01/10/2022,2022,October,188.4545455
Akwa Ibom,01/11/2022,2022,November,189.33
Akwa Ibom,01/12/2022,2022,December,200.25
Akwa Ibom,01/01/2023,2023,January,319
Akwa Ibom,01/02/2023,2023,February,255.5
Akwa Ibom,01/03/2023,2023,March,305.5555556
Akwa Ibom,01/04/2023,2023,April,295.875
Akwa Ibom,01/05/2023,2023,May,239
Akwa Ibom,01/06/2023,2023,June,541
Akwa Ibom,01/07/2023,2023,July,558.75
Akwa Ibom,01/08/2023,2023,August,642.5
Akwa Ibom,01/09/2023,2023,September,636.6666667
Akwa Ibom,01/10/2023,2023,October,633.3333333
Akwa Ibom,01/11/2023,2023,November,675
Akwa Ibom,01/12/2023,2023,December,671.6666667
Akwa Ibom,01/01/2024,2024,January,677
Akwa Ibom,01/02/2024,2024,February,678
Akwa Ibom,01/03/2024,2024,March,704.4444444
Akwa Ibom,01/04/2024,2024,April,692.5
Anambra,01/01/2016,2016,January,119.8
Anambra,01/02/2016,2016,February,100.4
Anambra,01/03/2016,2016,March,136.5
Anambra,01/04/2016,2016,April,193.9
Anambra,01/05/2016,2016,May,147.1
Anambra,01/06/2016,2016,June,145.5
Anambra,01/07/2016,2016,July,147.3
Anambra,01/08/2016,2016,August,149.6
Anambra,01/09/2016,2016,September,144.5
Anambra,01/10/2016,2016,October,145.9
Anambra,01/11/2016,2016,November,145.2
Anambra,01/12/2016,2016,December,147.9
Anambra,01/01/2017,2017,January,145.7
Anambra,01/02/2017,2017,February,147.2727273
Anambra,01/03/2017,2017,March,148
Anambra,01/04/2017,2017,April,147.7272727
Anambra,01/05/2017,2017,May,147.8888889
Anambra,01/06/2017,2017,June,148.3333333
Anambra,01/07/2017,2017,July,147.1428571
Anambra,01/08/2017,2017,August,144.6428571
Anambra,01/09/2017,2017,September,144.1333333
Anambra,01/10/2017,2017,October,145.7142857
Anambra,01/11/2017,2017,November,145.86
Anambra,01/12/2017,2017,December,210
Anambra,01/01/2018,2018,January,211.6666667
Anambra,01/02/2018,2018,February,183.6666667
Anambra,01/03/2018,2018,March,166.88
Anambra,01/04/2018,2018,April,151.33
Anambra,01/05/2018,2018,May,150.87
Anambra,01/06/2018,2018,June,151.4285714
Anambra,01/07/2018,2018,July,145.8461538
Anambra,01/08/2018,2018,August,145.1428571
Anambra,01/09/2018,2018,September,144.875
Anambra,01/10/2018,2018,October,145
Anambra,01/11/2018,2018,November,145
Anambra,01/12/2018,2018,December,145.4210526
Anambra,01/01/2019,2019,January,144.9
Anambra,01/02/2019,2019,February,144.8666667
Anambra,01/03/2019,2019,March,144.57
Anambra,01/04/2019,2019,April,146.9047619
Anambra,01/05/2019,2019,May,145.6153846
Anambra,01/06/2019,2019,June,145.35
Anambra,01/07/2019,2019,July,146.1538462
Anambra,01/08/2019,2019,August,145.41
Anambra,01/09/2019,2019,September,146.5384615
Anambra,01/10/2019,2019,October,146.1538462
Anambra,01/11/2019,2019,November,145
Anambra,01/12/2019,2019,December,144.8571429
Anambra,01/01/2020,2020,January,144.87
Anambra,01/02/2020,2020,February,144.7857143
Anambra,01/03/2020,2020,March,145
Anambra,01/04/2020,2020,April,126.7857143
Anambra,01/05/2020,2020,May,124.8461538
Anambra,01/06/2020,2020,June,125
Anambra,01/07/2020,2020,July,144.1714286
Anambra,01/08/2020,2020,August,148.9285714
Anambra,01/09/2020,2020,September,162.6153846
Anambra,01/10/2020,2020,October,163
Anambra,01/11/2020,2020,November,169.7692308
Anambra,01/12/2020,2020,December,164.3333333
Anambra,01/01/2021,2021,January,165.2857143
Anambra,01/02/2021,2021,February,166.8
Anambra,01/03/2021,2021,March,175.8571429
Anambra,01/04/2021,2021,April,169.75
Anambra,01/05/2021,2021,May,168.2727273
Anambra,01/06/2021,2021,June,168
Anambra,01/07/2021,2021,July,167.6666667
Anambra,01/08/2021,2021,August,166
Anambra,01/09/2021,2021,September,162.6923077
Anambra,01/10/2021,2021,October,165
Anambra,01/11/2021,2021,November,170.8461538
Anambra,01/12/2021,2021,December,166.3636364
Anambra,01/01/2022,2022,January,169.3333333
Anambra,01/02/2022,2022,February,184.0909091
Anambra,01/03/2022,2022,March,204.6666667
Anambra,01/04/2022,2022,April,170.33
Anambra,01/05/2022,2022,May,181.3333333
Anambra,01/06/2022,2022,June,177.1428571
Anambra,01/07/2022,2022,July,185.6666667
Anambra,01/08/2022,2022,August,194.5238095
Anambra,01/09/2022,2022,September,191.67
Anambra,01/10/2022,2022,October,192.6
Anambra,01/11/2022,2022,November,206.11
Anambra,01/12/2022,2022,December,204.6666667
Anambra,01/01/2023,2023,January,306.9444444
Anambra,01/02/2023,2023,February,310.8333333
Anambra,01/03/2023,2023,March,286.1111111
Anambra,01/04/2023,2023,April,271.8181818
Anambra,01/05/2023,2023,May,224.2857143
Anambra,01/06/2023,2023,June,534.4444444
Anambra,01/07/2023,2023,July,613.0833333
Anambra,01/08/2023,2023,August,620.4666667
Anambra,01/09/2023,2023,September,619.2307692
Anambra,01/10/2023,2023,October,623.6666667
Anambra,01/11/2023,2023,November,659.1666667
Anambra,01/12/2023,2023,December,680
Anambra,01/01/2024,2024,January,680
Anambra,01/02/2024,2024,February,685.17
Anambra,01/03/2024,2024,March,701.25
Anambra,01/04/2024,2024,April,707.8571429
Bauchi,01/01/2016,2016,January,117.3
Bauchi,01/02/2016,2016,February,94.2
Bauchi,01/03/2016,2016,March,156.7
Bauchi,01/04/2016,2016,April,128.6
Bauchi,01/05/2016,2016,May,151.3
Bauchi,01/06/2016,2016,June,145
Bauchi,01/07/2016,2016,July,145.1
Bauchi,01/08/2016,2016,August,146.4
Bauchi,01/09/2016,2016,September,146.7
Bauchi,01/10/2016,2016,October,145
Bauchi,01/11/2016,2016,November,148.9
Bauchi,01/12/2016,2016,December,147.2
Bauchi,01/01/2017,2017,January,149.2
Bauchi,01/02/2017,2017,February,148.8571429
Bauchi,01/03/2017,2017,March,147.75
Bauchi,01/04/2017,2017,April,150.4545455
Bauchi,01/05/2017,2017,May,147.5
Bauchi,01/06/2017,2017,June,152.5
Bauchi,01/07/2017,2017,July,145.375
Bauchi,01/08/2017,2017,August,145
Bauchi,01/09/2017,2017,September,144.625
Bauchi,01/10/2017,2017,October,147.375
Bauchi,01/11/2017,2017,November,144.9
Bauchi,01/12/2017,2017,December,159.75
Bauchi,01/01/2018,2018,January,186.875
Bauchi,01/02/2018,2018,February,151
Bauchi,01/03/2018,2018,March,145.57
Bauchi,01/04/2018,2018,April,144.17
Bauchi,01/05/2018,2018,May,144.93
Bauchi,01/06/2018,2018,June,147.9
Bauchi,01/07/2018,2018,July,145.4
Bauchi,01/08/2018,2018,August,143.8888889
Bauchi,01/09/2018,2018,September,144
Bauchi,01/10/2018,2018,October,144.5714286
Bauchi,01/11/2018,2018,November,144.4638409
Bauchi,01/12/2018,2018,December,144.2
Bauchi,01/01/2019,2019,January,145.25
Bauchi,01/02/2019,2019,February,144.5
Bauchi,01/03/2019,2019,March,143.89
Bauchi,01/04/2019,2019,April,145.6666667
Bauchi,01/05/2019,2019,May,144.5
Bauchi,01/06/2019,2019,June,145.5
Bauchi,01/07/2019,2019,July,143.9
Bauchi,01/08/2019,2019,August,145
Bauchi,01/09/2019,2019,September,144
Bauchi,01/10/2019,2019,October,144
Bauchi,01/11/2019,2019,November,148.2142857
Bauchi,01/12/2019,2019,December,144.4761905
Bauchi,01/01/2020,2020,January,146.56
Bauchi,01/02/2020,2020,February,145.7142857
Bauchi,01/03/2020,2020,March,145.2857143
Bauchi,01/04/2020,2020,April,139.125
Bauchi,01/05/2020,2020,May,136.1
Bauchi,01/06/2020,2020,June,130.1818182
Bauchi,01/07/2020,2020,July,143.0833333
Bauchi,01/08/2020,2020,August,148.6666667
Bauchi,01/09/2020,2020,September,161.1428571
Bauchi,01/10/2020,2020,October,160.375
Bauchi,01/11/2020,2020,November,161.7777778
Bauchi,01/12/2020,2020,December,162.5714286
Bauchi,01/01/2021,2021,January,163.375
Bauchi,01/02/2021,2021,February,163.5
Bauchi,01/03/2021,2021,March,164
Bauchi,01/04/2021,2021,April,163.2222222
Bauchi,01/05/2021,2021,May,163.75
Bauchi,01/06/2021,2021,June,166
Bauchi,01/07/2021,2021,July,164.9
Bauchi,01/08/2021,2021,August,165.625
Bauchi,01/09/2021,2021,September,162.9090909
Bauchi,01/10/2021,2021,October,164.1428571
Bauchi,01/11/2021,2021,November,165.8
Bauchi,01/12/2021,2021,December,166.6666667
Bauchi,01/01/2022,2022,January,166
Bauchi,01/02/2022,2022,February,170.7142857
Bauchi,01/03/2022,2022,March,182.125
Bauchi,01/04/2022,2022,April,166.27
Bauchi,01/05/2022,2022,May,165.7142857
Bauchi,01/06/2022,2022,June,180.3333333
Bauchi,01/07/2022,2022,July,200.8888889
Bauchi,01/08/2022,2022,August,178.5
Bauchi,01/09/2022,2022,September,185.89
Bauchi,01/10/2022,2022,October,193.8888889
Bauchi,01/11/2022,2022,November,195.14
Bauchi,01/12/2022,2022,December,205.5555556
Bauchi,01/01/2023,2023,January,245.4
Bauchi,01/02/2023,2023,February,250
Bauchi,01/03/2023,2023,March,273
Bauchi,01/04/2023,2023,April,256.25
Bauchi,01/05/2023,2023,May,205.5555556
Bauchi,01/06/2023,2023,June,547.7777778
Bauchi,01/07/2023,2023,July,617
Bauchi,01/08/2023,2023,August,627.1111111
Bauchi,01/09/2023,2023,September,626.375
Bauchi,01/10/2023,2023,October,650
Bauchi,01/11/2023,2023,November,650
Bauchi,01/12/2023,2023,December,675.2857143
Bauchi,01/01/2024,2024,January,650
Bauchi,01/02/2024,2024,February,688.5714286
Bauchi,01/03/2024,2024,March,707.1428571
Bauchi,01/04/2024,2024,April,718.75
Benue,01/01/2016,2016,January,121.7
Benue,01/02/2016,2016,February,104.8
Benue,01/03/2016,2016,March,131.7
Benue,01/04/2016,2016,April,134.5
Benue,01/05/2016,2016,May,162.3
Benue,01/06/2016,2016,June,146
Benue,01/07/2016,2016,July,148.3
Benue,01/08/2016,2016,August,145
Benue,01/09/2016,2016,September,146.4
Benue,01/10/2016,2016,October,145.9
Benue,01/11/2016,2016,November,148.7
Benue,01/12/2016,2016,December,145
Benue,01/01/2017,2017,January,145.5
Benue,01/02/2017,2017,February,157.5
Benue,01/03/2017,2017,March,152.5
Benue,01/04/2017,2017,April,155
Benue,01/05/2017,2017,May,158.1818182
Benue,01/06/2017,2017,June,151.25
Benue,01/07/2017,2017,July,159.0909091
Benue,01/08/2017,2017,August,143.5
Benue,01/09/2017,2017,September,143.625
Benue,01/10/2017,2017,October,150.8333333
Benue,01/11/2017,2017,November,145.5
Benue,01/12/2017,2017,December,172.6666667
Benue,01/01/2018,2018,January,223.3333333
Benue,01/02/2018,2018,February,155
Benue,01/03/2018,2018,March,153.53
Benue,01/04/2018,2018,April,156.25
Benue,01/05/2018,2018,May,160.31
Benue,01/06/2018,2018,June,146.4285714
Benue,01/07/2018,2018,July,146.3
Benue,01/08/2018,2018,August,145.5
Benue,01/09/2018,2018,September,150.4
Benue,01/10/2018,2018,October,153.3333333
Benue,01/11/2018,2018,November,150.4285714
Benue,01/12/2018,2018,December,146.6
Benue,01/01/2019,2019,January,150.0909091
Benue,01/02/2019,2019,February,146.0909091
Benue,01/03/2019,2019,March,144.75
Benue,01/04/2019,2019,April,145.8333333
Benue,01/05/2019,2019,May,143.6
Benue,01/06/2019,2019,June,144
Benue,01/07/2019,2019,July,145.1666667
Benue,01/08/2019,2019,August,145.16
Benue,01/09/2019,2019,September,147.1666667
Benue,01/10/2019,2019,October,146.75
Benue,01/11/2019,2019,November,144.1666667
Benue,01/12/2019,2019,December,148.5
Benue,01/01/2020,2020,January,146.14
Benue,01/02/2020,2020,February,146.2727273
Benue,01/03/2020,2020,March,146.2222222
Benue,01/04/2020,2020,April,130.5555556
Benue,01/05/2020,2020,May,128.3571429
Benue,01/06/2020,2020,June,129.525
Benue,01/07/2020,2020,July,143
Benue,01/08/2020,2020,August,150.375
Benue,01/09/2020,2020,September,161.6475
Benue,01/10/2020,2020,October,161.5
Benue,01/11/2020,2020,November,167.3533333
Benue,01/12/2020,2020,December,165.2222222
Benue,01/01/2021,2021,January,162.8888889
Benue,01/02/2021,2021,February,163.2857143
Benue,01/03/2021,2021,March,170.4285714
Benue,01/04/2021,2021,April,166.7142857
Benue,01/05/2021,2021,May,180.8333333
Benue,01/06/2021,2021,June,183.2857143
Benue,01/07/2021,2021,July,164.5
Benue,01/08/2021,2021,August,163.7142857
Benue,01/09/2021,2021,September,162.6666667
Benue,01/10/2021,2021,October,169
Benue,01/11/2021,2021,November,166.75
Benue,01/12/2021,2021,December,165.2
Benue,01/01/2022,2022,January,166.43
Benue,01/02/2022,2022,February,165.3571429
Benue,01/03/2022,2022,March,165.5
Benue,01/04/2022,2022,April,168.5
Benue,01/05/2022,2022,May,165.5
Benue,01/06/2022,2022,June,165
Benue,01/07/2022,2022,July,185.1538462
Benue,01/08/2022,2022,August,202.5
Benue,01/09/2022,2022,September,200
Benue,01/10/2022,2022,October,200.1333333
Benue,01/11/2022,2022,November,210.44
Benue,01/12/2022,2022,December,209
Benue,01/01/2023,2023,January,202.5
Benue,01/02/2023,2023,February,200
Benue,01/03/2023,2023,March,195
Benue,01/04/2023,2023,April,198.125
Benue,01/05/2023,2023,May,208.125
Benue,01/06/2023,2023,June,540
Benue,01/07/2023,2023,July,537
Benue,01/08/2023,2023,August,649.1428571
Benue,01/09/2023,2023,September,641.2857143
Benue,01/10/2023,2023,October,642
Benue,01/11/2023,2023,November,668.75
Benue,01/12/2023,2023,December,658.8888889
Benue,01/01/2024,2024,January,632.8445767
Benue,01/02/2024,2024,February,652.7272727
Benue,01/03/2024,2024,March,700.7
Benue,01/04/2024,2024,April,713.6363636
Borno,01/01/2016,2016,January,96.4
Borno,01/02/2016,2016,February,87.9
Borno,01/03/2016,2016,March,87
Borno,01/04/2016,2016,April,179.3
Borno,01/05/2016,2016,May,152.1
Borno,01/06/2016,2016,June,173
Borno,01/07/2016,2016,July,144.3
Borno,01/08/2016,2016,August,143.8
Borno,01/09/2016,2016,September,148.5
Borno,01/10/2016,2016,October,147.2
Borno,01/11/2016,2016,November,144
Borno,01/12/2016,2016,December,145
Borno,01/01/2017,2017,January,164.1
Borno,01/02/2017,2017,February,157.0833333
Borno,01/03/2017,2017,March,151
Borno,01/04/2017,2017,April,160.4545455
Borno,01/05/2017,2017,May,160
Borno,01/06/2017,2017,June,152.9166667
Borno,01/07/2017,2017,July,160.4545455
Borno,01/08/2017,2017,August,144.5454545
Borno,01/09/2017,2017,September,144.4
Borno,01/10/2017,2017,October,145.2307692
Borno,01/11/2017,2017,November,147
Borno,01/12/2017,2017,December,159.4444444
Borno,01/01/2018,2018,January,185.4761905
Borno,01/02/2018,2018,February,200.2857143
Borno,01/03/2018,2018,March,169.55
Borno,01/04/2018,2018,April,160
Borno,01/05/2018,2018,May,166.08
Borno,01/06/2018,2018,June,162.1666667
Borno,01/07/2018,2018,July,155
Borno,01/08/2018,2018,August,157
Borno,01/09/2018,2018,September,147
Borno,01/10/2018,2018,October,152.1666667
Borno,01/11/2018,2018,November,152.9230769
Borno,01/12/2018,2018,December,149.5
Borno,01/01/2019,2019,January,145.625
Borno,01/02/2019,2019,February,145.8888889
Borno,01/03/2019,2019,March,146.27
Borno,01/04/2019,2019,April,146.8181818
Borno,01/05/2019,2019,May,144.3636364
Borno,01/06/2019,2019,June,145.1818182
Borno,01/07/2019,2019,July,145.8181818
Borno,01/08/2019,2019,August,146.5
Borno,01/09/2019,2019,September,145.095
Borno,01/10/2019,2019,October,145.5555556
Borno,01/11/2019,2019,November,141.5
Borno,01/12/2019,2019,December,145.3529412
Borno,01/01/2020,2020,January,146.5
Borno,01/02/2020,2020,February,146.25
Borno,01/03/2020,2020,March,146.5
Borno,01/04/2020,2020,April,140.5
Borno,01/05/2020,2020,May,138.1
Borno,01/06/2020,2020,June,130.6666667
Borno,01/07/2020,2020,July,144.3333333
Borno,01/08/2020,2020,August,149.3333333
Borno,01/09/2020,2020,September,162.9090909
Borno,01/10/2020,2020,October,161.9
Borno,01/11/2020,2020,November,165.2727273
Borno,01/12/2020,2020,December,164.8181818
Borno,01/01/2021,2021,January,162
Borno,01/02/2021,2021,February,165.8181818
Borno,01/03/2021,2021,March,164.9230769
Borno,01/04/2021,2021,April,152.3
Borno,01/05/2021,2021,May,162.2727273
Borno,01/06/2021,2021,June,160.1
Borno,01/07/2021,2021,July,169.625
Borno,01/08/2021,2021,August,161.7142857
Borno,01/09/2021,2021,September,166.2142857
Borno,01/10/2021,2021,October,165.1818182
Borno,01/11/2021,2021,November,165
Borno,01/12/2021,2021,December,165.75
Borno,01/01/2022,2022,January,155.8181818
Borno,01/02/2022,2022,February,170
Borno,01/03/2022,2022,March,184.1818182
Borno,01/04/2022,2022,April,168.33
Borno,01/05/2022,2022,May,167.4166667
Borno,01/06/2022,2022,June,190.3333333
Borno,01/07/2022,2022,July,185.375
Borno,01/08/2022,2022,August,179.1818182
Borno,01/09/2022,2022,September,184.5
Borno,01/10/2022,2022,October,192.3
Borno,01/11/2022,2022,November,193.18
Borno,01/12/2022,2022,December,200.875
Borno,01/01/2023,2023,January,193.9090909
Borno,01/02/2023,2023,February,214.5454545
Borno,01/03/2023,2023,March,324.5454545
Borno,01/04/2023,2023,April,289.0909091
Borno,01/05/2023,2023,May,248.1818182
Borno,01/06/2023,2023,June,557.1428571
Borno,01/07/2023,2023,July,657.2727273
Borno,01/08/2023,2023,August,657.2727273
Borno,01/09/2023,2023,September,657.3727273
Borno,01/10/2023,2023,October,657.2727273
Borno,01/11/2023,2023,November,625.75
Borno,01/12/2023,2023,December,622.7142857
Borno,01/01/2024,2024,January,657.2727273
Borno,01/02/2024,2024,February,680.22
Borno,01/03/2024,2024,March,721.75
Borno,01/04/2024,2024,April,743.9090909
Bayelsa,01/01/2016,2016,January,96.1
Bayelsa,01/02/2016,2016,February,120.1
Bayelsa,01/03/2016,2016,March,146
Bayelsa,01/04/2016,2016,April,186.3
Bayelsa,01/05/2016,2016,May,161.7
Bayelsa,01/06/2016,2016,June,152.2
Bayelsa,01/07/2016,2016,July,165.7
Bayelsa,01/08/2016,2016,August,164.3
Bayelsa,01/09/2016,2016,September,147.2
Bayelsa,01/10/2016,2016,October,147.3
Bayelsa,01/11/2016,2016,November,146
Bayelsa,01/12/2016,2016,December,151.5
Bayelsa,01/01/2017,2017,January,153.3
Bayelsa,01/02/2017,2017,February,155
Bayelsa,01/03/2017,2017,March,161.25
Bayelsa,01/04/2017,2017,April,159.0909091
Bayelsa,01/05/2017,2017,May,153.4615385
Bayelsa,01/06/2017,2017,June,160.3571429
Bayelsa,01/07/2017,2017,July,145
Bayelsa,01/08/2017,2017,August,144.75
Bayelsa,01/09/2017,2017,September,147.0833333
Bayelsa,01/10/2017,2017,October,147.0833333
Bayelsa,01/11/2017,2017,November,150.5
Bayelsa,01/12/2017,2017,December,172.6923077
Bayelsa,01/01/2018,2018,January,187.1428571
Bayelsa,01/02/2018,2018,February,206.8181818
Bayelsa,01/03/2018,2018,March,178
Bayelsa,01/04/2018,2018,April,158
Bayelsa,01/05/2018,2018,May,154.62
Bayelsa,01/06/2018,2018,June,152.9166667
Bayelsa,01/07/2018,2018,July,151.6666667
Bayelsa,01/08/2018,2018,August,151
Bayelsa,01/09/2018,2018,September,150
Bayelsa,01/10/2018,2018,October,148
Bayelsa,01/11/2018,2018,November,147.0833333
Bayelsa,01/12/2018,2018,December,150
Bayelsa,01/01/2019,2019,January,145.7777778
Bayelsa,01/02/2019,2019,February,145.25
Bayelsa,01/03/2019,2019,March,145.25
Bayelsa,01/04/2019,2019,April,148.6363636
Bayelsa,01/05/2019,2019,May,146
Bayelsa,01/06/2019,2019,June,146.25
Bayelsa,01/07/2019,2019,July,145.55
Bayelsa,01/08/2019,2019,August,146.78
Bayelsa,01/09/2019,2019,September,146.75
Bayelsa,01/10/2019,2019,October,146.6923077
Bayelsa,01/11/2019,2019,November,146.4545455
Bayelsa,01/12/2019,2019,December,146.9090909
Bayelsa,01/01/2020,2020,January,146.91
Bayelsa,01/02/2020,2020,February,145.4285714
Bayelsa,01/03/2020,2020,March,145.3636364
Bayelsa,01/04/2020,2020,April,125.3846154
Bayelsa,01/05/2020,2020,May,125
Bayelsa,01/06/2020,2020,June,125
Bayelsa,01/07/2020,2020,July,143.25
Bayelsa,01/08/2020,2020,August,149
Bayelsa,01/09/2020,2020,September,161.4615385
Bayelsa,01/10/2020,2020,October,161
Bayelsa,01/11/2020,2020,November,169.7777778
Bayelsa,01/12/2020,2020,December,166.0666667
Bayelsa,01/01/2021,2021,January,165.5454545
Bayelsa,01/02/2021,2021,February,168.5454545
Bayelsa,01/03/2021,2021,March,183.4285714
Bayelsa,01/04/2021,2021,April,171.3333333
Bayelsa,01/05/2021,2021,May,175.4615385
Bayelsa,01/06/2021,2021,June,165.3076923
Bayelsa,01/07/2021,2021,July,166.6923077
Bayelsa,01/08/2021,2021,August,165.3333333
Bayelsa,01/09/2021,2021,September,163.5714286
Bayelsa,01/10/2021,2021,October,164.6666667
Bayelsa,01/11/2021,2021,November,167.0714286
Bayelsa,01/12/2021,2021,December,165.4666667
Bayelsa,01/01/2022,2022,January,165.6
Bayelsa,01/02/2022,2022,February,167.7272727
Bayelsa,01/03/2022,2022,March,203.5333333
Bayelsa,01/04/2022,2022,April,167.41
Bayelsa,01/05/2022,2022,May,167.0833333
Bayelsa,01/06/2022,2022,June,168.2857143
Bayelsa,01/07/2022,2022,July,180
Bayelsa,01/08/2022,2022,August,178.8888889
Bayelsa,01/09/2022,2022,September,204.27
Bayelsa,01/10/2022,2022,October,205
Bayelsa,01/11/2022,2022,November,200
Bayelsa,01/12/2022,2022,December,196.1428571
Bayelsa,01/01/2023,2023,January,305
Bayelsa,01/02/2023,2023,February,231.4285714
Bayelsa,01/03/2023,2023,March,296.5
Bayelsa,01/04/2023,2023,April,282.5
Bayelsa,01/05/2023,2023,May,250
Bayelsa,01/06/2023,2023,June,540.5
Bayelsa,01/07/2023,2023,July,548
Bayelsa,01/08/2023,2023,August,620.5555556
Bayelsa,01/09/2023,2023,September,624
Bayelsa,01/10/2023,2023,October,626.1111111
Bayelsa,01/11/2023,2023,November,656.6666667
Bayelsa,01/12/2023,2023,December,667.1111111
Bayelsa,01/01/2024,2024,January,673
Bayelsa,01/02/2024,2024,February,680
Bayelsa,01/03/2024,2024,March,702
Bayelsa,01/04/2024,2024,April,689
Cross River,01/01/2016,2016,January,115.2
Cross River,01/02/2016,2016,February,116.7
Cross River,01/03/2016,2016,March,160.4
Cross River,01/04/2016,2016,April,167.8
Cross River,01/05/2016,2016,May,157.5
Cross River,01/06/2016,2016,June,151.7
Cross River,01/07/2016,2016,July,152.2
Cross River,01/08/2016,2016,August,144.6
Cross River,01/09/2016,2016,September,154.6
Cross River,01/10/2016,2016,October,146.4
Cross River,01/11/2016,2016,November,150.4
Cross River,01/12/2016,2016,December,148.8
Cross River,01/01/2017,2017,January,145
Cross River,01/02/2017,2017,February,150.8823529
Cross River,01/03/2017,2017,March,148.0769231
Cross River,01/04/2017,2017,April,147.8125
Cross River,01/05/2017,2017,May,149.6428571
Cross River,01/06/2017,2017,June,148.4210526
Cross River,01/07/2017,2017,July,145
Cross River,01/08/2017,2017,August,143.3684211
Cross River,01/09/2017,2017,September,144
Cross River,01/10/2017,2017,October,148.4
Cross River,01/11/2017,2017,November,145
Cross River,01/12/2017,2017,December,207.1428571
Cross River,01/01/2018,2018,January,175.3846154
Cross River,01/02/2018,2018,February,187.6315789
Cross River,01/03/2018,2018,March,174.5
Cross River,01/04/2018,2018,April,154.5
Cross River,01/05/2018,2018,May,151.58
Cross River,01/06/2018,2018,June,145.75
Cross River,01/07/2018,2018,July,145.5555556
Cross River,01/08/2018,2018,August,147.9230769
Cross River,01/09/2018,2018,September,150
Cross River,01/10/2018,2018,October,149.2222222
Cross River,01/11/2018,2018,November,147.55
Cross River,01/12/2018,2018,December,145
Cross River,01/01/2019,2019,January,144.6923077
Cross River,01/02/2019,2019,February,145.0666667
Cross River,01/03/2019,2019,March,146.5
Cross River,01/04/2019,2019,April,147.4117647
Cross River,01/05/2019,2019,May,145.7777778
Cross River,01/06/2019,2019,June,146.0714286
Cross River,01/07/2019,2019,July,145.9230769
Cross River,01/08/2019,2019,August,146.76
Cross River,01/09/2019,2019,September,147.5
Cross River,01/10/2019,2019,October,146.9375
Cross River,01/11/2019,2019,November,150.4117647
Cross River,01/12/2019,2019,December,146.0666667
Cross River,01/01/2020,2020,January,146.2
Cross River,01/02/2020,2020,February,146.5
Cross River,01/03/2020,2020,March,146.6315789
Cross River,01/04/2020,2020,April,131.875
Cross River,01/05/2020,2020,May,131
Cross River,01/06/2020,2020,June,125.625
Cross River,01/07/2020,2020,July,144.5714286
Cross River,01/08/2020,2020,August,149.6666667
Cross River,01/09/2020,2020,September,165.875
Cross River,01/10/2020,2020,October,162.8823529
Cross River,01/11/2020,2020,November,166.75
Cross River,01/12/2020,2020,December,166.59
Cross River,01/01/2021,2021,January,164.7142857
Cross River,01/02/2021,2021,February,168.0555556
Cross River,01/03/2021,2021,March,173.7333333
Cross River,01/04/2021,2021,April,171.5
Cross River,01/05/2021,2021,May,170
Cross River,01/06/2021,2021,June,170.5
Cross River,01/07/2021,2021,July,169.2941176
Cross River,01/08/2021,2021,August,166
Cross River,01/09/2021,2021,September,164
Cross River,01/10/2021,2021,October,165.3333333
Cross River,01/11/2021,2021,November,170.35
Cross River,01/12/2021,2021,December,167.1764706
Cross River,01/01/2022,2022,January,172.3846154
Cross River,01/02/2022,2022,February,168.875
Cross River,01/03/2022,2022,March,214.4117647
Cross River,01/04/2022,2022,April,165.86
Cross River,01/05/2022,2022,May,187.6470588
Cross River,01/06/2022,2022,June,178.8888889
Cross River,01/07/2022,2022,July,193.1818182
Cross River,01/08/2022,2022,August,186.5
Cross River,01/09/2022,2022,September,186.36
Cross River,01/10/2022,2022,October,190.4
Cross River,01/11/2022,2022,November,195.12
Cross River,01/12/2022,2022,December,197.6363636
Cross River,01/01/2023,2023,January,261.6666667
Cross River,01/02/2023,2023,February,220
Cross River,01/03/2023,2023,March,263.3333333
Cross River,01/04/2023,2023,April,267.2222222
Cross River,01/05/2023,2023,May,230
Cross River,01/06/2023,2023,June,549
Cross River,01/07/2023,2023,July,569.375
Cross River,01/08/2023,2023,August,618.6666667
Cross River,01/09/2023,2023,September,621.7272727
Cross River,01/10/2023,2023,October,610.5
Cross River,01/11/2023,2023,November,666
Cross River,01/12/2023,2023,December,679
Cross River,01/01/2024,2024,January,663.3333333
Cross River,01/02/2024,2024,February,665.625
Cross River,01/03/2024,2024,March,710
Cross River,01/04/2024,2024,April,682.7777778
Delta,01/01/2016,2016,January,98.5
Delta,01/02/2016,2016,February,87.5
Delta,01/03/2016,2016,March,132.1
Delta,01/04/2016,2016,April,178.1
Delta,01/05/2016,2016,May,147.9
Delta,01/06/2016,2016,June,145.6
Delta,01/07/2016,2016,July,144.8
Delta,01/08/2016,2016,August,144.9
Delta,01/09/2016,2016,September,143.7
Delta,01/10/2016,2016,October,144.6
Delta,01/11/2016,2016,November,145.9
Delta,01/12/2016,2016,December,144.8
Delta,01/01/2017,2017,January,145.4
Delta,01/02/2017,2017,February,144.8181818
Delta,01/03/2017,2017,March,145
Delta,01/04/2017,2017,April,145.9090909
Delta,01/05/2017,2017,May,145
Delta,01/06/2017,2017,June,145.8333333
Delta,01/07/2017,2017,July,145
Delta,01/08/2017,2017,August,144.6666667
Delta,01/09/2017,2017,September,144.6153846
Delta,01/10/2017,2017,October,145
Delta,01/11/2017,2017,November,145.86
Delta,01/12/2017,2017,December,175
Delta,01/01/2018,2018,January,202.6470588
Delta,01/02/2018,2018,February,170.7142857
Delta,01/03/2018,2018,March,171.5
Delta,01/04/2018,2018,April,146.67
Delta,01/05/2018,2018,May,147.69
Delta,01/06/2018,2018,June,145
Delta,01/07/2018,2018,July,145
Delta,01/08/2018,2018,August,145
Delta,01/09/2018,2018,September,150.9230769
Delta,01/10/2018,2018,October,150.6666667
Delta,01/11/2018,2018,November,144.8181818
Delta,01/12/2018,2018,December,145
Delta,01/01/2019,2019,January,144.8461538
Delta,01/02/2019,2019,February,145.3846154
Delta,01/03/2019,2019,March,145
Delta,01/04/2019,2019,April,145.2727273
Delta,01/05/2019,2019,May,144.7272727
Delta,01/06/2019,2019,June,145
Delta,01/07/2019,2019,July,145
Delta,01/08/2019,2019,August,145.2
Delta,01/09/2019,2019,September,146.5384615
Delta,01/10/2019,2019,October,146.5833333
Delta,01/11/2019,2019,November,147.5384615
Delta,01/12/2019,2019,December,144.3846154
Delta,01/01/2020,2020,January,144.64
Delta,01/02/2020,2020,February,145.2421053
Delta,01/03/2020,2020,March,144.5
Delta,01/04/2020,2020,April,126.9230769
Delta,01/05/2020,2020,May,125.2
Delta,01/06/2020,2020,June,125
Delta,01/07/2020,2020,July,144.3888889
Delta,01/08/2020,2020,August,147.3615385
Delta,01/09/2020,2020,September,159.4545455
Delta,01/10/2020,2020,October,159.3846154
Delta,01/11/2020,2020,November,167.5266667
Delta,01/12/2020,2020,December,166.35
Delta,01/01/2021,2021,January,164.775
Delta,01/02/2021,2021,February,163.5
Delta,01/03/2021,2021,March,170.1153846
Delta,01/04/2021,2021,April,165.1538462
Delta,01/05/2021,2021,May,165.2142857
Delta,01/06/2021,2021,June,165.9615385
Delta,01/07/2021,2021,July,167.6153846
Delta,01/08/2021,2021,August,163.5666667
Delta,01/09/2021,2021,September,165.8571429
Delta,01/10/2021,2021,October,163.5
Delta,01/11/2021,2021,November,165.125
Delta,01/12/2021,2021,December,163.75
Delta,01/01/2022,2022,January,166.7333333
Delta,01/02/2022,2022,February,165.4230769
Delta,01/03/2022,2022,March,204.8181818
Delta,01/04/2022,2022,April,175.09
Delta,01/05/2022,2022,May,169.9090909
Delta,01/06/2022,2022,June,166.5833333
Delta,01/07/2022,2022,July,186.3888889
Delta,01/08/2022,2022,August,178
Delta,01/09/2022,2022,September,179.74
Delta,01/10/2022,2022,October,188.0555556
Delta,01/11/2022,2022,November,190
Delta,01/12/2022,2022,December,200
Delta,01/01/2023,2023,January,268.3333333
Delta,01/02/2023,2023,February,233.5714286
Delta,01/03/2023,2023,March,259.1666667
Delta,01/04/2023,2023,April,241.6666667
Delta,01/05/2023,2023,May,225
Delta,01/06/2023,2023,June,542.75
Delta,01/07/2023,2023,July,575.7142857
Delta,01/08/2023,2023,August,604.625
Delta,01/09/2023,2023,September,605.875
Delta,01/10/2023,2023,October,599.375
Delta,01/11/2023,2023,November,670
Delta,01/12/2023,2023,December,640
Delta,01/01/2024,2024,January,665.625
Delta,01/02/2024,2024,February,687
Delta,01/03/2024,2024,March,696.875
Delta,01/04/2024,2024,April,688.75
Ebonyi,01/01/2016,2016,January,132.1
Ebonyi,01/02/2016,2016,February,104.5
Ebonyi,01/03/2016,2016,March,155
Ebonyi,01/04/2016,2016,April,166.4
Ebonyi,01/05/2016,2016,May,165
Ebonyi,01/06/2016,2016,June,151.7
Ebonyi,01/07/2016,2016,July,147.1
Ebonyi,01/08/2016,2016,August,147.9
Ebonyi,01/09/2016,2016,September,147.6
Ebonyi,01/10/2016,2016,October,147
Ebonyi,01/11/2016,2016,November,147.2
Ebonyi,01/12/2016,2016,December,148.6
Ebonyi,01/01/2017,2017,January,156.5
Ebonyi,01/02/2017,2017,February,156.6666667
Ebonyi,01/03/2017,2017,March,152.1428571
Ebonyi,01/04/2017,2017,April,157.5
Ebonyi,01/05/2017,2017,May,152.5
Ebonyi,01/06/2017,2017,June,156.4285714
Ebonyi,01/07/2017,2017,July,147.8571429
Ebonyi,01/08/2017,2017,August,144.2857143
Ebonyi,01/09/2017,2017,September,145.5
Ebonyi,01/10/2017,2017,October,148.5714286
Ebonyi,01/11/2017,2017,November,148.57
Ebonyi,01/12/2017,2017,December,162.5
Ebonyi,01/01/2018,2018,January,220.6521739
Ebonyi,01/02/2018,2018,February,178.125
Ebonyi,01/03/2018,2018,March,160.83
Ebonyi,01/04/2018,2018,April,147.86
Ebonyi,01/05/2018,2018,May,146.14
Ebonyi,01/06/2018,2018,June,146.1428571
Ebonyi,01/07/2018,2018,July,145.875
Ebonyi,01/08/2018,2018,August,146.1428571
Ebonyi,01/09/2018,2018,September,145.8571429
Ebonyi,01/10/2018,2018,October,146.5714286
Ebonyi,01/11/2018,2018,November,145.1818182
Ebonyi,01/12/2018,2018,December,145.1428571
Ebonyi,01/01/2019,2019,January,145.3076923
Ebonyi,01/02/2019,2019,February,145.5909091
Ebonyi,01/03/2019,2019,March,145.14
Ebonyi,01/04/2019,2019,April,146.1428571
Ebonyi,01/05/2019,2019,May,146.25
Ebonyi,01/06/2019,2019,June,145.1666667
Ebonyi,01/07/2019,2019,July,146.4285714
Ebonyi,01/08/2019,2019,August,146.14
Ebonyi,01/09/2019,2019,September,145.4285714
Ebonyi,01/10/2019,2019,October,145.4285714
Ebonyi,01/11/2019,2019,November,146.6666667
Ebonyi,01/12/2019,2019,December,145.7142857
Ebonyi,01/01/2020,2020,January,145
Ebonyi,01/02/2020,2020,February,145.625
Ebonyi,01/03/2020,2020,March,145.5
Ebonyi,01/04/2020,2020,April,125
Ebonyi,01/05/2020,2020,May,128.3333333
Ebonyi,01/06/2020,2020,June,124.5
Ebonyi,01/07/2020,2020,July,143
Ebonyi,01/08/2020,2020,August,150.1666667
Ebonyi,01/09/2020,2020,September,162.5
Ebonyi,01/10/2020,2020,October,161.9
Ebonyi,01/11/2020,2020,November,168.8333333
Ebonyi,01/12/2020,2020,December,168.5555556
Ebonyi,01/01/2021,2021,January,164.5
Ebonyi,01/02/2021,2021,February,166.4285714
Ebonyi,01/03/2021,2021,March,184.1666667
Ebonyi,01/04/2021,2021,April,172
Ebonyi,01/05/2021,2021,May,177.4
Ebonyi,01/06/2021,2021,June,168.3333333
Ebonyi,01/07/2021,2021,July,165.8333333
Ebonyi,01/08/2021,2021,August,170.125
Ebonyi,01/09/2021,2021,September,165.5294118
Ebonyi,01/10/2021,2021,October,166.6666667
Ebonyi,01/11/2021,2021,November,175
Ebonyi,01/12/2021,2021,December,170.4285714
Ebonyi,01/01/2022,2022,January,169
Ebonyi,01/02/2022,2022,February,172
Ebonyi,01/03/2022,2022,March,215
Ebonyi,01/04/2022,2022,April,185.68
Ebonyi,01/05/2022,2022,May,185.625
Ebonyi,01/06/2022,2022,June,186.6666667
Ebonyi,01/07/2022,2022,July,185.7142857
Ebonyi,01/08/2022,2022,August,205.5
Ebonyi,01/09/2022,2022,September,203.11
Ebonyi,01/10/2022,2022,October,205.5
Ebonyi,01/11/2022,2022,November,210
Ebonyi,01/12/2022,2022,December,195.8333333
Ebonyi,01/01/2023,2023,January,286.3636364
Ebonyi,01/02/2023,2023,February,317.1428571
Ebonyi,01/03/2023,2023,March,301.6666667
Ebonyi,01/04/2023,2023,April,291.4285714
Ebonyi,01/05/2023,2023,May,235
Ebonyi,01/06/2023,2023,June,535
Ebonyi,01/07/2023,2023,July,618
Ebonyi,01/08/2023,2023,August,630
Ebonyi,01/09/2023,2023,September,625.7142857
Ebonyi,01/10/2023,2023,October,620
Ebonyi,01/11/2023,2023,November,667.1428571
Ebonyi,01/12/2023,2023,December,671.4285714
Ebonyi,01/01/2024,2024,January,638.7142857
Ebonyi,01/02/2024,2024,February,670
Ebonyi,01/03/2024,2024,March,710.7142857
Ebonyi,01/04/2024,2024,April,702.5
Edo,01/01/2016,2016,January,100.3
Edo,01/02/2016,2016,February,86.5
Edo,01/03/2016,2016,March,129.7
Edo,01/04/2016,2016,April,194.3
Edo,01/05/2016,2016,May,146.3
Edo,01/06/2016,2016,June,145
Edo,01/07/2016,2016,July,145
Edo,01/08/2016,2016,August,145
Edo,01/09/2016,2016,September,145
Edo,01/10/2016,2016,October,145
Edo,01/11/2016,2016,November,145
Edo,01/12/2016,2016,December,145.5
Edo,01/01/2017,2017,January,147
Edo,01/02/2017,2017,February,148.125
Edo,01/03/2017,2017,March,149.6153846
Edo,01/04/2017,2017,April,150.3333333
Edo,01/05/2017,2017,May,145.3333333
Edo,01/06/2017,2017,June,145
Edo,01/07/2017,2017,July,145
Edo,01/08/2017,2017,August,144.8333333
Edo,01/09/2017,2017,September,144.8571429
Edo,01/10/2017,2017,October,145.0588235
Edo,01/11/2017,2017,November,145.75
Edo,01/12/2017,2017,December,170
Edo,01/01/2018,2018,January,220
Edo,01/02/2018,2018,February,190.3125
Edo,01/03/2018,2018,March,172.11
Edo,01/04/2018,2018,April,152.11
Edo,01/05/2018,2018,May,145.36
Edo,01/06/2018,2018,June,145
Edo,01/07/2018,2018,July,145
Edo,01/08/2018,2018,August,145
Edo,01/09/2018,2018,September,145
Edo,01/10/2018,2018,October,145
Edo,01/11/2018,2018,November,145
Edo,01/12/2018,2018,December,145
Edo,01/01/2019,2019,January,145.25
Edo,01/02/2019,2019,February,145.3333333
Edo,01/03/2019,2019,March,144.77
Edo,01/04/2019,2019,April,145
Edo,01/05/2019,2019,May,145
Edo,01/06/2019,2019,June,144.7272727
Edo,01/07/2019,2019,July,145
Edo,01/08/2019,2019,August,145
Edo,01/09/2019,2019,September,145
Edo,01/10/2019,2019,October,144.4615385
Edo,01/11/2019,2019,November,144.8461538
Edo,01/12/2019,2019,December,144.6923077
Edo,01/01/2020,2020,January,144.82
Edo,01/02/2020,2020,February,145
Edo,01/03/2020,2020,March,144.8181818
Edo,01/04/2020,2020,April,125
Edo,01/05/2020,2020,May,128.6428571
Edo,01/06/2020,2020,June,130
Edo,01/07/2020,2020,July,144
Edo,01/08/2020,2020,August,148.5527273
Edo,01/09/2020,2020,September,160.8
Edo,01/10/2020,2020,October,161.0061538
Edo,01/11/2020,2020,November,164.8461538
Edo,01/12/2020,2020,December,167
Edo,01/01/2021,2021,January,162.7
Edo,01/02/2021,2021,February,163.5384615
Edo,01/03/2021,2021,March,171.3636364
Edo,01/04/2021,2021,April,168
Edo,01/05/2021,2021,May,165.3571429
Edo,01/06/2021,2021,June,165.6
Edo,01/07/2021,2021,July,163.7836364
Edo,01/08/2021,2021,August,166
Edo,01/09/2021,2021,September,163.0909091
Edo,01/10/2021,2021,October,166
Edo,01/11/2021,2021,November,167.9230769
Edo,01/12/2021,2021,December,167.4615385
Edo,01/01/2022,2022,January,166.2857143
Edo,01/02/2022,2022,February,170.9166667
Edo,01/03/2022,2022,March,209.6923077
Edo,01/04/2022,2022,April,170.63
Edo,01/05/2022,2022,May,176.8333333
Edo,01/06/2022,2022,June,168.75
Edo,01/07/2022,2022,July,173.5
Edo,01/08/2022,2022,August,181
Edo,01/09/2022,2022,September,183.17
Edo,01/10/2022,2022,October,188.6363636
Edo,01/11/2022,2022,November,193
Edo,01/12/2022,2022,December,201.4285714
Edo,01/01/2023,2023,January,281.4285714
Edo,01/02/2023,2023,February,215.7142857
Edo,01/03/2023,2023,March,276.4285714
Edo,01/04/2023,2023,April,251.875
Edo,01/05/2023,2023,May,231.4285714
Edo,01/06/2023,2023,June,546.6
Edo,01/07/2023,2023,July,530
Edo,01/08/2023,2023,August,618.5714286
Edo,01/09/2023,2023,September,620
Edo,01/10/2023,2023,October,637.5
Edo,01/11/2023,2023,November,650
Edo,01/12/2023,2023,December,661.875
Edo,01/01/2024,2024,January,662
Edo,01/02/2024,2024,February,672.5
Edo,01/03/2024,2024,March,685
Edo,01/04/2024,2024,April,691.25
Ekiti,01/01/2016,2016,January,106.1
Ekiti,01/02/2016,2016,February,96.6
Ekiti,01/03/2016,2016,March,127.5
Ekiti,01/04/2016,2016,April,202.8
Ekiti,01/05/2016,2016,May,156.4
Ekiti,01/06/2016,2016,June,145.3
Ekiti,01/07/2016,2016,July,145.2
Ekiti,01/08/2016,2016,August,144.7
Ekiti,01/09/2016,2016,September,144.6
Ekiti,01/10/2016,2016,October,145
Ekiti,01/11/2016,2016,November,144.9
Ekiti,01/12/2016,2016,December,144.9
Ekiti,01/01/2017,2017,January,144.6
Ekiti,01/02/2017,2017,February,145
Ekiti,01/03/2017,2017,March,145
Ekiti,01/04/2017,2017,April,145
Ekiti,01/05/2017,2017,May,145
Ekiti,01/06/2017,2017,June,145
Ekiti,01/07/2017,2017,July,145
Ekiti,01/08/2017,2017,August,144.65
Ekiti,01/09/2017,2017,September,143.0666667
Ekiti,01/10/2017,2017,October,143.7333333
Ekiti,01/11/2017,2017,November,146.17
Ekiti,01/12/2017,2017,December,146
Ekiti,01/01/2018,2018,January,160.2352941
Ekiti,01/02/2018,2018,February,181.1764706
Ekiti,01/03/2018,2018,March,173.89
Ekiti,01/04/2018,2018,April,145
Ekiti,01/05/2018,2018,May,147.71
Ekiti,01/06/2018,2018,June,145.3157895
Ekiti,01/07/2018,2018,July,145
Ekiti,01/08/2018,2018,August,144.2272727
Ekiti,01/09/2018,2018,September,145.9375
Ekiti,01/10/2018,2018,October,144.6470588
Ekiti,01/11/2018,2018,November,145.4705882
Ekiti,01/12/2018,2018,December,145.2941176
Ekiti,01/01/2019,2019,January,144
Ekiti,01/02/2019,2019,February,143.4666667
Ekiti,01/03/2019,2019,March,145
Ekiti,01/04/2019,2019,April,145
Ekiti,01/05/2019,2019,May,144.45
Ekiti,01/06/2019,2019,June,145
Ekiti,01/07/2019,2019,July,144.8
Ekiti,01/08/2019,2019,August,145
Ekiti,01/09/2019,2019,September,144.9375
Ekiti,01/10/2019,2019,October,145.6
Ekiti,01/11/2019,2019,November,144.7894737
Ekiti,01/12/2019,2019,December,145
Ekiti,01/01/2020,2020,January,145
Ekiti,01/02/2020,2020,February,145
Ekiti,01/03/2020,2020,March,145
Ekiti,01/04/2020,2020,April,125
Ekiti,01/05/2020,2020,May,126.2058824
Ekiti,01/06/2020,2020,June,124.9666667
Ekiti,01/07/2020,2020,July,144
Ekiti,01/08/2020,2020,August,148.3777778
Ekiti,01/09/2020,2020,September,160.3111111
Ekiti,01/10/2020,2020,October,161.1529412
Ekiti,01/11/2020,2020,November,166.0625
Ekiti,01/12/2020,2020,December,166.7157895
Ekiti,01/01/2021,2021,January,162.2058824
Ekiti,01/02/2021,2021,February,164.3055556
Ekiti,01/03/2021,2021,March,169.3
Ekiti,01/04/2021,2021,April,168.5
Ekiti,01/05/2021,2021,May,167.4117647
Ekiti,01/06/2021,2021,June,165.7222222
Ekiti,01/07/2021,2021,July,166
Ekiti,01/08/2021,2021,August,166.8461538
Ekiti,01/09/2021,2021,September,164.7666667
Ekiti,01/10/2021,2021,October,166.2631579
Ekiti,01/11/2021,2021,November,170.0526316
Ekiti,01/12/2021,2021,December,166.4117647
Ekiti,01/01/2022,2022,January,165.2
Ekiti,01/02/2022,2022,February,165.4285714
Ekiti,01/03/2022,2022,March,166.4285714
Ekiti,01/04/2022,2022,April,167.35
Ekiti,01/05/2022,2022,May,171.5384615
Ekiti,01/06/2022,2022,June,172
Ekiti,01/07/2022,2022,July,180.2777778
Ekiti,01/08/2022,2022,August,193.8461538
Ekiti,01/09/2022,2022,September,187.94
Ekiti,01/10/2022,2022,October,188.1
Ekiti,01/11/2022,2022,November,189.0625
Ekiti,01/12/2022,2022,December,202.0833333
Ekiti,01/01/2023,2023,January,257.3684211
Ekiti,01/02/2023,2023,February,308.9285714
Ekiti,01/03/2023,2023,March,239.2857143
Ekiti,01/04/2023,2023,April,232.5
Ekiti,01/05/2023,2023,May,240.8823529
Ekiti,01/06/2023,2023,June,539.3333333
Ekiti,01/07/2023,2023,July,619.5714286
Ekiti,01/08/2023,2023,August,625.75
Ekiti,01/09/2023,2023,September,619.6875
Ekiti,01/10/2023,2023,October,613.5714286
Ekiti,01/11/2023,2023,November,641.25
Ekiti,01/12/2023,2023,December,653.4375
Ekiti,01/01/2024,2024,January,651.3312693
Ekiti,01/02/2024,2024,February,655
Ekiti,01/03/2024,2024,March,661.5625
Ekiti,01/04/2024,2024,April,661.6666667
Enugu,01/01/2016,2016,January,128.3
Enugu,01/02/2016,2016,February,101.4
Enugu,01/03/2016,2016,March,144.6
Enugu,01/04/2016,2016,April,178.1
Enugu,01/05/2016,2016,May,149.4
Enugu,01/06/2016,2016,June,150.4
Enugu,01/07/2016,2016,July,145.5
Enugu,01/08/2016,2016,August,150
Enugu,01/09/2016,2016,September,148.7
Enugu,01/10/2016,2016,October,145.8
Enugu,01/11/2016,2016,November,147.1
Enugu,01/12/2016,2016,December,150
Enugu,01/01/2017,2017,January,148.3
Enugu,01/02/2017,2017,February,150.173913
Enugu,01/03/2017,2017,March,154.5238095
Enugu,01/04/2017,2017,April,152.8947368
Enugu,01/05/2017,2017,May,151.9565217
Enugu,01/06/2017,2017,June,154.4782609
Enugu,01/07/2017,2017,July,149
Enugu,01/08/2017,2017,August,145
Enugu,01/09/2017,2017,September,145.8478261
Enugu,01/10/2017,2017,October,147.173913
Enugu,01/11/2017,2017,November,145
Enugu,01/12/2017,2017,December,200.5
Enugu,01/01/2018,2018,January,183.1176471
Enugu,01/02/2018,2018,February,163.8636364
Enugu,01/03/2018,2018,March,169.13
Enugu,01/04/2018,2018,April,148.91
Enugu,01/05/2018,2018,May,150.3
Enugu,01/06/2018,2018,June,153.0526316
Enugu,01/07/2018,2018,July,149.44
Enugu,01/08/2018,2018,August,146.7777778
Enugu,01/09/2018,2018,September,153.8846154
Enugu,01/10/2018,2018,October,146.52
Enugu,01/11/2018,2018,November,147.2903226
Enugu,01/12/2018,2018,December,145.2352941
Enugu,01/01/2019,2019,January,145.2666667
Enugu,01/02/2019,2019,February,145.3125
Enugu,01/03/2019,2019,March,145.41
Enugu,01/04/2019,2019,April,146.173913
Enugu,01/05/2019,2019,May,143.5517241
Enugu,01/06/2019,2019,June,145.4230769
Enugu,01/07/2019,2019,July,145.9302326
Enugu,01/08/2019,2019,August,145.45
Enugu,01/09/2019,2019,September,146.3
Enugu,01/10/2019,2019,October,145.9411765
Enugu,01/11/2019,2019,November,148.3333333
Enugu,01/12/2019,2019,December,145.24
Enugu,01/01/2020,2020,January,144.88
Enugu,01/02/2020,2020,February,144.5
Enugu,01/03/2020,2020,March,145.375
Enugu,01/04/2020,2020,April,125.4166667
Enugu,01/05/2020,2020,May,125
Enugu,01/06/2020,2020,June,124.5789474
Enugu,01/07/2020,2020,July,144.8
Enugu,01/08/2020,2020,August,150
Enugu,01/09/2020,2020,September,160.1666667
Enugu,01/10/2020,2020,October,160.95
Enugu,01/11/2020,2020,November,170
Enugu,01/12/2020,2020,December,164.375
Enugu,01/01/2021,2021,January,165.7295
Enugu,01/02/2021,2021,February,163.9411765
Enugu,01/03/2021,2021,March,183.1333333
Enugu,01/04/2021,2021,April,170.3125
Enugu,01/05/2021,2021,May,177.3684211
Enugu,01/06/2021,2021,June,166.6666667
Enugu,01/07/2021,2021,July,165
Enugu,01/08/2021,2021,August,164.6176471
Enugu,01/09/2021,2021,September,162.2727273
Enugu,01/10/2021,2021,October,168.8333333
Enugu,01/11/2021,2021,November,168.6666667
Enugu,01/12/2021,2021,December,168.4375
Enugu,01/01/2022,2022,January,168.6666667
Enugu,01/02/2022,2022,February,169.2307692
Enugu,01/03/2022,2022,March,218.3333333
Enugu,01/04/2022,2022,April,165
Enugu,01/05/2022,2022,May,182.7894737
Enugu,01/06/2022,2022,June,178
Enugu,01/07/2022,2022,July,197.1428571
Enugu,01/08/2022,2022,August,195.3448276
Enugu,01/09/2022,2022,September,196.67
Enugu,01/10/2022,2022,October,197
Enugu,01/11/2022,2022,November,215.7142857
Enugu,01/12/2022,2022,December,215.9142857
Enugu,01/01/2023,2023,January,313.125
Enugu,01/02/2023,2023,February,301.3043478
Enugu,01/03/2023,2023,March,309
Enugu,01/04/2023,2023,April,297.6470588
Enugu,01/05/2023,2023,May,287.6666667
Enugu,01/06/2023,2023,June,542.7777778
Enugu,01/07/2023,2023,July,640
Enugu,01/08/2023,2023,August,627.8571429
Enugu,01/09/2023,2023,September,628.8888889
Enugu,01/10/2023,2023,October,621.9230769
Enugu,01/11/2023,2023,November,651.5217391
Enugu,01/12/2023,2023,December,673.125
Enugu,01/01/2024,2024,January,673.8721805
Enugu,01/02/2024,2024,February,688.21
Enugu,01/03/2024,2024,March,713.125
Enugu,01/04/2024,2024,April,705.75
Abuja,01/01/2016,2016,January,99.6
Abuja,01/02/2016,2016,February,92.7
Abuja,01/03/2016,2016,March,104.9
Abuja,01/04/2016,2016,April,107
Abuja,01/05/2016,2016,May,145
Abuja,01/06/2016,2016,June,145
Abuja,01/07/2016,2016,July,145
Abuja,01/08/2016,2016,August,145
Abuja,01/09/2016,2016,September,143.3
Abuja,01/10/2016,2016,October,146.3
Abuja,01/11/2016,2016,November,144.6
Abuja,01/12/2016,2016,December,145
Abuja,01/01/2017,2017,January,144.2
Abuja,01/02/2017,2017,February,145
Abuja,01/03/2017,2017,March,145
Abuja,01/04/2017,2017,April,145
Abuja,01/05/2017,2017,May,145
Abuja,01/06/2017,2017,June,145
Abuja,01/07/2017,2017,July,145
Abuja,01/08/2017,2017,August,143.5
Abuja,01/09/2017,2017,September,142
Abuja,01/10/2017,2017,October,144
Abuja,01/11/2017,2017,November,144
Abuja,01/12/2017,2017,December,146.5333333
Abuja,01/01/2018,2018,January,160
Abuja,01/02/2018,2018,February,145
Abuja,01/03/2018,2018,March,145
Abuja,01/04/2018,2018,April,144.95
Abuja,01/05/2018,2018,May,144.96
Abuja,01/06/2018,2018,June,144.5
Abuja,01/07/2018,2018,July,145
Abuja,01/08/2018,2018,August,144.6
Abuja,01/09/2018,2018,September,144
Abuja,01/10/2018,2018,October,144.56
Abuja,01/11/2018,2018,November,144.4
Abuja,01/12/2018,2018,December,144.95
Abuja,01/01/2019,2019,January,144.2
Abuja,01/02/2019,2019,February,144.5
Abuja,01/03/2019,2019,March,144
Abuja,01/04/2019,2019,April,144.6666667
Abuja,01/05/2019,2019,May,144
Abuja,01/06/2019,2019,June,144.2
Abuja,01/07/2019,2019,July,143
Abuja,01/08/2019,2019,August,145.33
Abuja,01/09/2019,2019,September,143.1666667
Abuja,01/10/2019,2019,October,143.5
Abuja,01/11/2019,2019,November,144.2
Abuja,01/12/2019,2019,December,143.6666667
Abuja,01/01/2020,2020,January,144.2
Abuja,01/02/2020,2020,February,143.6666667
Abuja,01/03/2020,2020,March,145
Abuja,01/04/2020,2020,April,125
Abuja,01/05/2020,2020,May,123.5
Abuja,01/06/2020,2020,June,126.6
Abuja,01/07/2020,2020,July,144.2
Abuja,01/08/2020,2020,August,147.2
Abuja,01/09/2020,2020,September,160.25
Abuja,01/10/2020,2020,October,159.8
Abuja,01/11/2020,2020,November,166.8
Abuja,01/12/2020,2020,December,163.5
Abuja,01/01/2021,2021,January,163
Abuja,01/02/2021,2021,February,163.5
Abuja,01/03/2021,2021,March,165.8
Abuja,01/04/2021,2021,April,162
Abuja,01/05/2021,2021,May,165
Abuja,01/06/2021,2021,June,162
Abuja,01/07/2021,2021,July,163.8
Abuja,01/08/2021,2021,August,163.8
Abuja,01/09/2021,2021,September,164.5
Abuja,01/10/2021,2021,October,162.8
Abuja,01/11/2021,2021,November,163.75
Abuja,01/12/2021,2021,December,164.6
Abuja,01/01/2022,2022,January,164.6
Abuja,01/02/2022,2022,February,167.5
Abuja,01/03/2022,2022,March,169
Abuja,01/04/2022,2022,April,165.42
Abuja,01/05/2022,2022,May,172.6
Abuja,01/06/2022,2022,June,170
Abuja,01/07/2022,2022,July,185.5
Abuja,01/08/2022,2022,August,188
Abuja,01/09/2022,2022,September,188.44
Abuja,01/10/2022,2022,October,189
Abuja,01/11/2022,2022,November,193.5
Abuja,01/12/2022,2022,December,196
Abuja,01/01/2023,2023,January,229
Abuja,01/02/2023,2023,February,200
Abuja,01/03/2023,2023,March,222.9090909
Abuja,01/04/2023,2023,April,220.45
Abuja,01/05/2023,2023,May,195
Abuja,01/06/2023,2023,June,539.1428571
Abuja,01/07/2023,2023,July,616.8333333
Abuja,01/08/2023,2023,August,617.6
Abuja,01/09/2023,2023,September,617.78
Abuja,01/10/2023,2023,October,637.2
Abuja,01/11/2023,2023,November,640
Abuja,01/12/2023,2023,December,663.3333333
Abuja,01/01/2024,2024,January,632.1244444
Abuja,01/02/2024,2024,February,653.2
Abuja,01/03/2024,2024,March,695.6
Abuja,01/04/2024,2024,April,670
Gombe,01/01/2016,2016,January,99.9
Gombe,01/02/2016,2016,February,97.4
Gombe,01/03/2016,2016,March,151.7
Gombe,01/04/2016,2016,April,182.2
Gombe,01/05/2016,2016,May,149.4
Gombe,01/06/2016,2016,June,149.4
Gombe,01/07/2016,2016,July,145
Gombe,01/08/2016,2016,August,148.3
Gombe,01/09/2016,2016,September,145.6
Gombe,01/10/2016,2016,October,144.7
Gombe,01/11/2016,2016,November,145
Gombe,01/12/2016,2016,December,145
Gombe,01/01/2017,2017,January,145
Gombe,01/02/2017,2017,February,145
Gombe,01/03/2017,2017,March,145
Gombe,01/04/2017,2017,April,152.7272727
Gombe,01/05/2017,2017,May,172.5
Gombe,01/06/2017,2017,June,167.5
Gombe,01/07/2017,2017,July,152.7272727
Gombe,01/08/2017,2017,August,144
Gombe,01/09/2017,2017,September,145
Gombe,01/10/2017,2017,October,144.8
Gombe,01/11/2017,2017,November,145
Gombe,01/12/2017,2017,December,160
Gombe,01/01/2018,2018,January,157.7272727
Gombe,01/02/2018,2018,February,153.5
Gombe,01/03/2018,2018,March,154.13
Gombe,01/04/2018,2018,April,154.43
Gombe,01/05/2018,2018,May,153.67
Gombe,01/06/2018,2018,June,150.25
Gombe,01/07/2018,2018,July,142.7857143
Gombe,01/08/2018,2018,August,147.0833333
Gombe,01/09/2018,2018,September,150.1
Gombe,01/10/2018,2018,October,151.25
Gombe,01/11/2018,2018,November,154.7222222
Gombe,01/12/2018,2018,December,150.2
Gombe,01/01/2019,2019,January,145.8666667
Gombe,01/02/2019,2019,February,144.625
Gombe,01/03/2019,2019,March,145.92
Gombe,01/04/2019,2019,April,145.5833333
Gombe,01/05/2019,2019,May,141.0833333
Gombe,01/06/2019,2019,June,144.5833333
Gombe,01/07/2019,2019,July,144.3333333
Gombe,01/08/2019,2019,August,146.11
Gombe,01/09/2019,2019,September,144.9111111
Gombe,01/10/2019,2019,October,144.4
Gombe,01/11/2019,2019,November,145.6666667
Gombe,01/12/2019,2019,December,144.3333333
Gombe,01/01/2020,2020,January,144.8
Gombe,01/02/2020,2020,February,145.4285714
Gombe,01/03/2020,2020,March,145
Gombe,01/04/2020,2020,April,136
Gombe,01/05/2020,2020,May,133.1666667
Gombe,01/06/2020,2020,June,139.3333333
Gombe,01/07/2020,2020,July,142.5714286
Gombe,01/08/2020,2020,August,146.4285714
Gombe,01/09/2020,2020,September,160.6666667
Gombe,01/10/2020,2020,October,161.6666667
Gombe,01/11/2020,2020,November,170
Gombe,01/12/2020,2020,December,165.2857143
Gombe,01/01/2021,2021,January,165.8333333
Gombe,01/02/2021,2021,February,165.3333333
Gombe,01/03/2021,2021,March,166.4285714
Gombe,01/04/2021,2021,April,157.1111111
Gombe,01/05/2021,2021,May,161.3333333
Gombe,01/06/2021,2021,June,162.1111111
Gombe,01/07/2021,2021,July,163.1666667
Gombe,01/08/2021,2021,August,165
Gombe,01/09/2021,2021,September,163.9615385
Gombe,01/10/2021,2021,October,164.6666667
Gombe,01/11/2021,2021,November,165.2857143
Gombe,01/12/2021,2021,December,165.9285714
Gombe,01/01/2022,2022,January,164.7142857
Gombe,01/02/2022,2022,February,170.5
Gombe,01/03/2022,2022,March,171.4
Gombe,01/04/2022,2022,April,171.25
Gombe,01/05/2022,2022,May,166.5
Gombe,01/06/2022,2022,June,185
Gombe,01/07/2022,2022,July,190.7777778
Gombe,01/08/2022,2022,August,179.125
Gombe,01/09/2022,2022,September,188.82
Gombe,01/10/2022,2022,October,210
Gombe,01/11/2022,2022,November,215
Gombe,01/12/2022,2022,December,218.8888889
Gombe,01/01/2023,2023,January,220
Gombe,01/02/2023,2023,February,249
Gombe,01/03/2023,2023,March,302
Gombe,01/04/2023,2023,April,300.51
Gombe,01/05/2023,2023,May,299.7727273
Gombe,01/06/2023,2023,June,560.8333333
Gombe,01/07/2023,2023,July,642.2222222
Gombe,01/08/2023,2023,August,633.5
Gombe,01/09/2023,2023,September,630
Gombe,01/10/2023,2023,October,658.3333333
Gombe,01/11/2023,2023,November,625.125
Gombe,01/12/2023,2023,December,703
Gombe,01/01/2024,2024,January,703
Gombe,01/02/2024,2024,February,710
Gombe,01/03/2024,2024,March,719.3333333
Gombe,01/04/2024,2024,April,717
Imo,01/01/2016,2016,January,131
Imo,01/02/2016,2016,February,102.2
Imo,01/03/2016,2016,March,144
Imo,01/04/2016,2016,April,203.5
Imo,01/05/2016,2016,May,147.2
Imo,01/06/2016,2016,June,146.1
Imo,01/07/2016,2016,July,145.9
Imo,01/08/2016,2016,August,145.9
Imo,01/09/2016,2016,September,146.1
Imo,01/10/2016,2016,October,145.9
Imo,01/11/2016,2016,November,145.9
Imo,01/12/2016,2016,December,145.7
Imo,01/01/2017,2017,January,144.6
Imo,01/02/2017,2017,February,149.1176471
Imo,01/03/2017,2017,March,149.4736842
Imo,01/04/2017,2017,April,148.9473684
Imo,01/05/2017,2017,May,148.8095238
Imo,01/06/2017,2017,June,147.6086957
Imo,01/07/2017,2017,July,147.4
Imo,01/08/2017,2017,August,143.4
Imo,01/09/2017,2017,September,145.1086957
Imo,01/10/2017,2017,October,147.75
Imo,01/11/2017,2017,November,144.4
Imo,01/12/2017,2017,December,160.5882353
Imo,01/01/2018,2018,January,172.9230769
Imo,01/02/2018,2018,February,200.826087
Imo,01/03/2018,2018,March,173.86
Imo,01/04/2018,2018,April,149.4
Imo,01/05/2018,2018,May,149.5
Imo,01/06/2018,2018,June,149.7727273
Imo,01/07/2018,2018,July,150.8695652
Imo,01/08/2018,2018,August,145.8695652
Imo,01/09/2018,2018,September,146.4285714
Imo,01/10/2018,2018,October,145.4347826
Imo,01/11/2018,2018,November,142.5
Imo,01/12/2018,2018,December,146.1764706
Imo,01/01/2019,2019,January,145.6153846
Imo,01/02/2019,2019,February,143.1818182
Imo,01/03/2019,2019,March,145.71
Imo,01/04/2019,2019,April,146.4705882
Imo,01/05/2019,2019,May,145.6818182
Imo,01/06/2019,2019,June,145.4736842
Imo,01/07/2019,2019,July,145.3333333
Imo,01/08/2019,2019,August,145.62
Imo,01/09/2019,2019,September,145.5652174
Imo,01/10/2019,2019,October,146.3103448
Imo,01/11/2019,2019,November,148.0454545
Imo,01/12/2019,2019,December,145.3181818
Imo,01/01/2020,2020,January,145.5
Imo,01/02/2020,2020,February,145
Imo,01/03/2020,2020,March,145.6521739
Imo,01/04/2020,2020,April,126.6666667
Imo,01/05/2020,2020,May,126.5384615
Imo,01/06/2020,2020,June,129.7
Imo,01/07/2020,2020,July,145
Imo,01/08/2020,2020,August,149.8695652
Imo,01/09/2020,2020,September,161.9782609
Imo,01/10/2020,2020,October,161.6111111
Imo,01/11/2020,2020,November,168.4
Imo,01/12/2020,2020,December,166.7272727
Imo,01/01/2021,2021,January,163.7272727
Imo,01/02/2021,2021,February,168.6363636
Imo,01/03/2021,2021,March,179.2
Imo,01/04/2021,2021,April,166.9411765
Imo,01/05/2021,2021,May,167.4
Imo,01/06/2021,2021,June,166.5454545
Imo,01/07/2021,2021,July,166.75
Imo,01/08/2021,2021,August,165.8695652
Imo,01/09/2021,2021,September,167.3
Imo,01/10/2021,2021,October,165.8333333
Imo,01/11/2021,2021,November,174.8947368
Imo,01/12/2021,2021,December,165.3333333
Imo,01/01/2022,2022,January,168.0769231
Imo,01/02/2022,2022,February,171.2608696
Imo,01/03/2022,2022,March,205.8823529
Imo,01/04/2022,2022,April,169.68
Imo,01/05/2022,2022,May,188.2352941
Imo,01/06/2022,2022,June,179.7368421
Imo,01/07/2022,2022,July,175.7857143
Imo,01/08/2022,2022,August,187.3333333
Imo,01/09/2022,2022,September,189.29
Imo,01/10/2022,2022,October,195.0909091
Imo,01/11/2022,2022,November,197.5
Imo,01/12/2022,2022,December,202.1666667
Imo,01/01/2023,2023,January,332.1428571
Imo,01/02/2023,2023,February,316.4705882
Imo,01/03/2023,2023,March,332.6666667
Imo,01/04/2023,2023,April,310.55
Imo,01/05/2023,2023,May,300
Imo,01/06/2023,2023,June,546.4285714
Imo,01/07/2023,2023,July,615.7368421
Imo,01/08/2023,2023,August,623.3846154
Imo,01/09/2023,2023,September,621.25
Imo,01/10/2023,2023,October,618.5714286
Imo,01/11/2023,2023,November,633.1764706
Imo,01/12/2023,2023,December,683.6842105
Imo,01/01/2024,2024,January,687
Imo,01/02/2024,2024,February,705.5125455
Imo,01/03/2024,2024,March,725.5555556
Imo,01/04/2024,2024,April,712.7777778
Jigawa,01/01/2016,2016,January,104.7
Jigawa,01/02/2016,2016,February,98.8
Jigawa,01/03/2016,2016,March,143.1
Jigawa,01/04/2016,2016,April,170.6
Jigawa,01/05/2016,2016,May,145.3
Jigawa,01/06/2016,2016,June,145.4
Jigawa,01/07/2016,2016,July,145
Jigawa,01/08/2016,2016,August,144.7
Jigawa,01/09/2016,2016,September,144.5
Jigawa,01/10/2016,2016,October,146.5
Jigawa,01/11/2016,2016,November,144.3
Jigawa,01/12/2016,2016,December,144.5
Jigawa,01/01/2017,2017,January,151
Jigawa,01/02/2017,2017,February,147.8571429
Jigawa,01/03/2017,2017,March,148.2666667
Jigawa,01/04/2017,2017,April,145.6153846
Jigawa,01/05/2017,2017,May,147.3076923
Jigawa,01/06/2017,2017,June,145.7692308
Jigawa,01/07/2017,2017,July,145.6666667
Jigawa,01/08/2017,2017,August,143.89
Jigawa,01/09/2017,2017,September,145.1666667
Jigawa,01/10/2017,2017,October,143.8
Jigawa,01/11/2017,2017,November,145.5
Jigawa,01/12/2017,2017,December,165
Jigawa,01/01/2018,2018,January,200.255
Jigawa,01/02/2018,2018,February,150.1428571
Jigawa,01/03/2018,2018,March,180.93
Jigawa,01/04/2018,2018,April,160.46
Jigawa,01/05/2018,2018,May,154
Jigawa,01/06/2018,2018,June,146.2941176
Jigawa,01/07/2018,2018,July,146.2941176
Jigawa,01/08/2018,2018,August,145.25
Jigawa,01/09/2018,2018,September,150
Jigawa,01/10/2018,2018,October,144.2941176
Jigawa,01/11/2018,2018,November,144.2941176
Jigawa,01/12/2018,2018,December,144.2142857
Jigawa,01/01/2019,2019,January,145.6923077
Jigawa,01/02/2019,2019,February,145.2857143
Jigawa,01/03/2019,2019,March,144.94
Jigawa,01/04/2019,2019,April,145
Jigawa,01/05/2019,2019,May,145
Jigawa,01/06/2019,2019,June,145
Jigawa,01/07/2019,2019,July,145
Jigawa,01/08/2019,2019,August,145.45
Jigawa,01/09/2019,2019,September,145.3571429
Jigawa,01/10/2019,2019,October,145.4545455
Jigawa,01/11/2019,2019,November,144.2941176
Jigawa,01/12/2019,2019,December,144.1428571
Jigawa,01/01/2020,2020,January,144.77
Jigawa,01/02/2020,2020,February,145
Jigawa,01/03/2020,2020,March,145.0714286
Jigawa,01/04/2020,2020,April,140.5714286
Jigawa,01/05/2020,2020,May,137.8888889
Jigawa,01/06/2020,2020,June,128.8888889
Jigawa,01/07/2020,2020,July,143.0941176
Jigawa,01/08/2020,2020,August,143.4117647
Jigawa,01/09/2020,2020,September,159.4117647
Jigawa,01/10/2020,2020,October,159.5384615
Jigawa,01/11/2020,2020,November,167.1666667
Jigawa,01/12/2020,2020,December,165
Jigawa,01/01/2021,2021,January,163.4615385
Jigawa,01/02/2021,2021,February,163.5714286
Jigawa,01/03/2021,2021,March,166.4615385
Jigawa,01/04/2021,2021,April,170
Jigawa,01/05/2021,2021,May,164.5714286
Jigawa,01/06/2021,2021,June,165.8125
Jigawa,01/07/2021,2021,July,164.3333333
Jigawa,01/08/2021,2021,August,164.6428571
Jigawa,01/09/2021,2021,September,170.6153846
Jigawa,01/10/2021,2021,October,164.8571429
Jigawa,01/11/2021,2021,November,170.4545455
Jigawa,01/12/2021,2021,December,168.8
Jigawa,01/01/2022,2022,January,165
Jigawa,01/02/2022,2022,February,165
Jigawa,01/03/2022,2022,March,165.7142857
Jigawa,01/04/2022,2022,April,172.22
Jigawa,01/05/2022,2022,May,176.4285714
Jigawa,01/06/2022,2022,June,170
Jigawa,01/07/2022,2022,July,192.3333333
Jigawa,01/08/2022,2022,August,210.5
Jigawa,01/09/2022,2022,September,205.62
Jigawa,01/10/2022,2022,October,205.77
Jigawa,01/11/2022,2022,November,210.25
Jigawa,01/12/2022,2022,December,213.9285714
Jigawa,01/01/2023,2023,January,281.4285714
Jigawa,01/02/2023,2023,February,329.1666667
Jigawa,01/03/2023,2023,March,316.6666667
Jigawa,01/04/2023,2023,April,305
Jigawa,01/05/2023,2023,May,297.5
Jigawa,01/06/2023,2023,June,556.6666667
Jigawa,01/07/2023,2023,July,625.8
Jigawa,01/08/2023,2023,August,619
Jigawa,01/09/2023,2023,September,617.4166667
Jigawa,01/10/2023,2023,October,627.5
Jigawa,01/11/2023,2023,November,677.6666667
Jigawa,01/12/2023,2023,December,682
Jigawa,01/01/2024,2024,January,679.6666667
Jigawa,01/02/2024,2024,February,696.4285714
Jigawa,01/03/2024,2024,March,708.3333333
Jigawa,01/04/2024,2024,April,711.5384615
Kaduna,01/01/2016,2016,January,95.7
Kaduna,01/02/2016,2016,February,90.6
Kaduna,01/03/2016,2016,March,139.8
Kaduna,01/04/2016,2016,April,146.3
Kaduna,01/05/2016,2016,May,144.6
Kaduna,01/06/2016,2016,June,145.6
Kaduna,01/07/2016,2016,July,142
Kaduna,01/08/2016,2016,August,152.3
Kaduna,01/09/2016,2016,September,151.8
Kaduna,01/10/2016,2016,October,145.9
Kaduna,01/11/2016,2016,November,147.6
Kaduna,01/12/2016,2016,December,145
Kaduna,01/01/2017,2017,January,148.3
Kaduna,01/02/2017,2017,February,145.625
Kaduna,01/03/2017,2017,March,153
Kaduna,01/04/2017,2017,April,145
Kaduna,01/05/2017,2017,May,148.6666667
Kaduna,01/06/2017,2017,June,148.75
Kaduna,01/07/2017,2017,July,145
Kaduna,01/08/2017,2017,August,144.75
Kaduna,01/09/2017,2017,September,145.5333333
Kaduna,01/10/2017,2017,October,144.8333333
Kaduna,01/11/2017,2017,November,145
Kaduna,01/12/2017,2017,December,162.8125
Kaduna,01/01/2018,2018,January,215.9090909
Kaduna,01/02/2018,2018,February,165.8571429
Kaduna,01/03/2018,2018,March,147.29
Kaduna,01/04/2018,2018,April,153.85
Kaduna,01/05/2018,2018,May,150.81
Kaduna,01/06/2018,2018,June,150.75
Kaduna,01/07/2018,2018,July,150.75
Kaduna,01/08/2018,2018,August,151.4761905
Kaduna,01/09/2018,2018,September,150.5333333
Kaduna,01/10/2018,2018,October,150.75
Kaduna,01/11/2018,2018,November,156.75
Kaduna,01/12/2018,2018,December,145.25
Kaduna,01/01/2019,2019,January,146.2222222
Kaduna,01/02/2019,2019,February,146.0833333
Kaduna,01/03/2019,2019,March,144.44
Kaduna,01/04/2019,2019,April,144.6875
Kaduna,01/05/2019,2019,May,144.8
Kaduna,01/06/2019,2019,June,144.6875
Kaduna,01/07/2019,2019,July,144.8
Kaduna,01/08/2019,2019,August,144.68
Kaduna,01/09/2019,2019,September,144.1333333
Kaduna,01/10/2019,2019,October,144.6875
Kaduna,01/11/2019,2019,November,145.75
Kaduna,01/12/2019,2019,December,146.5
Kaduna,01/01/2020,2020,January,145.22
Kaduna,01/02/2020,2020,February,145.2105263
Kaduna,01/03/2020,2020,March,145.6428571
Kaduna,01/04/2020,2020,April,136.7857143
Kaduna,01/05/2020,2020,May,135.8181818
Kaduna,01/06/2020,2020,June,127.4705882
Kaduna,01/07/2020,2020,July,143.7263158
Kaduna,01/08/2020,2020,August,150.1692308
Kaduna,01/09/2020,2020,September,158.1692308
Kaduna,01/10/2020,2020,October,161.4615385
Kaduna,01/11/2020,2020,November,163.8333333
Kaduna,01/12/2020,2020,December,155
Kaduna,01/01/2021,2021,January,163.4
Kaduna,01/02/2021,2021,February,165
Kaduna,01/03/2021,2021,March,169.9166667
Kaduna,01/04/2021,2021,April,166.8333333
Kaduna,01/05/2021,2021,May,164.3846154
Kaduna,01/06/2021,2021,June,165.5
Kaduna,01/07/2021,2021,July,165.1071429
Kaduna,01/08/2021,2021,August,164.3846154
Kaduna,01/09/2021,2021,September,166.6666667
Kaduna,01/10/2021,2021,October,170.1
Kaduna,01/11/2021,2021,November,169.6363636
Kaduna,01/12/2021,2021,December,164.9230769
Kaduna,01/01/2022,2022,January,165.5333333
Kaduna,01/02/2022,2022,February,189.0909091
Kaduna,01/03/2022,2022,March,208.6
Kaduna,01/04/2022,2022,April,197.51
Kaduna,01/05/2022,2022,May,183.25
Kaduna,01/06/2022,2022,June,190.8
Kaduna,01/07/2022,2022,July,193
Kaduna,01/08/2022,2022,August,210.9375
Kaduna,01/09/2022,2022,September,199.62
Kaduna,01/10/2022,2022,October,189.2307692
Kaduna,01/11/2022,2022,November,198.5
Kaduna,01/12/2022,2022,December,207
Kaduna,01/01/2023,2023,January,281.0714286
Kaduna,01/02/2023,2023,February,305.6666667
Kaduna,01/03/2023,2023,March,288.9285714
Kaduna,01/04/2023,2023,April,262.3076923
Kaduna,01/05/2023,2023,May,280
Kaduna,01/06/2023,2023,June,549.5294118
Kaduna,01/07/2023,2023,July,626.75
Kaduna,01/08/2023,2023,August,622.4705882
Kaduna,01/09/2023,2023,September,620.4
Kaduna,01/10/2023,2023,October,642.8571429
Kaduna,01/11/2023,2023,November,620.2941176
Kaduna,01/12/2023,2023,December,673.6666667
Kaduna,01/01/2024,2024,January,640
Kaduna,01/02/2024,2024,February,678.4166667
Kaduna,01/03/2024,2024,March,683.9285714
Kaduna,01/04/2024,2024,April,699.6428571
Kebbi,01/01/2016,2016,January,117.1
Kebbi,01/02/2016,2016,February,111.8
Kebbi,01/03/2016,2016,March,139.8
Kebbi,01/04/2016,2016,April,165.2
Kebbi,01/05/2016,2016,May,147.3
Kebbi,01/06/2016,2016,June,151
Kebbi,01/07/2016,2016,July,152.8
Kebbi,01/08/2016,2016,August,153.2
Kebbi,01/09/2016,2016,September,148
Kebbi,01/10/2016,2016,October,146.6
Kebbi,01/11/2016,2016,November,149.3
Kebbi,01/12/2016,2016,December,151.5
Kebbi,01/01/2017,2017,January,146.9
Kebbi,01/02/2017,2017,February,154.4117647
Kebbi,01/03/2017,2017,March,153.8235294
Kebbi,01/04/2017,2017,April,160.5
Kebbi,01/05/2017,2017,May,157.9473684
Kebbi,01/06/2017,2017,June,157.0588235
Kebbi,01/07/2017,2017,July,145
Kebbi,01/08/2017,2017,August,145
Kebbi,01/09/2017,2017,September,145.6111111
Kebbi,01/10/2017,2017,October,148.55
Kebbi,01/11/2017,2017,November,145
Kebbi,01/12/2017,2017,December,210.0769231
Kebbi,01/01/2018,2018,January,181.3333333
Kebbi,01/02/2018,2018,February,200.25
Kebbi,01/03/2018,2018,March,177.65
Kebbi,01/04/2018,2018,April,163.71
Kebbi,01/05/2018,2018,May,152.22
Kebbi,01/06/2018,2018,June,158.2352941
Kebbi,01/07/2018,2018,July,148.4166667
Kebbi,01/08/2018,2018,August,152.9444444
Kebbi,01/09/2018,2018,September,150
Kebbi,01/10/2018,2018,October,155.2352941
Kebbi,01/11/2018,2018,November,158.2352941
Kebbi,01/12/2018,2018,December,146.1538462
Kebbi,01/01/2019,2019,January,146
Kebbi,01/02/2019,2019,February,145.5555556
Kebbi,01/03/2019,2019,March,146.75
Kebbi,01/04/2019,2019,April,147.0714286
Kebbi,01/05/2019,2019,May,146
Kebbi,01/06/2019,2019,June,146.4285714
Kebbi,01/07/2019,2019,July,145
Kebbi,01/08/2019,2019,August,145.21
Kebbi,01/09/2019,2019,September,146.625
Kebbi,01/10/2019,2019,October,146.2142857
Kebbi,01/11/2019,2019,November,148.2352941
Kebbi,01/12/2019,2019,December,147.6923077
Kebbi,01/01/2020,2020,January,145.78
Kebbi,01/02/2020,2020,February,145.7333333
Kebbi,01/03/2020,2020,March,145
Kebbi,01/04/2020,2020,April,129.1176471
Kebbi,01/05/2020,2020,May,128.7692308
Kebbi,01/06/2020,2020,June,130.6
Kebbi,01/07/2020,2020,July,144.25
Kebbi,01/08/2020,2020,August,153.6470588
Kebbi,01/09/2020,2020,September,158.6470588
Kebbi,01/10/2020,2020,October,166.5
Kebbi,01/11/2020,2020,November,174.4615385
Kebbi,01/12/2020,2020,December,169.9166667
Kebbi,01/01/2021,2021,January,163.6428571
Kebbi,01/02/2021,2021,February,173.0714286
Kebbi,01/03/2021,2021,March,170.4444444
Kebbi,01/04/2021,2021,April,169.5833333
Kebbi,01/05/2021,2021,May,165
Kebbi,01/06/2021,2021,June,165.026
Kebbi,01/07/2021,2021,July,165.024
Kebbi,01/08/2021,2021,August,163
Kebbi,01/09/2021,2021,September,166.5
Kebbi,01/10/2021,2021,October,165.22
Kebbi,01/11/2021,2021,November,165.6
Kebbi,01/12/2021,2021,December,164.4
Kebbi,01/01/2022,2022,January,176.1111111
Kebbi,01/02/2022,2022,February,180
Kebbi,01/03/2022,2022,March,194.1666667
Kebbi,01/04/2022,2022,April,169.06
Kebbi,01/05/2022,2022,May,170
Kebbi,01/06/2022,2022,June,165.3333333
Kebbi,01/07/2022,2022,July,200.1111111
Kebbi,01/08/2022,2022,August,205.1428571
Kebbi,01/09/2022,2022,September,203.08
Kebbi,01/10/2022,2022,October,211
Kebbi,01/11/2022,2022,November,208
Kebbi,01/12/2022,2022,December,211.9230769
Kebbi,01/01/2023,2023,January,270.875
Kebbi,01/02/2023,2023,February,278.1818182
Kebbi,01/03/2023,2023,March,261.1666667
Kebbi,01/04/2023,2023,April,247.2
Kebbi,01/05/2023,2023,May,286.4
Kebbi,01/06/2023,2023,June,545.5555556
Kebbi,01/07/2023,2023,July,628.75
Kebbi,01/08/2023,2023,August,621.875
Kebbi,01/09/2023,2023,September,625.1111111
Kebbi,01/10/2023,2023,October,628.3333333
Kebbi,01/11/2023,2023,November,691
Kebbi,01/12/2023,2023,December,715.625
Kebbi,01/01/2024,2024,January,796.6666667
Kebbi,01/02/2024,2024,February,746.6666667
Kebbi,01/03/2024,2024,March,727.2
Kebbi,01/04/2024,2024,April,722.8571429
Kano,01/01/2016,2016,January,99.1
Kano,01/02/2016,2016,February,90.4
Kano,01/03/2016,2016,March,124.3
Kano,01/04/2016,2016,April,165.1
Kano,01/05/2016,2016,May,145
Kano,01/06/2016,2016,June,145
Kano,01/07/2016,2016,July,144.6
Kano,01/08/2016,2016,August,145
Kano,01/09/2016,2016,September,145
Kano,01/10/2016,2016,October,146
Kano,01/11/2016,2016,November,145.6
Kano,01/12/2016,2016,December,148.5
Kano,01/01/2017,2017,January,145.8
Kano,01/02/2017,2017,February,145
Kano,01/03/2017,2017,March,145
Kano,01/04/2017,2017,April,147.9166667
Kano,01/05/2017,2017,May,145.4166667
Kano,01/06/2017,2017,June,145.2666667
Kano,01/07/2017,2017,July,145
Kano,01/08/2017,2017,August,144.2307692
Kano,01/09/2017,2017,September,144.6428571
Kano,01/10/2017,2017,October,144.2666667
Kano,01/11/2017,2017,November,144.93
Kano,01/12/2017,2017,December,165
Kano,01/01/2018,2018,January,182.1428571
Kano,01/02/2018,2018,February,155
Kano,01/03/2018,2018,March,147.19
Kano,01/04/2018,2018,April,145.16
Kano,01/05/2018,2018,May,144.87
Kano,01/06/2018,2018,June,145.7857143
Kano,01/07/2018,2018,July,144.7777778
Kano,01/08/2018,2018,August,144.8888889
Kano,01/09/2018,2018,September,144.8666667
Kano,01/10/2018,2018,October,145.7857143
Kano,01/11/2018,2018,November,147.7857143
Kano,01/12/2018,2018,December,144.8666667
Kano,01/01/2019,2019,January,145
Kano,01/02/2019,2019,February,145
Kano,01/03/2019,2019,March,145.21
Kano,01/04/2019,2019,April,145.3529412
Kano,01/05/2019,2019,May,145.3529412
Kano,01/06/2019,2019,June,145.3529412
Kano,01/07/2019,2019,July,145.3529412
Kano,01/08/2019,2019,August,145.35
Kano,01/09/2019,2019,September,144.8571429
Kano,01/10/2019,2019,October,145.3529412
Kano,01/11/2019,2019,November,145.7857143
Kano,01/12/2019,2019,December,144.8666667
Kano,01/01/2020,2020,January,144.38
Kano,01/02/2020,2020,February,145.8571429
Kano,01/03/2020,2020,March,145.1875
Kano,01/04/2020,2020,April,135.625
Kano,01/05/2020,2020,May,134.25
Kano,01/06/2020,2020,June,125.5333333
Kano,01/07/2020,2020,July,143.75
Kano,01/08/2020,2020,August,148.9230769
Kano,01/09/2020,2020,September,158.9230769
Kano,01/10/2020,2020,October,160.8571429
Kano,01/11/2020,2020,November,167.7058824
Kano,01/12/2020,2020,December,168.7692308
Kano,01/01/2021,2021,January,163.9090909
Kano,01/02/2021,2021,February,168.7692308
Kano,01/03/2021,2021,March,166.3636364
Kano,01/04/2021,2021,April,177
Kano,01/05/2021,2021,May,167.5555556
Kano,01/06/2021,2021,June,164.2727273
Kano,01/07/2021,2021,July,164.875
Kano,01/08/2021,2021,August,158.75
Kano,01/09/2021,2021,September,164.4
Kano,01/10/2021,2021,October,168.8666667
Kano,01/11/2021,2021,November,168.3076923
Kano,01/12/2021,2021,December,163.5714286
Kano,01/01/2022,2022,January,171.6666667
Kano,01/02/2022,2022,February,175.5555556
Kano,01/03/2022,2022,March,181.6666667
Kano,01/04/2022,2022,April,169.75
Kano,01/05/2022,2022,May,175
Kano,01/06/2022,2022,June,183.5714286
Kano,01/07/2022,2022,July,196.7142857
Kano,01/08/2022,2022,August,200.2857143
Kano,01/09/2022,2022,September,207.5
Kano,01/10/2022,2022,October,210.1428571
Kano,01/11/2022,2022,November,205.0833333
Kano,01/12/2022,2022,December,203.3333333
Kano,01/01/2023,2023,January,286.3636364
Kano,01/02/2023,2023,February,275.5
Kano,01/03/2023,2023,March,290.4166667
Kano,01/04/2023,2023,April,273.3333333
Kano,01/05/2023,2023,May,229.3157895
Kano,01/06/2023,2023,June,561.8181818
Kano,01/07/2023,2023,July,621.5454545
Kano,01/08/2023,2023,August,627
Kano,01/09/2023,2023,September,625
Kano,01/10/2023,2023,October,642.7272727
Kano,01/11/2023,2023,November,668.6363636
Kano,01/12/2023,2023,December,602.7777778
Kano,01/01/2024,2024,January,678.2666667
Kano,01/02/2024,2024,February,675
Kano,01/03/2024,2024,March,685.7142857
Kano,01/04/2024,2024,April,700
Kogi,01/01/2016,2016,January,127.1
Kogi,01/02/2016,2016,February,111.3
Kogi,01/03/2016,2016,March,148.5
Kogi,01/04/2016,2016,April,182
Kogi,01/05/2016,2016,May,148.5
Kogi,01/06/2016,2016,June,148.9
Kogi,01/07/2016,2016,July,146
Kogi,01/08/2016,2016,August,155
Kogi,01/09/2016,2016,September,150.4
Kogi,01/10/2016,2016,October,147.3
Kogi,01/11/2016,2016,November,146.5
Kogi,01/12/2016,2016,December,150
Kogi,01/01/2017,2017,January,144.7
Kogi,01/02/2017,2017,February,152
Kogi,01/03/2017,2017,March,154
Kogi,01/04/2017,2017,April,146.5
Kogi,01/05/2017,2017,May,148.8888889
Kogi,01/06/2017,2017,June,148.9285714
Kogi,01/07/2017,2017,July,146.6666667
Kogi,01/08/2017,2017,August,144.6428571
Kogi,01/09/2017,2017,September,144.625
Kogi,01/10/2017,2017,October,146.6666667
Kogi,01/11/2017,2017,November,145
Kogi,01/12/2017,2017,December,200
Kogi,01/01/2018,2018,January,152.8333333
Kogi,01/02/2018,2018,February,194.8125
Kogi,01/03/2018,2018,March,163.33
Kogi,01/04/2018,2018,April,160.79
Kogi,01/05/2018,2018,May,159.17
Kogi,01/06/2018,2018,June,150.9090909
Kogi,01/07/2018,2018,July,148.8888889
Kogi,01/08/2018,2018,August,150.1333333
Kogi,01/09/2018,2018,September,147.1538462
Kogi,01/10/2018,2018,October,148.3333333
Kogi,01/11/2018,2018,November,147.8571429
Kogi,01/12/2018,2018,December,146.6666667
Kogi,01/01/2019,2019,January,145.8235294
Kogi,01/02/2019,2019,February,145.5
Kogi,01/03/2019,2019,March,146.09
Kogi,01/04/2019,2019,April,147.875
Kogi,01/05/2019,2019,May,146
Kogi,01/06/2019,2019,June,147.9090909
Kogi,01/07/2019,2019,July,143
Kogi,01/08/2019,2019,August,146.75
Kogi,01/09/2019,2019,September,145
Kogi,01/10/2019,2019,October,145.4444444
Kogi,01/11/2019,2019,November,145.1818182
Kogi,01/12/2019,2019,December,147.0833333
Kogi,01/01/2020,2020,January,145.91
Kogi,01/02/2020,2020,February,145.1875
Kogi,01/03/2020,2020,March,145.2222222
Kogi,01/04/2020,2020,April,135.2222222
Kogi,01/05/2020,2020,May,133.0714286
Kogi,01/06/2020,2020,June,135.375
Kogi,01/07/2020,2020,July,143.2222222
Kogi,01/08/2020,2020,August,146.375
Kogi,01/09/2020,2020,September,165.7142857
Kogi,01/10/2020,2020,October,162.8571429
Kogi,01/11/2020,2020,November,165.1538462
Kogi,01/12/2020,2020,December,167.2142857
Kogi,01/01/2021,2021,January,164.5
Kogi,01/02/2021,2021,February,175.8181818
Kogi,01/03/2021,2021,March,182.3846154
Kogi,01/04/2021,2021,April,168
Kogi,01/05/2021,2021,May,168.9166667
Kogi,01/06/2021,2021,June,163
Kogi,01/07/2021,2021,July,167.6363636
Kogi,01/08/2021,2021,August,164.375
Kogi,01/09/2021,2021,September,165.3421053
Kogi,01/10/2021,2021,October,163.6153846
Kogi,01/11/2021,2021,November,170.1666667
Kogi,01/12/2021,2021,December,168.9166667
Kogi,01/01/2022,2022,January,167.54
Kogi,01/02/2022,2022,February,167.875
Kogi,01/03/2022,2022,March,168.9166667
Kogi,01/04/2022,2022,April,202.94
Kogi,01/05/2022,2022,May,168
Kogi,01/06/2022,2022,June,168.3
Kogi,01/07/2022,2022,July,205.2352941
Kogi,01/08/2022,2022,August,202.0909091
Kogi,01/09/2022,2022,September,194.29
Kogi,01/10/2022,2022,October,204.3333333
Kogi,01/11/2022,2022,November,212.3846154
Kogi,01/12/2022,2022,December,216
Kogi,01/01/2023,2023,January,236.5384615
Kogi,01/02/2023,2023,February,236.5384615
Kogi,01/03/2023,2023,March,210
Kogi,01/04/2023,2023,April,206.1111111
Kogi,01/05/2023,2023,May,220.3846154
Kogi,01/06/2023,2023,June,550.8333333
Kogi,01/07/2023,2023,July,549.0909091
Kogi,01/08/2023,2023,August,632.1111111
Kogi,01/09/2023,2023,September,629.4444444
Kogi,01/10/2023,2023,October,640
Kogi,01/11/2023,2023,November,649.1666667
Kogi,01/12/2023,2023,December,660.9090909
Kogi,01/01/2024,2024,January,626.787037
Kogi,01/02/2024,2024,February,675.5
Kogi,01/03/2024,2024,March,690.59375
Kogi,01/04/2024,2024,April,797.7777778
Katsina,01/01/2016,2016,January,95.5
Katsina,01/02/2016,2016,February,88
Katsina,01/03/2016,2016,March,155.6
Katsina,01/04/2016,2016,April,129.4
Katsina,01/05/2016,2016,May,148.4
Katsina,01/06/2016,2016,June,144.9
Katsina,01/07/2016,2016,July,144.8
Katsina,01/08/2016,2016,August,144.5
Katsina,01/09/2016,2016,September,144.7
Katsina,01/10/2016,2016,October,144.8
Katsina,01/11/2016,2016,November,143.8
Katsina,01/12/2016,2016,December,145.5
Katsina,01/01/2017,2017,January,147.8
Katsina,01/02/2017,2017,February,145.625
Katsina,01/03/2017,2017,March,145.9090909
Katsina,01/04/2017,2017,April,145.7692308
Katsina,01/05/2017,2017,May,145
Katsina,01/06/2017,2017,June,150.3333333
Katsina,01/07/2017,2017,July,145
Katsina,01/08/2017,2017,August,144.3846154
Katsina,01/09/2017,2017,September,144.0833333
Katsina,01/10/2017,2017,October,143.7272727
Katsina,01/11/2017,2017,November,144.08
Katsina,01/12/2017,2017,December,160
Katsina,01/01/2018,2018,January,209.3181818
Katsina,01/02/2018,2018,February,160.1538462
Katsina,01/03/2018,2018,March,156.67
Katsina,01/04/2018,2018,April,147.83
Katsina,01/05/2018,2018,May,144.82
Katsina,01/06/2018,2018,June,144.9454545
Katsina,01/07/2018,2018,July,144
Katsina,01/08/2018,2018,August,144.0769231
Katsina,01/09/2018,2018,September,143.625
Katsina,01/10/2018,2018,October,144.4545455
Katsina,01/11/2018,2018,November,144.4545455
Katsina,01/12/2018,2018,December,144.3076923
Katsina,01/01/2019,2019,January,145
Katsina,01/02/2019,2019,February,145
Katsina,01/03/2019,2019,March,145.23
Katsina,01/04/2019,2019,April,143.5
Katsina,01/05/2019,2019,May,142.5
Katsina,01/06/2019,2019,June,144.125
Katsina,01/07/2019,2019,July,142.5
Katsina,01/08/2019,2019,August,142.5
Katsina,01/09/2019,2019,September,145.5
Katsina,01/10/2019,2019,October,145
Katsina,01/11/2019,2019,November,144.4545455
Katsina,01/12/2019,2019,December,144.2307692
Katsina,01/01/2020,2020,January,144
Katsina,01/02/2020,2020,February,145.0347826
Katsina,01/03/2020,2020,March,145.4166667
Katsina,01/04/2020,2020,April,136.25
Katsina,01/05/2020,2020,May,132.6086957
Katsina,01/06/2020,2020,June,135.1818182
Katsina,01/07/2020,2020,July,144.1130435
Katsina,01/08/2020,2020,August,146.4
Katsina,01/09/2020,2020,September,156.4
Katsina,01/10/2020,2020,October,160.25
Katsina,01/11/2020,2020,November,166.2
Katsina,01/12/2020,2020,December,160.25
Katsina,01/01/2021,2021,January,163.25
Katsina,01/02/2021,2021,February,163.25
Katsina,01/03/2021,2021,March,166
Katsina,01/04/2021,2021,April,156.6
Katsina,01/05/2021,2021,May,162.8571429
Katsina,01/06/2021,2021,June,160.8571429
Katsina,01/07/2021,2021,July,164
Katsina,01/08/2021,2021,August,162.5
Katsina,01/09/2021,2021,September,167
Katsina,01/10/2021,2021,October,164.2857143
Katsina,01/11/2021,2021,November,163.2222222
Katsina,01/12/2021,2021,December,165
Katsina,01/01/2022,2022,January,165.3076923
Katsina,01/02/2022,2022,February,166.9
Katsina,01/03/2022,2022,March,170.1428571
Katsina,01/04/2022,2022,April,190.36
Katsina,01/05/2022,2022,May,178.0769231
Katsina,01/06/2022,2022,June,180.7
Katsina,01/07/2022,2022,July,186.75
Katsina,01/08/2022,2022,August,190.5555556
Katsina,01/09/2022,2022,September,192.03
Katsina,01/10/2022,2022,October,195.5172414
Katsina,01/11/2022,2022,November,198.1818182
Katsina,01/12/2022,2022,December,200.3333333
Katsina,01/01/2023,2023,January,246.1111111
Katsina,01/02/2023,2023,February,280.375
Katsina,01/03/2023,2023,March,306.25
Katsina,01/04/2023,2023,April,295.44
Katsina,01/05/2023,2023,May,254.2857143
Katsina,01/06/2023,2023,June,546.6666667
Katsina,01/07/2023,2023,July,604.5454545
Katsina,01/08/2023,2023,August,619.1
Katsina,01/09/2023,2023,September,626.75
Katsina,01/10/2023,2023,October,639.8181818
Katsina,01/11/2023,2023,November,667.1428571
Katsina,01/12/2023,2023,December,665
Katsina,01/01/2024,2024,January,680.4
Katsina,01/02/2024,2024,February,680
Katsina,01/03/2024,2024,March,694.1666667
Katsina,01/04/2024,2024,April,697.7272727
Kwara,01/01/2016,2016,January,112.6
Kwara,01/02/2016,2016,February,98.8
Kwara,01/03/2016,2016,March,134.3
Kwara,01/04/2016,2016,April,189.6
Kwara,01/05/2016,2016,May,156.7
Kwara,01/06/2016,2016,June,151.9
Kwara,01/07/2016,2016,July,148.8
Kwara,01/08/2016,2016,August,145
Kwara,01/09/2016,2016,September,146.5
Kwara,01/10/2016,2016,October,145
Kwara,01/11/2016,2016,November,149.1
Kwara,01/12/2016,2016,December,151.6
Kwara,01/01/2017,2017,January,145.2
Kwara,01/02/2017,2017,February,145.7142857
Kwara,01/03/2017,2017,March,145
Kwara,01/04/2017,2017,April,148.75
Kwara,01/05/2017,2017,May,153
Kwara,01/06/2017,2017,June,145.4545455
Kwara,01/07/2017,2017,July,145.8571429
Kwara,01/08/2017,2017,August,145
Kwara,01/09/2017,2017,September,144.1
Kwara,01/10/2017,2017,October,145.75
Kwara,01/11/2017,2017,November,145
Kwara,01/12/2017,2017,December,170
Kwara,01/01/2018,2018,January,206.1764706
Kwara,01/02/2018,2018,February,156.25
Kwara,01/03/2018,2018,March,160
Kwara,01/04/2018,2018,April,145
Kwara,01/05/2018,2018,May,145.73
Kwara,01/06/2018,2018,June,145.8333333
Kwara,01/07/2018,2018,July,147.2222222
Kwara,01/08/2018,2018,August,152.8571429
Kwara,01/09/2018,2018,September,145.7142857
Kwara,01/10/2018,2018,October,150.8888889
Kwara,01/11/2018,2018,November,145.3333333
Kwara,01/12/2018,2018,December,146.1111111
Kwara,01/01/2019,2019,January,145.6190476
Kwara,01/02/2019,2019,February,145.3809524
Kwara,01/03/2019,2019,March,144.78
Kwara,01/04/2019,2019,April,146.8571429
Kwara,01/05/2019,2019,May,146.1428571
Kwara,01/06/2019,2019,June,146
Kwara,01/07/2019,2019,July,146.6666667
Kwara,01/08/2019,2019,August,146.66
Kwara,01/09/2019,2019,September,146.6666667
Kwara,01/10/2019,2019,October,146.1428571
Kwara,01/11/2019,2019,November,146
Kwara,01/12/2019,2019,December,145.25
Kwara,01/01/2020,2020,January,145.67
Kwara,01/02/2020,2020,February,144.825
Kwara,01/03/2020,2020,March,145.25
Kwara,01/04/2020,2020,April,125
Kwara,01/05/2020,2020,May,124.875
Kwara,01/06/2020,2020,June,123.8571429
Kwara,01/07/2020,2020,July,140.5
Kwara,01/08/2020,2020,August,149.5
Kwara,01/09/2020,2020,September,164.8
Kwara,01/10/2020,2020,October,162.5
Kwara,01/11/2020,2020,November,172.3333333
Kwara,01/12/2020,2020,December,172.4285714
Kwara,01/01/2021,2021,January,164
Kwara,01/02/2021,2021,February,166.1428571
Kwara,01/03/2021,2021,March,173.7142857
Kwara,01/04/2021,2021,April,168.75
Kwara,01/05/2021,2021,May,166.4444444
Kwara,01/06/2021,2021,June,168.125
Kwara,01/07/2021,2021,July,170.5555556
Kwara,01/08/2021,2021,August,164.4
Kwara,01/09/2021,2021,September,160.8333333
Kwara,01/10/2021,2021,October,160
Kwara,01/11/2021,2021,November,166.4285714
Kwara,01/12/2021,2021,December,165
Kwara,01/01/2022,2022,January,164.53
Kwara,01/02/2022,2022,February,165.7222222
Kwara,01/03/2022,2022,March,165.95
Kwara,01/04/2022,2022,April,171.56
Kwara,01/05/2022,2022,May,169.2857143
Kwara,01/06/2022,2022,June,166.25
Kwara,01/07/2022,2022,July,185
Kwara,01/08/2022,2022,August,189
Kwara,01/09/2022,2022,September,188.85
Kwara,01/10/2022,2022,October,189
Kwara,01/11/2022,2022,November,217.1428571
Kwara,01/12/2022,2022,December,216.3636364
Kwara,01/01/2023,2023,January,229.375
Kwara,01/02/2023,2023,February,265.4166667
Kwara,01/03/2023,2023,March,215
Kwara,01/04/2023,2023,April,212
Kwara,01/05/2023,2023,May,212.5
Kwara,01/06/2023,2023,June,540
Kwara,01/07/2023,2023,July,535.4444444
Kwara,01/08/2023,2023,August,618
Kwara,01/09/2023,2023,September,618.55
Kwara,01/10/2023,2023,October,624.2857143
Kwara,01/11/2023,2023,November,642.5
Kwara,01/12/2023,2023,December,650.625
Kwara,01/01/2024,2024,January,614.9008598
Kwara,01/02/2024,2024,February,650
Kwara,01/03/2024,2024,March,665.6818182
Kwara,01/04/2024,2024,April,650
Lagos,01/01/2016,2016,January,91.1
Lagos,01/02/2016,2016,February,87
Lagos,01/03/2016,2016,March,90.1
Lagos,01/04/2016,2016,April,92.6
Lagos,01/05/2016,2016,May,144.8
Lagos,01/06/2016,2016,June,145
Lagos,01/07/2016,2016,July,145
Lagos,01/08/2016,2016,August,145
Lagos,01/09/2016,2016,September,144.3
Lagos,01/10/2016,2016,October,144.9
Lagos,01/11/2016,2016,November,144.3
Lagos,01/12/2016,2016,December,144.3
Lagos,01/01/2017,2017,January,152.1
Lagos,01/02/2017,2017,February,144.8823529
Lagos,01/03/2017,2017,March,147.5
Lagos,01/04/2017,2017,April,147.9411765
Lagos,01/05/2017,2017,May,145
Lagos,01/06/2017,2017,June,145.65
Lagos,01/07/2017,2017,July,145.34
Lagos,01/08/2017,2017,August,143.3333333
Lagos,01/09/2017,2017,September,143.1842105
Lagos,01/10/2017,2017,October,144.3333333
Lagos,01/11/2017,2017,November,144.33
Lagos,01/12/2017,2017,December,149.8666667
Lagos,01/01/2018,2018,January,161.4285714
Lagos,01/02/2018,2018,February,145
Lagos,01/03/2018,2018,March,155.25
Lagos,01/04/2018,2018,April,148.1
Lagos,01/05/2018,2018,May,145.81
Lagos,01/06/2018,2018,June,144.9090909
Lagos,01/07/2018,2018,July,145.8148148
Lagos,01/08/2018,2018,August,145
Lagos,01/09/2018,2018,September,147.375
Lagos,01/10/2018,2018,October,145
Lagos,01/11/2018,2018,November,145.0526316
Lagos,01/12/2018,2018,December,145
Lagos,01/01/2019,2019,January,144.8666667
Lagos,01/02/2019,2019,February,144.875
Lagos,01/03/2019,2019,March,145
Lagos,01/04/2019,2019,April,145
Lagos,01/05/2019,2019,May,144.9047619
Lagos,01/06/2019,2019,June,145.25
Lagos,01/07/2019,2019,July,144.6111111
Lagos,01/08/2019,2019,August,145
Lagos,01/09/2019,2019,September,145.0526316
Lagos,01/10/2019,2019,October,145
Lagos,01/11/2019,2019,November,145.7777778
Lagos,01/12/2019,2019,December,145
Lagos,01/01/2020,2020,January,145.23
Lagos,01/02/2020,2020,February,144.7272727
Lagos,01/03/2020,2020,March,144.8666667
Lagos,01/04/2020,2020,April,125.8666667
Lagos,01/05/2020,2020,May,125.2857143
Lagos,01/06/2020,2020,June,127.0526316
Lagos,01/07/2020,2020,July,143
Lagos,01/08/2020,2020,August,148.9644444
Lagos,01/09/2020,2020,September,159.452381
Lagos,01/10/2020,2020,October,159.8823529
Lagos,01/11/2020,2020,November,165.4210526
Lagos,01/12/2020,2020,December,163.2472222
Lagos,01/01/2021,2021,January,160.7452941
Lagos,01/02/2021,2021,February,164
Lagos,01/03/2021,2021,March,200.8695652
Lagos,01/04/2021,2021,April,165.55
Lagos,01/05/2021,2021,May,186.2647059
Lagos,01/06/2021,2021,June,165.35
Lagos,01/07/2021,2021,July,164.075
Lagos,01/08/2021,2021,August,168.3125
Lagos,01/09/2021,2021,September,162.6805556
Lagos,01/10/2021,2021,October,162.6666667
Lagos,01/11/2021,2021,November,170.8421053
Lagos,01/12/2021,2021,December,163.7222222
Lagos,01/01/2022,2022,January,163.2631579
Lagos,01/02/2022,2022,February,168.15625
Lagos,01/03/2022,2022,March,172.59375
Lagos,01/04/2022,2022,April,165.25
Lagos,01/05/2022,2022,May,168.2352941
Lagos,01/06/2022,2022,June,171.75
Lagos,01/07/2022,2022,July,202.7777778
Lagos,01/08/2022,2022,August,190
Lagos,01/09/2022,2022,September,197.14
Lagos,01/10/2022,2022,October,200.5
Lagos,01/11/2022,2022,November,205.0114286
Lagos,01/12/2022,2022,December,206.1111111
Lagos,01/01/2023,2023,January,245.4285714
Lagos,01/02/2023,2023,February,305.625
Lagos,01/03/2023,2023,March,212.75
Lagos,01/04/2023,2023,April,207.7142857
Lagos,01/05/2023,2023,May,213.8888889
Lagos,01/06/2023,2023,June,538.1333333
Lagos,01/07/2023,2023,July,615.1
Lagos,01/08/2023,2023,August,620.6875
Lagos,01/09/2023,2023,September,624.8888889
Lagos,01/10/2023,2023,October,590.95
Lagos,01/11/2023,2023,November,623.1176471
Lagos,01/12/2023,2023,December,612.7222222
Lagos,01/01/2024,2024,January,663.0495356
Lagos,01/02/2024,2024,February,654.2307692
Lagos,01/03/2024,2024,March,630.75
Lagos,01/04/2024,2024,April,602.55
Nassarawa,01/01/2016,2016,January,120.5
Nassarawa,01/02/2016,2016,February,99.1
Nassarawa,01/03/2016,2016,March,166.7
Nassarawa,01/04/2016,2016,April,172
Nassarawa,01/05/2016,2016,May,160.6
Nassarawa,01/06/2016,2016,June,151.7
Nassarawa,01/07/2016,2016,July,155.4
Nassarawa,01/08/2016,2016,August,154.4
Nassarawa,01/09/2016,2016,September,147
Nassarawa,01/10/2016,2016,October,148.5
Nassarawa,01/11/2016,2016,November,148.6
Nassarawa,01/12/2016,2016,December,150
Nassarawa,01/01/2017,2017,January,145.1
Nassarawa,01/02/2017,2017,February,147
Nassarawa,01/03/2017,2017,March,145.9272727
Nassarawa,01/04/2017,2017,April,149.6666667
Nassarawa,01/05/2017,2017,May,148.0714286
Nassarawa,01/06/2017,2017,June,146.0714286
Nassarawa,01/07/2017,2017,July,149.375
Nassarawa,01/08/2017,2017,August,143
Nassarawa,01/09/2017,2017,September,145
Nassarawa,01/10/2017,2017,October,145.6666667
Nassarawa,01/11/2017,2017,November,144
Nassarawa,01/12/2017,2017,December,180
Nassarawa,01/01/2018,2018,January,168.125
Nassarawa,01/02/2018,2018,February,150.1666667
Nassarawa,01/03/2018,2018,March,165.53
Nassarawa,01/04/2018,2018,April,145.92
Nassarawa,01/05/2018,2018,May,145.25
Nassarawa,01/06/2018,2018,June,145.1428571
Nassarawa,01/07/2018,2018,July,145.7142857
Nassarawa,01/08/2018,2018,August,146.2307692
Nassarawa,01/09/2018,2018,September,147.1428571
Nassarawa,01/10/2018,2018,October,145.7857143
Nassarawa,01/11/2018,2018,November,147.8666667
Nassarawa,01/12/2018,2018,December,145.3571429
Nassarawa,01/01/2019,2019,January,145
Nassarawa,01/02/2019,2019,February,145.2631579
Nassarawa,01/03/2019,2019,March,146.33
Nassarawa,01/04/2019,2019,April,146.8333333
Nassarawa,01/05/2019,2019,May,145.4615385
Nassarawa,01/06/2019,2019,June,145.0909091
Nassarawa,01/07/2019,2019,July,145.25
Nassarawa,01/08/2019,2019,August,145.25
Nassarawa,01/09/2019,2019,September,145.25
Nassarawa,01/10/2019,2019,October,145.5
Nassarawa,01/11/2019,2019,November,145.4615385
Nassarawa,01/12/2019,2019,December,145.0769231
Nassarawa,01/01/2020,2020,January,145.67
Nassarawa,01/02/2020,2020,February,145.0909091
Nassarawa,01/03/2020,2020,March,145.2307692
Nassarawa,01/04/2020,2020,April,127
Nassarawa,01/05/2020,2020,May,126.2666667
Nassarawa,01/06/2020,2020,June,126.1666667
Nassarawa,01/07/2020,2020,July,143.4285714
Nassarawa,01/08/2020,2020,August,150.6
Nassarawa,01/09/2020,2020,September,158.9230769
Nassarawa,01/10/2020,2020,October,160.2142857
Nassarawa,01/11/2020,2020,November,165.4285714
Nassarawa,01/12/2020,2020,December,166.25
Nassarawa,01/01/2021,2021,January,164.25
Nassarawa,01/02/2021,2021,February,163.0769231
Nassarawa,01/03/2021,2021,March,170.4166667
Nassarawa,01/04/2021,2021,April,164.8461538
Nassarawa,01/05/2021,2021,May,162.5
Nassarawa,01/06/2021,2021,June,170.3333333
Nassarawa,01/07/2021,2021,July,164
Nassarawa,01/08/2021,2021,August,165
Nassarawa,01/09/2021,2021,September,163.8235294
Nassarawa,01/10/2021,2021,October,170.4545455
Nassarawa,01/11/2021,2021,November,165.8
Nassarawa,01/12/2021,2021,December,167.3636364
Nassarawa,01/01/2022,2022,January,166.08
Nassarawa,01/02/2022,2022,February,165.25
Nassarawa,01/03/2022,2022,March,165.45
Nassarawa,01/04/2022,2022,April,165.29
Nassarawa,01/05/2022,2022,May,168.1818182
Nassarawa,01/06/2022,2022,June,167
Nassarawa,01/07/2022,2022,July,205.5
Nassarawa,01/08/2022,2022,August,197.2142857
Nassarawa,01/09/2022,2022,September,193.21
Nassarawa,01/10/2022,2022,October,195
Nassarawa,01/11/2022,2022,November,210.4166667
Nassarawa,01/12/2022,2022,December,211.2857143
Nassarawa,01/01/2023,2023,January,217.5
Nassarawa,01/02/2023,2023,February,205.9166667
Nassarawa,01/03/2023,2023,March,197.5
Nassarawa,01/04/2023,2023,April,207.5
Nassarawa,01/05/2023,2023,May,220
Nassarawa,01/06/2023,2023,June,540.5833333
Nassarawa,01/07/2023,2023,July,543.5714286
Nassarawa,01/08/2023,2023,August,641
Nassarawa,01/09/2023,2023,September,639.75
Nassarawa,01/10/2023,2023,October,640.1666667
Nassarawa,01/11/2023,2023,November,650
Nassarawa,01/12/2023,2023,December,661.4285714
Nassarawa,01/01/2024,2024,January,629.3194444
Nassarawa,01/02/2024,2024,February,655
Nassarawa,01/03/2024,2024,March,700.3214286
Nassarawa,01/04/2024,2024,April,778.8888889
Niger,01/01/2016,2016,January,112.3
Niger,01/02/2016,2016,February,94
Niger,01/03/2016,2016,March,121.6
Niger,01/04/2016,2016,April,150.9
Niger,01/05/2016,2016,May,145
Niger,01/06/2016,2016,June,145
Niger,01/07/2016,2016,July,145.6
Niger,01/08/2016,2016,August,146.8
Niger,01/09/2016,2016,September,146.3
Niger,01/10/2016,2016,October,145.9
Niger,01/11/2016,2016,November,146.4
Niger,01/12/2016,2016,December,146.7
Niger,01/01/2017,2017,January,147
Niger,01/02/2017,2017,February,145.5
Niger,01/03/2017,2017,March,149.4444444
Niger,01/04/2017,2017,April,147
Niger,01/05/2017,2017,May,145.5555556
Niger,01/06/2017,2017,June,148.7
Niger,01/07/2017,2017,July,148.375
Niger,01/08/2017,2017,August,144.3333333
Niger,01/09/2017,2017,September,144.25
Niger,01/10/2017,2017,October,145
Niger,01/11/2017,2017,November,145.5
Niger,01/12/2017,2017,December,170
Niger,01/01/2018,2018,January,176.1111111
Niger,01/02/2018,2018,February,155
Niger,01/03/2018,2018,March,165.38
Niger,01/04/2018,2018,April,145.56
Niger,01/05/2018,2018,May,145.88
Niger,01/06/2018,2018,June,147.2727273
Niger,01/07/2018,2018,July,147.2727273
Niger,01/08/2018,2018,August,146
Niger,01/09/2018,2018,September,145.7272727
Niger,01/10/2018,2018,October,145.5
Niger,01/11/2018,2018,November,146.8
Niger,01/12/2018,2018,December,147.2727273
Niger,01/01/2019,2019,January,145.375
Niger,01/02/2019,2019,February,145.4285714
Niger,01/03/2019,2019,March,144.92
Niger,01/04/2019,2019,April,145.9090909
Niger,01/05/2019,2019,May,146.1111111
Niger,01/06/2019,2019,June,146.125
Niger,01/07/2019,2019,July,145.8333333
Niger,01/08/2019,2019,August,145.62
Niger,01/09/2019,2019,September,145.8333333
Niger,01/10/2019,2019,October,145.6
Niger,01/11/2019,2019,November,146.3333333
Niger,01/12/2019,2019,December,145.7777778
Niger,01/01/2020,2020,January,146.88
Niger,01/02/2020,2020,February,146.5714286
Niger,01/03/2020,2020,March,146.25
Niger,01/04/2020,2020,April,135
Niger,01/05/2020,2020,May,135.6666667
Niger,01/06/2020,2020,June,133.6363636
Niger,01/07/2020,2020,July,143.0833333
Niger,01/08/2020,2020,August,143.9
Niger,01/09/2020,2020,September,156.5555556
Niger,01/10/2020,2020,October,158.375
Niger,01/11/2020,2020,November,165
Niger,01/12/2020,2020,December,166.375
Niger,01/01/2021,2021,January,162.75
Niger,01/02/2021,2021,February,165.1818182
Niger,01/03/2021,2021,March,183.5
Niger,01/04/2021,2021,April,163.375
Niger,01/05/2021,2021,May,173
Niger,01/06/2021,2021,June,164.75
Niger,01/07/2021,2021,July,163.7142857
Niger,01/08/2021,2021,August,162
Niger,01/09/2021,2021,September,164.8571429
Niger,01/10/2021,2021,October,167.6666667
Niger,01/11/2021,2021,November,165.875
Niger,01/12/2021,2021,December,167.1428571
Niger,01/01/2022,2022,January,169.09
Niger,01/02/2022,2022,February,172.4444444
Niger,01/03/2022,2022,March,170.5
Niger,01/04/2022,2022,April,168.88
Niger,01/05/2022,2022,May,166.3636364
Niger,01/06/2022,2022,June,168
Niger,01/07/2022,2022,July,208
Niger,01/08/2022,2022,August,198.7
Niger,01/09/2022,2022,September,203.22
Niger,01/10/2022,2022,October,202.55
Niger,01/11/2022,2022,November,211.4
Niger,01/12/2022,2022,December,209.0625
Niger,01/01/2023,2023,January,213
Niger,01/02/2023,2023,February,198.5
Niger,01/03/2023,2023,March,198.5
Niger,01/04/2023,2023,April,208
Niger,01/05/2023,2023,May,201.8181818
Niger,01/06/2023,2023,June,545.5555556
Niger,01/07/2023,2023,July,542.1
Niger,01/08/2023,2023,August,634.5555556
Niger,01/09/2023,2023,September,632
Niger,01/10/2023,2023,October,637
Niger,01/11/2023,2023,November,639.2
Niger,01/12/2023,2023,December,659.375
Niger,01/01/2024,2024,January,624.0384259
Niger,01/02/2024,2024,February,653.7
Niger,01/03/2024,2024,March,657.1538462
Niger,01/04/2024,2024,April,633.75
Ogun,01/01/2016,2016,January,92.5
Ogun,01/02/2016,2016,February,86.5
Ogun,01/03/2016,2016,March,115
Ogun,01/04/2016,2016,April,163.5
Ogun,01/05/2016,2016,May,145.9
Ogun,01/06/2016,2016,June,145
Ogun,01/07/2016,2016,July,145.3
Ogun,01/08/2016,2016,August,145
Ogun,01/09/2016,2016,September,144.3
Ogun,01/10/2016,2016,October,145
Ogun,01/11/2016,2016,November,145
Ogun,01/12/2016,2016,December,145.9
Ogun,01/01/2017,2017,January,152
Ogun,01/02/2017,2017,February,145
Ogun,01/03/2017,2017,March,144.875
Ogun,01/04/2017,2017,April,145
Ogun,01/05/2017,2017,May,145
Ogun,01/06/2017,2017,June,145
Ogun,01/07/2017,2017,July,145
Ogun,01/08/2017,2017,August,143.5
Ogun,01/09/2017,2017,September,142.9230769
Ogun,01/10/2017,2017,October,144.5625
Ogun,01/11/2017,2017,November,144.73
Ogun,01/12/2017,2017,December,168
Ogun,01/01/2018,2018,January,203.25
Ogun,01/02/2018,2018,February,147.0588235
Ogun,01/03/2018,2018,March,169.41
Ogun,01/04/2018,2018,April,145.31
Ogun,01/05/2018,2018,May,146.94
Ogun,01/06/2018,2018,June,147.1875
Ogun,01/07/2018,2018,July,147.1875
Ogun,01/08/2018,2018,August,146.1333333
Ogun,01/09/2018,2018,September,148.0526316
Ogun,01/10/2018,2018,October,144.8666667
Ogun,01/11/2018,2018,November,145.0714286
Ogun,01/12/2018,2018,December,145
Ogun,01/01/2019,2019,January,144.4444444
Ogun,01/02/2019,2019,February,143.0555556
Ogun,01/03/2019,2019,March,145
Ogun,01/04/2019,2019,April,145
Ogun,01/05/2019,2019,May,145.1176471
Ogun,01/06/2019,2019,June,145
Ogun,01/07/2019,2019,July,145.6
Ogun,01/08/2019,2019,August,145
Ogun,01/09/2019,2019,September,145.8
Ogun,01/10/2019,2019,October,145
Ogun,01/11/2019,2019,November,145.3846154
Ogun,01/12/2019,2019,December,145
Ogun,01/01/2020,2020,January,145
Ogun,01/02/2020,2020,February,145.0833333
Ogun,01/03/2020,2020,March,144.8181818
Ogun,01/04/2020,2020,April,126.6666667
Ogun,01/05/2020,2020,May,125
Ogun,01/06/2020,2020,June,124.375
Ogun,01/07/2020,2020,July,140.3
Ogun,01/08/2020,2020,August,149.3984615
Ogun,01/09/2020,2020,September,160.9083333
Ogun,01/10/2020,2020,October,160.75
Ogun,01/11/2020,2020,November,167.5454545
Ogun,01/12/2020,2020,December,163.7333333
Ogun,01/01/2021,2021,January,163.78125
Ogun,01/02/2021,2021,February,164.8529412
Ogun,01/03/2021,2021,March,165.53125
Ogun,01/04/2021,2021,April,165.5
Ogun,01/05/2021,2021,May,164.5
Ogun,01/06/2021,2021,June,164.53125
Ogun,01/07/2021,2021,July,164.25
Ogun,01/08/2021,2021,August,164.75
Ogun,01/09/2021,2021,September,164.3846154
Ogun,01/10/2021,2021,October,163.7777778
Ogun,01/11/2021,2021,November,165.25
Ogun,01/12/2021,2021,December,163
Ogun,01/01/2022,2022,January,163.6875
Ogun,01/02/2022,2022,February,166.78125
Ogun,01/03/2022,2022,March,172.8125
Ogun,01/04/2022,2022,April,168.89
Ogun,01/05/2022,2022,May,165
Ogun,01/06/2022,2022,June,165.2
Ogun,01/07/2022,2022,July,185.0769231
Ogun,01/08/2022,2022,August,177.8846154
Ogun,01/09/2022,2022,September,185.71
Ogun,01/10/2022,2022,October,197.5
Ogun,01/11/2022,2022,November,200
Ogun,01/12/2022,2022,December,206.5384615
Ogun,01/01/2023,2023,January,238.1481481
Ogun,01/02/2023,2023,February,280.5714286
Ogun,01/03/2023,2023,March,241.9
Ogun,01/04/2023,2023,April,227.6923077
Ogun,01/05/2023,2023,May,212.6923077
Ogun,01/06/2023,2023,June,540.9090909
Ogun,01/07/2023,2023,July,618.4583333
Ogun,01/08/2023,2023,August,623.0666667
Ogun,01/09/2023,2023,September,625.8421053
Ogun,01/10/2023,2023,October,640.4545455
Ogun,01/11/2023,2023,November,631.3333333
Ogun,01/12/2023,2023,December,776.5384615
Ogun,01/01/2024,2024,January,653.1052632
Ogun,01/02/2024,2024,February,650.8333333
Ogun,01/03/2024,2024,March,651.25
Ogun,01/04/2024,2024,April,647.1428571
Ondo,01/01/2016,2016,January,120.1
Ondo,01/02/2016,2016,February,102.8
Ondo,01/03/2016,2016,March,124.5
Ondo,01/04/2016,2016,April,185.5
Ondo,01/05/2016,2016,May,146.2
Ondo,01/06/2016,2016,June,145.6
Ondo,01/07/2016,2016,July,144.9
Ondo,01/08/2016,2016,August,144.9
Ondo,01/09/2016,2016,September,144.5
Ondo,01/10/2016,2016,October,144.9
Ondo,01/11/2016,2016,November,144.9
Ondo,01/12/2016,2016,December,145
Ondo,01/01/2017,2017,January,155
Ondo,01/02/2017,2017,February,145.1875
Ondo,01/03/2017,2017,March,146.3157895
Ondo,01/04/2017,2017,April,145.2380952
Ondo,01/05/2017,2017,May,145.3125
Ondo,01/06/2017,2017,June,145.2777778
Ondo,01/07/2017,2017,July,145
Ondo,01/08/2017,2017,August,143.3125
Ondo,01/09/2017,2017,September,142.90625
Ondo,01/10/2017,2017,October,145.5882353
Ondo,01/11/2017,2017,November,144.9
Ondo,01/12/2017,2017,December,160
Ondo,01/01/2018,2018,January,219.375
Ondo,01/02/2018,2018,February,187.0454545
Ondo,01/03/2018,2018,March,162.38
Ondo,01/04/2018,2018,April,145.95
Ondo,01/05/2018,2018,May,145.33
Ondo,01/06/2018,2018,June,145.55
Ondo,01/07/2018,2018,July,146.7647059
Ondo,01/08/2018,2018,August,145.7826087
Ondo,01/09/2018,2018,September,145.7272727
Ondo,01/10/2018,2018,October,145.3157895
Ondo,01/11/2018,2018,November,145.15
Ondo,01/12/2018,2018,December,145.8823529
Ondo,01/01/2019,2019,January,144
Ondo,01/02/2019,2019,February,145.625
Ondo,01/03/2019,2019,March,145.18
Ondo,01/04/2019,2019,April,145.5
Ondo,01/05/2019,2019,May,145.1111111
Ondo,01/06/2019,2019,June,145.25
Ondo,01/07/2019,2019,July,146.4736842
Ondo,01/08/2019,2019,August,145.75
Ondo,01/09/2019,2019,September,145.3125
Ondo,01/10/2019,2019,October,145.0526316
Ondo,01/11/2019,2019,November,145.3333333
Ondo,01/12/2019,2019,December,146
Ondo,01/01/2020,2020,January,145.18
Ondo,01/02/2020,2020,February,146
Ondo,01/03/2020,2020,March,145.625
Ondo,01/04/2020,2020,April,125.4166667
Ondo,01/05/2020,2020,May,124.88
Ondo,01/06/2020,2020,June,126.6809524
Ondo,01/07/2020,2020,July,144.2857143
Ondo,01/08/2020,2020,August,149.4285714
Ondo,01/09/2020,2020,September,161
Ondo,01/10/2020,2020,October,159.6153846
Ondo,01/11/2020,2020,November,166.625
Ondo,01/12/2020,2020,December,164.6388889
Ondo,01/01/2021,2021,January,163.1176471
Ondo,01/02/2021,2021,February,163.9411765
Ondo,01/03/2021,2021,March,168.1904762
Ondo,01/04/2021,2021,April,168.4117647
Ondo,01/05/2021,2021,May,166.6875
Ondo,01/06/2021,2021,June,164.3125
Ondo,01/07/2021,2021,July,166.5
Ondo,01/08/2021,2021,August,163.5333333
Ondo,01/09/2021,2021,September,163.7
Ondo,01/10/2021,2021,October,166.2857143
Ondo,01/11/2021,2021,November,167.0666667
Ondo,01/12/2021,2021,December,165.8571429
Ondo,01/01/2022,2022,January,166.2777778
Ondo,01/02/2022,2022,February,167.3333333
Ondo,01/03/2022,2022,March,168.5555556
Ondo,01/04/2022,2022,April,165.42
Ondo,01/05/2022,2022,May,167.3571429
Ondo,01/06/2022,2022,June,180.2142857
Ondo,01/07/2022,2022,July,195
Ondo,01/08/2022,2022,August,188.9333333
Ondo,01/09/2022,2022,September,190.71
Ondo,01/10/2022,2022,October,190.7142857
Ondo,01/11/2022,2022,November,208.125
Ondo,01/12/2022,2022,December,210
Ondo,01/01/2023,2023,January,249.4444444
Ondo,01/02/2023,2023,February,286.875
Ondo,01/03/2023,2023,March,241.3333333
Ondo,01/04/2023,2023,April,231.0625
Ondo,01/05/2023,2023,May,232.75
Ondo,01/06/2023,2023,June,540.2
Ondo,01/07/2023,2023,July,619.65
Ondo,01/08/2023,2023,August,624.4
Ondo,01/09/2023,2023,September,620.1428571
Ondo,01/10/2023,2023,October,614.4705882
Ondo,01/11/2023,2023,November,650.5882353
Ondo,01/12/2023,2023,December,644.0625
Ondo,01/01/2024,2024,January,653.0185759
Ondo,01/02/2024,2024,February,666.25
Ondo,01/03/2024,2024,March,663.8461538
Ondo,01/04/2024,2024,April,671.25
Osun,01/01/2016,2016,January,100.5
Osun,01/02/2016,2016,February,89.7
Osun,01/03/2016,2016,March,109.8
Osun,01/04/2016,2016,April,193.9
Osun,01/05/2016,2016,May,145.3
Osun,01/06/2016,2016,June,145
Osun,01/07/2016,2016,July,143.7
Osun,01/08/2016,2016,August,144.6
Osun,01/09/2016,2016,September,143.4
Osun,01/10/2016,2016,October,144.3
Osun,01/11/2016,2016,November,144.6
Osun,01/12/2016,2016,December,144.4
Osun,01/01/2017,2017,January,156.1
Osun,01/02/2017,2017,February,144.7333333
Osun,01/03/2017,2017,March,144.9736842
Osun,01/04/2017,2017,April,145
Osun,01/05/2017,2017,May,145
Osun,01/06/2017,2017,June,145
Osun,01/07/2017,2017,July,145
Osun,01/08/2017,2017,August,145
Osun,01/09/2017,2017,September,142.7857143
Osun,01/10/2017,2017,October,144.4705882
Osun,01/11/2017,2017,November,144.33
Osun,01/12/2017,2017,December,168
Osun,01/01/2018,2018,January,228.8888889
Osun,01/02/2018,2018,February,154.3333333
Osun,01/03/2018,2018,March,145.44
Osun,01/04/2018,2018,April,145.86
Osun,01/05/2018,2018,May,145
Osun,01/06/2018,2018,June,145.85
Osun,01/07/2018,2018,July,144.8
Osun,01/08/2018,2018,August,144.6666667
Osun,01/09/2018,2018,September,147.4285714
Osun,01/10/2018,2018,October,145
Osun,01/11/2018,2018,November,145.2307692
Osun,01/12/2018,2018,December,145
Osun,01/01/2019,2019,January,148.8333333
Osun,01/02/2019,2019,February,145.8888889
Osun,01/03/2019,2019,March,145
Osun,01/04/2019,2019,April,145
Osun,01/05/2019,2019,May,145.5263158
Osun,01/06/2019,2019,June,145
Osun,01/07/2019,2019,July,145
Osun,01/08/2019,2019,August,145
Osun,01/09/2019,2019,September,145
Osun,01/10/2019,2019,October,145
Osun,01/11/2019,2019,November,144.625
Osun,01/12/2019,2019,December,145
Osun,01/01/2020,2020,January,145
Osun,01/02/2020,2020,February,145.1111111
Osun,01/03/2020,2020,March,145
Osun,01/04/2020,2020,April,126.4285714
Osun,01/05/2020,2020,May,126.775
Osun,01/06/2020,2020,June,135.5
Osun,01/07/2020,2020,July,143.8663684
Osun,01/08/2020,2020,August,148.9633333
Osun,01/09/2020,2020,September,159.5714286
Osun,01/10/2020,2020,October,159.6923077
Osun,01/11/2020,2020,November,167.7272727
Osun,01/12/2020,2020,December,166.0714286
Osun,01/01/2021,2021,January,162.625
Osun,01/02/2021,2021,February,162.90625
Osun,01/03/2021,2021,March,169.0588235
Osun,01/04/2021,2021,April,164.03125
Osun,01/05/2021,2021,May,164.6666667
Osun,01/06/2021,2021,June,164.6
Osun,01/07/2021,2021,July,165.0714286
Osun,01/08/2021,2021,August,164.3571429
Osun,01/09/2021,2021,September,167.8
Osun,01/10/2021,2021,October,164.1
Osun,01/11/2021,2021,November,165.4615385
Osun,01/12/2021,2021,December,164.7333333
Osun,01/01/2022,2022,January,164.4615385
Osun,01/02/2022,2022,February,167.2727273
Osun,01/03/2022,2022,March,177.7272727
Osun,01/04/2022,2022,April,165.13
Osun,01/05/2022,2022,May,167.8571429
Osun,01/06/2022,2022,June,177
Osun,01/07/2022,2022,July,187.6470588
Osun,01/08/2022,2022,August,188.2142857
Osun,01/09/2022,2022,September,185.77
Osun,01/10/2022,2022,October,187
Osun,01/11/2022,2022,November,205.4545455
Osun,01/12/2022,2022,December,207.7777778
Osun,01/01/2023,2023,January,262.125
Osun,01/02/2023,2023,February,302.5
Osun,01/03/2023,2023,March,248
Osun,01/04/2023,2023,April,231.6666667
Osun,01/05/2023,2023,May,226.1818182
Osun,01/06/2023,2023,June,540.1333333
Osun,01/07/2023,2023,July,610.4545455
Osun,01/08/2023,2023,August,636
Osun,01/09/2023,2023,September,627.0769231
Osun,01/10/2023,2023,October,649.2307692
Osun,01/11/2023,2023,November,644.1666667
Osun,01/12/2023,2023,December,641.5384615
Osun,01/01/2024,2024,January,658.7719298
Osun,01/02/2024,2024,February,664.5454545
Osun,01/03/2024,2024,March,672.1428571
Osun,01/04/2024,2024,April,691
Oyo,01/01/2016,2016,January,91.5
Oyo,01/02/2016,2016,February,87.2
Oyo,01/03/2016,2016,March,111.2
Oyo,01/04/2016,2016,April,113.7
Oyo,01/05/2016,2016,May,145.2
Oyo,01/06/2016,2016,June,144.9
Oyo,01/07/2016,2016,July,144.1
Oyo,01/08/2016,2016,August,144.5
Oyo,01/09/2016,2016,September,144.7
Oyo,01/10/2016,2016,October,145.3
Oyo,01/11/2016,2016,November,144.4
Oyo,01/12/2016,2016,December,143.9
Oyo,01/01/2017,2017,January,161
Oyo,01/02/2017,2017,February,145.1428571
Oyo,01/03/2017,2017,March,145.6944444
Oyo,01/04/2017,2017,April,145.25
Oyo,01/05/2017,2017,May,145.3333333
Oyo,01/06/2017,2017,June,145.5
Oyo,01/07/2017,2017,July,146.0714286
Oyo,01/08/2017,2017,August,143.1875
Oyo,01/09/2017,2017,September,143.26875
Oyo,01/10/2017,2017,October,144.3125
Oyo,01/11/2017,2017,November,145.13
Oyo,01/12/2017,2017,December,167.5
Oyo,01/01/2018,2018,January,199.1666667
Oyo,01/02/2018,2018,February,165
Oyo,01/03/2018,2018,March,149.12
Oyo,01/04/2018,2018,April,145.11
Oyo,01/05/2018,2018,May,145
Oyo,01/06/2018,2018,June,144.3
Oyo,01/07/2018,2018,July,144.7222222
Oyo,01/08/2018,2018,August,144.2777778
Oyo,01/09/2018,2018,September,145.7916667
Oyo,01/10/2018,2018,October,144.5
Oyo,01/11/2018,2018,November,144.8947368
Oyo,01/12/2018,2018,December,145.5555556
Oyo,01/01/2019,2019,January,150.5
Oyo,01/02/2019,2019,February,146.5
Oyo,01/03/2019,2019,March,145
Oyo,01/04/2019,2019,April,145.25
Oyo,01/05/2019,2019,May,144.65
Oyo,01/06/2019,2019,June,145.5263158
Oyo,01/07/2019,2019,July,144.45
Oyo,01/08/2019,2019,August,145.88
Oyo,01/09/2019,2019,September,144.7647059
Oyo,01/10/2019,2019,October,145.2083333
Oyo,01/11/2019,2019,November,144.375
Oyo,01/12/2019,2019,December,145.625
Oyo,01/01/2020,2020,January,145.26
Oyo,01/02/2020,2020,February,145.0769231
Oyo,01/03/2020,2020,March,145
Oyo,01/04/2020,2020,April,125
Oyo,01/05/2020,2020,May,126.25
Oyo,01/06/2020,2020,June,124.3888889
Oyo,01/07/2020,2020,July,143.5
Oyo,01/08/2020,2020,August,148.9288889
Oyo,01/09/2020,2020,September,160.1176471
Oyo,01/10/2020,2020,October,159.8
Oyo,01/11/2020,2020,November,166.2857143
Oyo,01/12/2020,2020,December,165.1176471
Oyo,01/01/2021,2021,January,163.1764706
Oyo,01/02/2021,2021,February,166.9
Oyo,01/03/2021,2021,March,167.2105263
Oyo,01/04/2021,2021,April,165.5
Oyo,01/05/2021,2021,May,166.6111111
Oyo,01/06/2021,2021,June,164.8823529
Oyo,01/07/2021,2021,July,165.2352941
Oyo,01/08/2021,2021,August,165.0588235
Oyo,01/09/2021,2021,September,164.5
Oyo,01/10/2021,2021,October,164.0666667
Oyo,01/11/2021,2021,November,165.85
Oyo,01/12/2021,2021,December,165.5
Oyo,01/01/2022,2022,January,165.7333333
Oyo,01/02/2022,2022,February,167.5882353
Oyo,01/03/2022,2022,March,173.2352941
Oyo,01/04/2022,2022,April,165
Oyo,01/05/2022,2022,May,170.8823529
Oyo,01/06/2022,2022,June,179.3888889
Oyo,01/07/2022,2022,July,195.4166667
Oyo,01/08/2022,2022,August,182.4444444
Oyo,01/09/2022,2022,September,187.89
Oyo,01/10/2022,2022,October,190.7222222
Oyo,01/11/2022,2022,November,207.3333333
Oyo,01/12/2022,2022,December,210.4166667
Oyo,01/01/2023,2023,January,252.2916667
Oyo,01/02/2023,2023,February,311.4285714
Oyo,01/03/2023,2023,March,225.3333333
Oyo,01/04/2023,2023,April,217.0588235
Oyo,01/05/2023,2023,May,215.3846154
Oyo,01/06/2023,2023,June,537.4285714
Oyo,01/07/2023,2023,July,619.8181818
Oyo,01/08/2023,2023,August,621.8
Oyo,01/09/2023,2023,September,618.5
Oyo,01/10/2023,2023,October,592.1875
Oyo,01/11/2023,2023,November,628.3571429
Oyo,01/12/2023,2023,December,626.5625
Oyo,01/01/2024,2024,January,662.5328947
Oyo,01/02/2024,2024,February,652.3529412
Oyo,01/03/2024,2024,March,645.8823529
Oyo,01/04/2024,2024,April,660.3333333
Plateau,01/01/2016,2016,January,147.5
Plateau,01/02/2016,2016,February,93.1
Plateau,01/03/2016,2016,March,123.5
Plateau,01/04/2016,2016,April,133.4
Plateau,01/05/2016,2016,May,145
Plateau,01/06/2016,2016,June,148.8
Plateau,01/07/2016,2016,July,145
Plateau,01/08/2016,2016,August,144.4
Plateau,01/09/2016,2016,September,146.4
Plateau,01/10/2016,2016,October,144.5
Plateau,01/11/2016,2016,November,145
Plateau,01/12/2016,2016,December,145
Plateau,01/01/2017,2017,January,146.1
Plateau,01/02/2017,2017,February,147.8571429
Plateau,01/03/2017,2017,March,149.6
Plateau,01/04/2017,2017,April,146.5
Plateau,01/05/2017,2017,May,145.5555556
Plateau,01/06/2017,2017,June,148.5
Plateau,01/07/2017,2017,July,145.7777778
Plateau,01/08/2017,2017,August,146.4
Plateau,01/09/2017,2017,September,145.2857143
Plateau,01/10/2017,2017,October,145.1111111
Plateau,01/11/2017,2017,November,143.6
Plateau,01/12/2017,2017,December,170
Plateau,01/01/2018,2018,January,214.2307692
Plateau,01/02/2018,2018,February,174.5555556
Plateau,01/03/2018,2018,March,157.86
Plateau,01/04/2018,2018,April,145
Plateau,01/05/2018,2018,May,145.75
Plateau,01/06/2018,2018,June,146.6666667
Plateau,01/07/2018,2018,July,145
Plateau,01/08/2018,2018,August,145
Plateau,01/09/2018,2018,September,145.6625
Plateau,01/10/2018,2018,October,145
Plateau,01/11/2018,2018,November,146.6666667
Plateau,01/12/2018,2018,December,145
Plateau,01/01/2019,2019,January,146.4166667
Plateau,01/02/2019,2019,February,146.55
Plateau,01/03/2019,2019,March,144.43
Plateau,01/04/2019,2019,April,145.4285714
Plateau,01/05/2019,2019,May,145.7142857
Plateau,01/06/2019,2019,June,144.7777778
Plateau,01/07/2019,2019,July,145
Plateau,01/08/2019,2019,August,146
Plateau,01/09/2019,2019,September,146
Plateau,01/10/2019,2019,October,146
Plateau,01/11/2019,2019,November,145.7142857
Plateau,01/12/2019,2019,December,145.4285714
Plateau,01/01/2020,2020,January,145.63
Plateau,01/02/2020,2020,February,145.7777778
Plateau,01/03/2020,2020,March,145.7142857
Plateau,01/04/2020,2020,April,134.2857143
Plateau,01/05/2020,2020,May,132.4444444
Plateau,01/06/2020,2020,June,132.5714286
Plateau,01/07/2020,2020,July,143.5833333
Plateau,01/08/2020,2020,August,150.375
Plateau,01/09/2020,2020,September,159.4285714
Plateau,01/10/2020,2020,October,162.6
Plateau,01/11/2020,2020,November,165.6666667
Plateau,01/12/2020,2020,December,167.6
Plateau,01/01/2021,2021,January,163.5714286
Plateau,01/02/2021,2021,February,173
Plateau,01/03/2021,2021,March,182.5
Plateau,01/04/2021,2021,April,178.1428571
Plateau,01/05/2021,2021,May,176.5714286
Plateau,01/06/2021,2021,June,170.4
Plateau,01/07/2021,2021,July,170.4
Plateau,01/08/2021,2021,August,165.3333333
Plateau,01/09/2021,2021,September,163.024
Plateau,01/10/2021,2021,October,172.4285714
Plateau,01/11/2021,2021,November,170.6666667
Plateau,01/12/2021,2021,December,164
Plateau,01/01/2022,2022,January,165
Plateau,01/02/2022,2022,February,173.5
Plateau,01/03/2022,2022,March,173.5
Plateau,01/04/2022,2022,April,165.55
Plateau,01/05/2022,2022,May,167.5
Plateau,01/06/2022,2022,June,167
Plateau,01/07/2022,2022,July,182.7272727
Plateau,01/08/2022,2022,August,182.5
Plateau,01/09/2022,2022,September,188.4
Plateau,01/10/2022,2022,October,196.9
Plateau,01/11/2022,2022,November,196.1428571
Plateau,01/12/2022,2022,December,208.4
Plateau,01/01/2023,2023,January,192.1428571
Plateau,01/02/2023,2023,February,198.7142857
Plateau,01/03/2023,2023,March,196.7857143
Plateau,01/04/2023,2023,April,210
Plateau,01/05/2023,2023,May,203.3333333
Plateau,01/06/2023,2023,June,543
Plateau,01/07/2023,2023,July,537
Plateau,01/08/2023,2023,August,623.8333333
Plateau,01/09/2023,2023,September,623.8633333
Plateau,01/10/2023,2023,October,627.5714286
Plateau,01/11/2023,2023,November,644.5
Plateau,01/12/2023,2023,December,649.25
Plateau,01/01/2024,2024,January,670
Plateau,01/02/2024,2024,February,686.1666667
Plateau,01/03/2024,2024,March,662.2687531
Plateau,01/04/2024,2024,April,685.2857143
Rivers,01/01/2016,2016,January,102.5
Rivers,01/02/2016,2016,February,106.7
Rivers,01/03/2016,2016,March,133.7
Rivers,01/04/2016,2016,April,174.3
Rivers,01/05/2016,2016,May,150
Rivers,01/06/2016,2016,June,148.5
Rivers,01/07/2016,2016,July,151.5
Rivers,01/08/2016,2016,August,147.7
Rivers,01/09/2016,2016,September,147.3
Rivers,01/10/2016,2016,October,146.9
Rivers,01/11/2016,2016,November,147
Rivers,01/12/2016,2016,December,145.1
Rivers,01/01/2017,2017,January,145
Rivers,01/02/2017,2017,February,151.0714286
Rivers,01/03/2017,2017,March,151.3333333
Rivers,01/04/2017,2017,April,149.6428571
Rivers,01/05/2017,2017,May,157.3684211
Rivers,01/06/2017,2017,June,145.625
Rivers,01/07/2017,2017,July,145.95
Rivers,01/08/2017,2017,August,145.8421053
Rivers,01/09/2017,2017,September,145.5555556
Rivers,01/10/2017,2017,October,145.35
Rivers,01/11/2017,2017,November,147
Rivers,01/12/2017,2017,December,160
Rivers,01/01/2018,2018,January,197.5
Rivers,01/02/2018,2018,February,194.75
Rivers,01/03/2018,2018,March,165.94
Rivers,01/04/2018,2018,April,155.94
Rivers,01/05/2018,2018,May,150.91
Rivers,01/06/2018,2018,June,148.5789474
Rivers,01/07/2018,2018,July,145.2631579
Rivers,01/08/2018,2018,August,145
Rivers,01/09/2018,2018,September,145
Rivers,01/10/2018,2018,October,145
Rivers,01/11/2018,2018,November,145
Rivers,01/12/2018,2018,December,145
Rivers,01/01/2019,2019,January,145.3529412
Rivers,01/02/2019,2019,February,144.7058824
Rivers,01/03/2019,2019,March,145.38
Rivers,01/04/2019,2019,April,145.5555556
Rivers,01/05/2019,2019,May,145.3125
Rivers,01/06/2019,2019,June,146.2307692
Rivers,01/07/2019,2019,July,145
Rivers,01/08/2019,2019,August,145
Rivers,01/09/2019,2019,September,145.1666667
Rivers,01/10/2019,2019,October,145.2631579
Rivers,01/11/2019,2019,November,145
Rivers,01/12/2019,2019,December,144.7894737
Rivers,01/01/2020,2020,January,144.78
Rivers,01/02/2020,2020,February,145
Rivers,01/03/2020,2020,March,145.1176471
Rivers,01/04/2020,2020,April,127.3529412
Rivers,01/05/2020,2020,May,125
Rivers,01/06/2020,2020,June,125
Rivers,01/07/2020,2020,July,143.7571429
Rivers,01/08/2020,2020,August,148.5882353
Rivers,01/09/2020,2020,September,160.0555556
Rivers,01/10/2020,2020,October,160.625
Rivers,01/11/2020,2020,November,168.2222222
Rivers,01/12/2020,2020,December,166.5811765
Rivers,01/01/2021,2021,January,164.8333333
Rivers,01/02/2021,2021,February,166.5263158
Rivers,01/03/2021,2021,March,178.5088235
Rivers,01/04/2021,2021,April,165.9375
Rivers,01/05/2021,2021,May,176.5294118
Rivers,01/06/2021,2021,June,166.1176471
Rivers,01/07/2021,2021,July,166.6666667
Rivers,01/08/2021,2021,August,163.4117647
Rivers,01/09/2021,2021,September,165.06
Rivers,01/10/2021,2021,October,162.9333333
Rivers,01/11/2021,2021,November,165.95
Rivers,01/12/2021,2021,December,165.3333333
Rivers,01/01/2022,2022,January,164.2941176
Rivers,01/02/2022,2022,February,166.7058824
Rivers,01/03/2022,2022,March,210.3157895
Rivers,01/04/2022,2022,April,169.2
Rivers,01/05/2022,2022,May,174.1904762
Rivers,01/06/2022,2022,June,168.6111111
Rivers,01/07/2022,2022,July,186.7647059
Rivers,01/08/2022,2022,August,180
Rivers,01/09/2022,2022,September,188.31
Rivers,01/10/2022,2022,October,199.4666667
Rivers,01/11/2022,2022,November,200
Rivers,01/12/2022,2022,December,204.6666667
Rivers,01/01/2023,2023,January,327.1428571
Rivers,01/02/2023,2023,February,323.3333333
Rivers,01/03/2023,2023,March,290.8888889
Rivers,01/04/2023,2023,April,282.2222222
Rivers,01/05/2023,2023,May,250.4166667
Rivers,01/06/2023,2023,June,537.6363636
Rivers,01/07/2023,2023,July,607.6666667
Rivers,01/08/2023,2023,August,596.8
Rivers,01/09/2023,2023,September,602.5454545
Rivers,01/10/2023,2023,October,628.2727273
Rivers,01/11/2023,2023,November,663.8888889
Rivers,01/12/2023,2023,December,676.6666667
Rivers,01/01/2024,2024,January,674.5454545
Rivers,01/02/2024,2024,February,680
Rivers,01/03/2024,2024,March,710.9090909
Rivers,01/04/2024,2024,April,696
Sokoto,01/01/2016,2016,January,110.5
Sokoto,01/02/2016,2016,February,111.8
Sokoto,01/03/2016,2016,March,160
Sokoto,01/04/2016,2016,April,168.3
Sokoto,01/05/2016,2016,May,147.1
Sokoto,01/06/2016,2016,June,145
Sokoto,01/07/2016,2016,July,145
Sokoto,01/08/2016,2016,August,151.9
Sokoto,01/09/2016,2016,September,145
Sokoto,01/10/2016,2016,October,145
Sokoto,01/11/2016,2016,November,145
Sokoto,01/12/2016,2016,December,146.4
Sokoto,01/01/2017,2017,January,155
Sokoto,01/02/2017,2017,February,162.1428571
Sokoto,01/03/2017,2017,March,152.8571429
Sokoto,01/04/2017,2017,April,150
Sokoto,01/05/2017,2017,May,157.8571429
Sokoto,01/06/2017,2017,June,150.7142857
Sokoto,01/07/2017,2017,July,145
Sokoto,01/08/2017,2017,August,145.2857143
Sokoto,01/09/2017,2017,September,143.5714286
Sokoto,01/10/2017,2017,October,146
Sokoto,01/11/2017,2017,November,145.88
Sokoto,01/12/2017,2017,December,168
Sokoto,01/01/2018,2018,January,205.8333333
Sokoto,01/02/2018,2018,February,180.3333333
Sokoto,01/03/2018,2018,March,162.86
Sokoto,01/04/2018,2018,April,158.33
Sokoto,01/05/2018,2018,May,158.57
Sokoto,01/06/2018,2018,June,154.2
Sokoto,01/07/2018,2018,July,145
Sokoto,01/08/2018,2018,August,145
Sokoto,01/09/2018,2018,September,145
Sokoto,01/10/2018,2018,October,144.2
Sokoto,01/11/2018,2018,November,144.2
Sokoto,01/12/2018,2018,December,144.4285714
Sokoto,01/01/2019,2019,January,145.1428571
Sokoto,01/02/2019,2019,February,145.4285714
Sokoto,01/03/2019,2019,March,145.83
Sokoto,01/04/2019,2019,April,145.7142857
Sokoto,01/05/2019,2019,May,145.7142857
Sokoto,01/06/2019,2019,June,145.7142857
Sokoto,01/07/2019,2019,July,145.7142857
Sokoto,01/08/2019,2019,August,145.71
Sokoto,01/09/2019,2019,September,146.25
Sokoto,01/10/2019,2019,October,145.7142857
Sokoto,01/11/2019,2019,November,145.2
Sokoto,01/12/2019,2019,December,144.2857143
Sokoto,01/01/2020,2020,January,145
Sokoto,01/02/2020,2020,February,145.625
Sokoto,01/03/2020,2020,March,145.8571429
Sokoto,01/04/2020,2020,April,138.5714286
Sokoto,01/05/2020,2020,May,137.7647059
Sokoto,01/06/2020,2020,June,126
Sokoto,01/07/2020,2020,July,144.15625
Sokoto,01/08/2020,2020,August,145
Sokoto,01/09/2020,2020,September,159
Sokoto,01/10/2020,2020,October,158.5714286
Sokoto,01/11/2020,2020,November,165
Sokoto,01/12/2020,2020,December,165
Sokoto,01/01/2021,2021,January,165.4
Sokoto,01/02/2021,2021,February,165
Sokoto,01/03/2021,2021,March,171.4285714
Sokoto,01/04/2021,2021,April,164.25
Sokoto,01/05/2021,2021,May,165.7142857
Sokoto,01/06/2021,2021,June,163.125
Sokoto,01/07/2021,2021,July,165
Sokoto,01/08/2021,2021,August,165.625
Sokoto,01/09/2021,2021,September,162.2
Sokoto,01/10/2021,2021,October,166
Sokoto,01/11/2021,2021,November,165
Sokoto,01/12/2021,2021,December,165
Sokoto,01/01/2022,2022,January,165
Sokoto,01/02/2022,2022,February,170.4545455
Sokoto,01/03/2022,2022,March,180
Sokoto,01/04/2022,2022,April,167.14
Sokoto,01/05/2022,2022,May,168.55
Sokoto,01/06/2022,2022,June,195.5454545
Sokoto,01/07/2022,2022,July,184.1764706
Sokoto,01/08/2022,2022,August,185.7142857
Sokoto,01/09/2022,2022,September,187.67
Sokoto,01/10/2022,2022,October,185
Sokoto,01/11/2022,2022,November,192.5
Sokoto,01/12/2022,2022,December,200.8571429
Sokoto,01/01/2023,2023,January,191.4285714
Sokoto,01/02/2023,2023,February,200
Sokoto,01/03/2023,2023,March,208.5714286
Sokoto,01/04/2023,2023,April,195
Sokoto,01/05/2023,2023,May,203.6666667
Sokoto,01/06/2023,2023,June,540
Sokoto,01/07/2023,2023,July,621.1428571
Sokoto,01/08/2023,2023,August,631.4285714
Sokoto,01/09/2023,2023,September,628.2857143
Sokoto,01/10/2023,2023,October,638.3333333
Sokoto,01/11/2023,2023,November,641.4285714
Sokoto,01/12/2023,2023,December,678.5714286
Sokoto,01/01/2024,2024,January,664.8
Sokoto,01/02/2024,2024,February,681.4285714
Sokoto,01/03/2024,2024,March,715
Sokoto,01/04/2024,2024,April,713.3333333
Taraba,01/01/2016,2016,January,120.7
Taraba,01/02/2016,2016,February,111.7
Taraba,01/03/2016,2016,March,153.3
Taraba,01/04/2016,2016,April,117.1
Taraba,01/05/2016,2016,May,161.1
Taraba,01/06/2016,2016,June,160
Taraba,01/07/2016,2016,July,162.8
Taraba,01/08/2016,2016,August,143.3
Taraba,01/09/2016,2016,September,146.5
Taraba,01/10/2016,2016,October,145.7
Taraba,01/11/2016,2016,November,150.8
Taraba,01/12/2016,2016,December,150
Taraba,01/01/2017,2017,January,146.9
Taraba,01/02/2017,2017,February,161.6666667
Taraba,01/03/2017,2017,March,148.04
Taraba,01/04/2017,2017,April,158.6363636
Taraba,01/05/2017,2017,May,162
Taraba,01/06/2017,2017,June,156.25
Taraba,01/07/2017,2017,July,157.67
Taraba,01/08/2017,2017,August,145
Taraba,01/09/2017,2017,September,146.1111111
Taraba,01/10/2017,2017,October,145
Taraba,01/11/2017,2017,November,146.66
Taraba,01/12/2017,2017,December,166.1111111
Taraba,01/01/2018,2018,January,164.4444444
Taraba,01/02/2018,2018,February,201.2857143
Taraba,01/03/2018,2018,March,184.38
Taraba,01/04/2018,2018,April,156
Taraba,01/05/2018,2018,May,153.89
Taraba,01/06/2018,2018,June,150.875
Taraba,01/07/2018,2018,July,151.8181818
Taraba,01/08/2018,2018,August,150.2857143
Taraba,01/09/2018,2018,September,152.8571429
Taraba,01/10/2018,2018,October,153
Taraba,01/11/2018,2018,November,155.4572066
Taraba,01/12/2018,2018,December,150.2727273
Taraba,01/01/2019,2019,January,150
Taraba,01/02/2019,2019,February,150.55
Taraba,01/03/2019,2019,March,147
Taraba,01/04/2019,2019,April,147
Taraba,01/05/2019,2019,May,145.5555556
Taraba,01/06/2019,2019,June,146
Taraba,01/07/2019,2019,July,145.7
Taraba,01/08/2019,2019,August,145.18
Taraba,01/09/2019,2019,September,145.5
Taraba,01/10/2019,2019,October,145.5
Taraba,01/11/2019,2019,November,145.8571429
Taraba,01/12/2019,2019,December,143.125
Taraba,01/01/2020,2020,January,145.06
Taraba,01/02/2020,2020,February,145
Taraba,01/03/2020,2020,March,145.6666667
Taraba,01/04/2020,2020,April,140.4444444
Taraba,01/05/2020,2020,May,138
Taraba,01/06/2020,2020,June,135.5
Taraba,01/07/2020,2020,July,143.7
Taraba,01/08/2020,2020,August,153.6666667
Taraba,01/09/2020,2020,September,166.4285714
Taraba,01/10/2020,2020,October,162.8571429
Taraba,01/11/2020,2020,November,166.875
Taraba,01/12/2020,2020,December,165.25
Taraba,01/01/2021,2021,January,163.75
Taraba,01/02/2021,2021,February,163.2857143
Taraba,01/03/2021,2021,March,162.6666667
Taraba,01/04/2021,2021,April,164.7142857
Taraba,01/05/2021,2021,May,162.3333333
Taraba,01/06/2021,2021,June,157.3333333
Taraba,01/07/2021,2021,July,162.25
Taraba,01/08/2021,2021,August,165.5
Taraba,01/09/2021,2021,September,164.625
Taraba,01/10/2021,2021,October,165.85
Taraba,01/11/2021,2021,November,165
Taraba,01/12/2021,2021,December,166.3333333
Taraba,01/01/2022,2022,January,163.5
Taraba,01/02/2022,2022,February,175.6
Taraba,01/03/2022,2022,March,184.5555556
Taraba,01/04/2022,2022,April,173.75
Taraba,01/05/2022,2022,May,178.3636364
Taraba,01/06/2022,2022,June,169.3333333
Taraba,01/07/2022,2022,July,189.3333333
Taraba,01/08/2022,2022,August,178.5
Taraba,01/09/2022,2022,September,186.07
Taraba,01/10/2022,2022,October,185.4166667
Taraba,01/11/2022,2022,November,211.5
Taraba,01/12/2022,2022,December,212
Taraba,01/01/2023,2023,January,258.8888889
Taraba,01/02/2023,2023,February,258.8888889
Taraba,01/03/2023,2023,March,330
Taraba,01/04/2023,2023,April,320
Taraba,01/05/2023,2023,May,295
Taraba,01/06/2023,2023,June,562.8571429
Taraba,01/07/2023,2023,July,610
Taraba,01/08/2023,2023,August,680
Taraba,01/09/2023,2023,September,665.5555556
Taraba,01/10/2023,2023,October,639
Taraba,01/11/2023,2023,November,618
Taraba,01/12/2023,2023,December,760
Taraba,01/01/2024,2024,January,704.1111111
Taraba,01/02/2024,2024,February,710.56
Taraba,01/03/2024,2024,March,761.9186346
Taraba,01/04/2024,2024,April,751.8888889
Yobe,01/01/2016,2016,January,96.8
Yobe,01/02/2016,2016,February,122.9
Yobe,01/03/2016,2016,March,145.5
Yobe,01/04/2016,2016,April,183.8
Yobe,01/05/2016,2016,May,164.2
Yobe,01/06/2016,2016,June,152.3
Yobe,01/07/2016,2016,July,145
Yobe,01/08/2016,2016,August,148.3
Yobe,01/09/2016,2016,September,151.7
Yobe,01/10/2016,2016,October,150
Yobe,01/11/2016,2016,November,162
Yobe,01/12/2016,2016,December,148.8
Yobe,01/01/2017,2017,January,147
Yobe,01/02/2017,2017,February,177
Yobe,01/03/2017,2017,March,161.6666667
Yobe,01/04/2017,2017,April,158.3333333
Yobe,01/05/2017,2017,May,156.4285714
Yobe,01/06/2017,2017,June,168
Yobe,01/07/2017,2017,July,170
Yobe,01/08/2017,2017,August,145.25
Yobe,01/09/2017,2017,September,149.6666667
Yobe,01/10/2017,2017,October,152.5
Yobe,01/11/2017,2017,November,145.75
Yobe,01/12/2017,2017,December,166
Yobe,01/01/2018,2018,January,171
Yobe,01/02/2018,2018,February,196.1111111
Yobe,01/03/2018,2018,March,166.67
Yobe,01/04/2018,2018,April,154.17
Yobe,01/05/2018,2018,May,153.33
Yobe,01/06/2018,2018,June,146.25
Yobe,01/07/2018,2018,July,148.75
Yobe,01/08/2018,2018,August,146.25
Yobe,01/09/2018,2018,September,146.25
Yobe,01/10/2018,2018,October,146.25
Yobe,01/11/2018,2018,November,150.7692308
Yobe,01/12/2018,2018,December,143.3333333
Yobe,01/01/2019,2019,January,145.7272727
Yobe,01/02/2019,2019,February,145.0769231
Yobe,01/03/2019,2019,March,147.55
Yobe,01/04/2019,2019,April,147.8181818
Yobe,01/05/2019,2019,May,145.6363636
Yobe,01/06/2019,2019,June,146
Yobe,01/07/2019,2019,July,144.3636364
Yobe,01/08/2019,2019,August,145
Yobe,01/09/2019,2019,September,146
Yobe,01/10/2019,2019,October,146.2
Yobe,01/11/2019,2019,November,145.25
Yobe,01/12/2019,2019,December,145.8571429
Yobe,01/01/2020,2020,January,145.43
Yobe,01/02/2020,2020,February,145.2083333
Yobe,01/03/2020,2020,March,145.75
Yobe,01/04/2020,2020,April,137.5
Yobe,01/05/2020,2020,May,134
Yobe,01/06/2020,2020,June,135
Yobe,01/07/2020,2020,July,143.0888889
Yobe,01/08/2020,2020,August,148.6363636
Yobe,01/09/2020,2020,September,168.8333333
Yobe,01/10/2020,2020,October,163.5833333
Yobe,01/11/2020,2020,November,166.2222222
Yobe,01/12/2020,2020,December,165.75
Yobe,01/01/2021,2021,January,163.1428571
Yobe,01/02/2021,2021,February,164.2727273
Yobe,01/03/2021,2021,March,169.5
Yobe,01/04/2021,2021,April,157.3333333
Yobe,01/05/2021,2021,May,163.5
Yobe,01/06/2021,2021,June,161.25
Yobe,01/07/2021,2021,July,163.8571429
Yobe,01/08/2021,2021,August,165.8333333
Yobe,01/09/2021,2021,September,163.6666667
Yobe,01/10/2021,2021,October,159.8571429
Yobe,01/11/2021,2021,November,166
Yobe,01/12/2021,2021,December,164.75
Yobe,01/01/2022,2022,January,165.8333333
Yobe,01/02/2022,2022,February,174.3333333
Yobe,01/03/2022,2022,March,184.6666667
Yobe,01/04/2022,2022,April,176.43
Yobe,01/05/2022,2022,May,165.3571429
Yobe,01/06/2022,2022,June,180.3333333
Yobe,01/07/2022,2022,July,183.2
Yobe,01/08/2022,2022,August,179.2857143
Yobe,01/09/2022,2022,September,184.65
Yobe,01/10/2022,2022,October,187.75
Yobe,01/11/2022,2022,November,206.25
Yobe,01/12/2022,2022,December,210
Yobe,01/01/2023,2023,January,215.2857143
Yobe,01/02/2023,2023,February,250
Yobe,01/03/2023,2023,March,202.5
Yobe,01/04/2023,2023,April,210
Yobe,01/05/2023,2023,May,216.3636364
Yobe,01/06/2023,2023,June,562.3076923
Yobe,01/07/2023,2023,July,624.2857143
Yobe,01/08/2023,2023,August,628.8888889
Yobe,01/09/2023,2023,September,629.2307692
Yobe,01/10/2023,2023,October,644.6153846
Yobe,01/11/2023,2023,November,639.2727273
Yobe,01/12/2023,2023,December,692.1818182
Yobe,01/01/2024,2024,January,675.5454545
Yobe,01/02/2024,2024,February,688.2
Yobe,01/03/2024,2024,March,749.0886286
Yobe,01/04/2024,2024,April,735
Zamfara,01/01/2016,2016,January,91.6
Zamfara,01/02/2016,2016,February,90
Zamfara,01/03/2016,2016,March,143.2
Zamfara,01/04/2016,2016,April,114.5
Zamfara,01/05/2016,2016,May,145
Zamfara,01/06/2016,2016,June,144.5
Zamfara,01/07/2016,2016,July,145
Zamfara,01/08/2016,2016,August,144.7
Zamfara,01/09/2016,2016,September,145.3
Zamfara,01/10/2016,2016,October,145.5
Zamfara,01/11/2016,2016,November,145.5
Zamfara,01/12/2016,2016,December,145.3
Zamfara,01/01/2017,2017,January,145.7
Zamfara,01/02/2017,2017,February,146.4347826
Zamfara,01/03/2017,2017,March,147
Zamfara,01/04/2017,2017,April,145.2941176
Zamfara,01/05/2017,2017,May,146.7647059
Zamfara,01/06/2017,2017,June,146.2857143
Zamfara,01/07/2017,2017,July,145.87
Zamfara,01/08/2017,2017,August,145.3684211
Zamfara,01/09/2017,2017,September,144.2380952
Zamfara,01/10/2017,2017,October,144.9444444
Zamfara,01/11/2017,2017,November,144.7
Zamfara,01/12/2017,2017,December,170
Zamfara,01/01/2018,2018,January,159.1176471
Zamfara,01/02/2018,2018,February,155
Zamfara,01/03/2018,2018,March,152.35
Zamfara,01/04/2018,2018,April,158.14
Zamfara,01/05/2018,2018,May,154.12
Zamfara,01/06/2018,2018,June,147.7222222
Zamfara,01/07/2018,2018,July,147.7222222
Zamfara,01/08/2018,2018,August,148.1363636
Zamfara,01/09/2018,2018,September,147.1
Zamfara,01/10/2018,2018,October,147.7222222
Zamfara,01/11/2018,2018,November,147.7222222
Zamfara,01/12/2018,2018,December,146.625
Zamfara,01/01/2019,2019,January,144.5625
Zamfara,01/02/2019,2019,February,145.5
Zamfara,01/03/2019,2019,March,144.39
Zamfara,01/04/2019,2019,April,144.4285714
Zamfara,01/05/2019,2019,May,144.4285714
Zamfara,01/06/2019,2019,June,144.4285714
Zamfara,01/07/2019,2019,July,144.4285714
Zamfara,01/08/2019,2019,August,144.33
Zamfara,01/09/2019,2019,September,144.9411765
Zamfara,01/10/2019,2019,October,144.3333333
Zamfara,01/11/2019,2019,November,145.7222222
Zamfara,01/12/2019,2019,December,144.5625
Zamfara,01/01/2020,2020,January,144.85
Zamfara,01/02/2020,2020,February,145.4761905
Zamfara,01/03/2020,2020,March,145.3529412
Zamfara,01/04/2020,2020,April,134.8823529
Zamfara,01/05/2020,2020,May,130.6428571
Zamfara,01/06/2020,2020,June,131.0333333
Zamfara,01/07/2020,2020,July,143.4615385
Zamfara,01/08/2020,2020,August,147.9
Zamfara,01/09/2020,2020,September,157.9
Zamfara,01/10/2020,2020,October,159.5454545
Zamfara,01/11/2020,2020,November,161.7333333
Zamfara,01/12/2020,2020,December,162.6111111
Zamfara,01/01/2021,2021,January,165
Zamfara,01/02/2021,2021,February,165
Zamfara,01/03/2021,2021,March,164.7692308
Zamfara,01/04/2021,2021,April,162.3076923
Zamfara,01/05/2021,2021,May,162.3076923
Zamfara,01/06/2021,2021,June,162.7222222
Zamfara,01/07/2021,2021,July,165.8888889
Zamfara,01/08/2021,2021,August,165
Zamfara,01/09/2021,2021,September,164.4615385
Zamfara,01/10/2021,2021,October,164.3333333
Zamfara,01/11/2021,2021,November,165.5
Zamfara,01/12/2021,2021,December,162.5
Zamfara,01/01/2022,2022,January,164.4117647
Zamfara,01/02/2022,2022,February,165.5333333
Zamfara,01/03/2022,2022,March,167.6923077
Zamfara,01/04/2022,2022,April,165.36
Zamfara,01/05/2022,2022,May,167
Zamfara,01/06/2022,2022,June,180.7272727
Zamfara,01/07/2022,2022,July,180.7272727
Zamfara,01/08/2022,2022,August,195
Zamfara,01/09/2022,2022,September,187.07
Zamfara,01/10/2022,2022,October,191.3076923
Zamfara,01/11/2022,2022,November,194.3636364
Zamfara,01/12/2022,2022,December,202.3571429
Zamfara,01/01/2023,2023,January,235.4285714
Zamfara,01/02/2023,2023,February,252.0833333
Zamfara,01/03/2023,2023,March,303.1818182
Zamfara,01/04/2023,2023,April,267.7272727
Zamfara,01/05/2023,2023,May,243.2727273
Zamfara,01/06/2023,2023,June,549.0909091
Zamfara,01/07/2023,2023,July,620
Zamfara,01/08/2023,2023,August,622.7272727
Zamfara,01/09/2023,2023,September,621.5714286
Zamfara,01/10/2023,2023,October,659.375
Zamfara,01/11/2023,2023,November,648
Zamfara,01/12/2023,2023,December,688.4615385
Zamfara,01/01/2024,2024,January,771.4285714
Zamfara,01/02/2024,2024,February,750.43
Zamfara,01/03/2024,2024,March,704.0909091
Zamfara,01/04/2024,2024,April,754.2857143
,,,,
,,,,
,,,,
,,,,
,,,,
,,,,
,,,,
,,,,
,,,,
,,,,
,,,,
,,,,
,,,,
,,,,
,,,,
,,,,
,,,,
,,,,
,,,,
,,,,
,,,,
,,,,
,,,,
,,,,
,,,,
,,,,
,,,,
,,,,
,,,,
,,,,
,,,,
,,,,
,,,,
,,,,
,,,,
,,,,
,,,,
,,,,
,,,,
,,,,
,,,,
,,,,
,,,,
,,,,
,,,,
,,,,
,,,,
,,,,
,,,,
,,,,
,,,,
,,,,
,,,,
,,,,
,,,,
,,,,
,,,,
,,,,
,,,,
,,,,
,,,,
,,,,
,,,,
,,,,
,,,,
,,,,
,,,,
,,,,
,,,,
,,,,
,,,,
,,,,
,,,,
,,,,
,,,,
,,,,
,,,,
,,,,
,,,,
,,,,
,,,,
,,,,
,,,,
,,,,
,,,,
,,,,
,,,,
,,,,
,,,,
,,,,
,,,,
,,,,
,,,,
,,,,
,,,,
,,,,
,,,,
,,,,
,,,,
,,,,
